{"type":"FeatureCollection","features":[{"type":"Feature","geometry":{"type":"Point","coordinates":[32.618,46.656]},"properties":{"d":"2025-02-21","w":0,"t":"Battles","s":"Armed clash","c":"Ukraine","l":"Kherson","a":"Kherson","f":52}},{"type":"Feature","geometry":{"type":"Point","coordinates":[32.618,46.656]},"properties":{"d":"2025-02-21","w":0,"t":"Battles","s":"Armed clash","c":"Ukraine","l":"Kherson","a":"Kherson","f":38}},{"type":"Feature","geometry":{"type":"Point","coordinates":[6.919,11.956]},"properties":{"d":"2025-02-23","w":0,"t":"Battles","s":"Armed clash","c":"Nigeria","l":"Tsafe","a":"Zamfara","f":23}},{"type":"Feature","geometry":{"type":"Point","coordinates":[5.1,6.35]},"properties":{"d":"2025-02-21","w":0,"t":"Violence against civilians","s":"Attack","c":"Nigeria","l":"Gbelemotin","a":"Edo","f":22}},{"type":"Feature","geometry":{"type":"Point","coordinates":[25.356,13.626]},"properties":{"d":"2025-02-21","w":0,"t":"Battles","s":"Armed clash","c":"Sudan","l":"El Fasher","a":"North Darfur","f":20}},{"type":"Feature","geometry":{"type":"Point","coordinates":[37.057,48.022]},"properties":{"d":"2025-02-23","w":0,"t":"Battles","s":"Armed clash","c":"Ukraine","l":"Andriivka","a":"Donetsk","f":19}},{"type":"Feature","geometry":{"type":"Point","coordinates":[37.38,48.299]},"properties":{"d":"2025-02-23","w":0,"t":"Battles","s":"Armed clash","c":"Ukraine","l":"Myroliubivka","a":"Donetsk","f":18}},{"type":"Feature","geometry":{"type":"Point","coordinates":[37.318,48.269]},"properties":{"d":"2025-02-23","w":0,"t":"Battles","s":"Armed clash","c":"Ukraine","l":"Promin","a":"Donetsk","f":18}},{"type":"Feature","geometry":{"type":"Point","coordinates":[29.218,-1.657]},"properties":{"d":"2025-02-23","w":0,"t":"Violence against civilians","s":"Attack","c":"Democratic Republic of Congo","l":"Goma - Kasika","a":"Nord-Kivu","f":18}},{"type":"Feature","geometry":{"type":"Point","coordinates":[36.967,48.09]},"properties":{"d":"2025-02-23","w":0,"t":"Battles","s":"Armed clash","c":"Ukraine","l":"Bohdanivka","a":"Donetsk","f":17}},{"type":"Feature","geometry":{"type":"Point","coordinates":[37.05,48.255]},"properties":{"d":"2025-02-23","w":0,"t":"Battles","s":"Armed clash","c":"Ukraine","l":"Kotlyne","a":"Donetsk","f":17}},{"type":"Feature","geometry":{"type":"Point","coordinates":[37.145,48.265]},"properties":{"d":"2025-02-23","w":0,"t":"Battles","s":"Armed clash","c":"Ukraine","l":"Leontovychi","a":"Donetsk","f":17}},{"type":"Feature","geometry":{"type":"Point","coordinates":[36.936,48.24]},"properties":{"d":"2025-02-23","w":0,"t":"Battles","s":"Armed clash","c":"Ukraine","l":"Molodetske","a":"Donetsk","f":17}},{"type":"Feature","geometry":{"type":"Point","coordinates":[36.965,48.199]},"properties":{"d":"2025-02-23","w":0,"t":"Battles","s":"Armed clash","c":"Ukraine","l":"Novoserhiivka","a":"Donetsk","f":17}},{"type":"Feature","geometry":{"type":"Point","coordinates":[37.181,48.281]},"properties":{"d":"2025-02-23","w":0,"t":"Battles","s":"Armed clash","c":"Ukraine","l":"Pokrovsk","a":"Donetsk","f":17}},{"type":"Feature","geometry":{"type":"Point","coordinates":[37.085,47.997]},"properties":{"d":"2025-02-23","w":0,"t":"Battles","s":"Armed clash","c":"Ukraine","l":"Ulakly","a":"Donetsk","f":17}},{"type":"Feature","geometry":{"type":"Point","coordinates":[37.506,48.336]},"properties":{"d":"2025-02-23","w":0,"t":"Battles","s":"Armed clash","c":"Ukraine","l":"Vodiane Druhe","a":"Donetsk","f":17}},{"type":"Feature","geometry":{"type":"Point","coordinates":[32.672,15.502]},"properties":{"d":"2025-02-22","w":0,"t":"Battles","s":"Armed clash","c":"Sudan","l":"Soba Bridge","a":"Khartoum","f":17}},{"type":"Feature","geometry":{"type":"Point","coordinates":[29.212,-1.673]},"properties":{"d":"2025-02-22","w":0,"t":"Violence against civilians","s":"Sexual violence","c":"Democratic Republic of Congo","l":"Goma - Katindo","a":"Nord-Kivu","f":17}},{"type":"Feature","geometry":{"type":"Point","coordinates":[35.124,51.251]},"properties":{"d":"2025-02-22","w":0,"t":"Battles","s":"Armed clash","c":"Russia","l":"Sverdlikovo","a":"Kursk","f":15}},{"type":"Feature","geometry":{"type":"Point","coordinates":[32.529,15.363]},"properties":{"d":"2025-02-21","w":0,"t":"Violence against civilians","s":"Attack","c":"Sudan","l":"Tayba Al Hasanab","a":"Khartoum","f":15}},{"type":"Feature","geometry":{"type":"Point","coordinates":[34.257,31.268]},"properties":{"d":"2025-02-22","w":0,"t":"Violence against civilians","s":"Attack","c":"Palestine","l":"As Salam","a":"Gaza Strip","f":14}},{"type":"Feature","geometry":{"type":"Point","coordinates":[36.991,48.24]},"properties":{"d":"2025-02-21","w":0,"t":"Battles","s":"Armed clash","c":"Ukraine","l":"Udachne","a":"Donetsk","f":14}},{"type":"Feature","geometry":{"type":"Point","coordinates":[3.568,12.442]},"properties":{"d":"2025-02-22","w":0,"t":"Violence against civilians","s":"Attack","c":"Niger","l":"Makani","a":"Dosso","f":14}},{"type":"Feature","geometry":{"type":"Point","coordinates":[34.253,31.272]},"properties":{"d":"2025-02-22","w":0,"t":"Violence against civilians","s":"Attack","c":"Palestine","l":"Brazil Camp","a":"Gaza Strip","f":13}},{"type":"Feature","geometry":{"type":"Point","coordinates":[37.057,48.022]},"properties":{"d":"2025-02-21","w":0,"t":"Battles","s":"Armed clash","c":"Ukraine","l":"Andriivka","a":"Donetsk","f":13}},{"type":"Feature","geometry":{"type":"Point","coordinates":[36.936,48.24]},"properties":{"d":"2025-02-21","w":0,"t":"Battles","s":"Armed clash","c":"Ukraine","l":"Molodetske","a":"Donetsk","f":13}},{"type":"Feature","geometry":{"type":"Point","coordinates":[37.007,48.143]},"properties":{"d":"2025-02-21","w":0,"t":"Battles","s":"Armed clash","c":"Ukraine","l":"Nadiivka","a":"Donetsk","f":13}},{"type":"Feature","geometry":{"type":"Point","coordinates":[37.11,48.233]},"properties":{"d":"2025-02-21","w":0,"t":"Battles","s":"Armed clash","c":"Ukraine","l":"Pishchane","a":"Donetsk","f":13}},{"type":"Feature","geometry":{"type":"Point","coordinates":[37.318,48.269]},"properties":{"d":"2025-02-21","w":0,"t":"Battles","s":"Armed clash","c":"Ukraine","l":"Promin","a":"Donetsk","f":13}},{"type":"Feature","geometry":{"type":"Point","coordinates":[37.413,48.219]},"properties":{"d":"2025-02-21","w":0,"t":"Battles","s":"Armed clash","c":"Ukraine","l":"Serhiivka","a":"Donetsk","f":13}},{"type":"Feature","geometry":{"type":"Point","coordinates":[37.446,48.283]},"properties":{"d":"2025-02-21","w":0,"t":"Battles","s":"Armed clash","c":"Ukraine","l":"Svyrydonivka","a":"Donetsk","f":13}},{"type":"Feature","geometry":{"type":"Point","coordinates":[37.449,48.303]},"properties":{"d":"2025-02-21","w":0,"t":"Battles","s":"Armed clash","c":"Ukraine","l":"Yelyzavetivka","a":"Donetsk","f":13}},{"type":"Feature","geometry":{"type":"Point","coordinates":[37.506,48.336]},"properties":{"d":"2025-02-21","w":0,"t":"Battles","s":"Armed clash","c":"Ukraine","l":"Vodiane Druhe","a":"Donetsk","f":13}},{"type":"Feature","geometry":{"type":"Point","coordinates":[29.868,12.539]},"properties":{"d":"2025-02-23","w":0,"t":"Explosions/Remote violence","s":"Air/drone strike","c":"Sudan","l":"Umm Kaniet","a":"South Kordofan","f":13}},{"type":"Feature","geometry":{"type":"Point","coordinates":[37.085,47.997]},"properties":{"d":"2025-02-21","w":0,"t":"Battles","s":"Armed clash","c":"Ukraine","l":"Ulakly","a":"Donetsk","f":12}},{"type":"Feature","geometry":{"type":"Point","coordinates":[-7.854,12.595]},"properties":{"d":"2025-02-23","w":0,"t":"Battles","s":"Armed clash","c":"Mali","l":"Niamana","a":"Koulikoro","f":12}},{"type":"Feature","geometry":{"type":"Point","coordinates":[98.276,13.935]},"properties":{"d":"2025-02-21","w":0,"t":"Battles","s":"Armed clash","c":"Myanmar","l":"Oke Tu","a":"Tanintharyi","f":11}},{"type":"Feature","geometry":{"type":"Point","coordinates":[6.613,12.983]},"properties":{"d":"2025-02-23","w":0,"t":"Explosions/Remote violence","s":"Air/drone strike","c":"Nigeria","l":"Fakai","a":"Zamfara","f":10}},{"type":"Feature","geometry":{"type":"Point","coordinates":[38.206,36.634]},"properties":{"d":"2025-02-21","w":0,"t":"Explosions/Remote violence","s":"Air/drone strike","c":"Syria","l":"Qarah Qawzak Bridge","a":"Aleppo","f":10}},{"type":"Feature","geometry":{"type":"Point","coordinates":[38.183,36.381]},"properties":{"d":"2025-02-21","w":0,"t":"Battles","s":"Armed clash","c":"Syria","l":"Sad Tishreen","a":"Aleppo","f":10}},{"type":"Feature","geometry":{"type":"Point","coordinates":[36.798,47.921]},"properties":{"d":"2025-02-22","w":0,"t":"Battles","s":"Armed clash","c":"Ukraine","l":"Dniproenerhiia","a":"Donetsk","f":10}},{"type":"Feature","geometry":{"type":"Point","coordinates":[70.746,33.814]},"properties":{"d":"2025-02-23","w":0,"t":"Battles","s":"Armed clash","c":"Pakistan","l":"Bagh","a":"Khyber Pakhtunkhwa","f":10}},{"type":"Feature","geometry":{"type":"Point","coordinates":[25.738,12.837]},"properties":{"d":"2025-02-23","w":0,"t":"Explosions/Remote violence","s":"Air/drone strike","c":"Sudan","l":"Wadaah","a":"North Darfur","f":10}},{"type":"Feature","geometry":{"type":"Point","coordinates":[-0.519,14.828]},"properties":{"d":"2025-02-23","w":0,"t":"Explosions/Remote violence","s":"Air/drone strike","c":"Burkina Faso","l":"Zamarkoy","a":"Sahel","f":10}},{"type":"Feature","geometry":{"type":"Point","coordinates":[-5.258,14.068]},"properties":{"d":"2025-02-22","w":0,"t":"Battles","s":"Armed clash","c":"Mali","l":"Kama","a":"Segou","f":9}},{"type":"Feature","geometry":{"type":"Point","coordinates":[44.683,13.967]},"properties":{"d":"2025-02-22","w":0,"t":"Battles","s":"Armed clash","c":"Yemen","l":"Jabal Murays","a":"Ad Dali","f":8}},{"type":"Feature","geometry":{"type":"Point","coordinates":[-100.995,20.5]},"properties":{"d":"2025-02-23","w":0,"t":"Battles","s":"Armed clash","c":"Mexico","l":"Colonia Alameda de Vista Hermosa","a":"Guanajuato","f":8}},{"type":"Feature","geometry":{"type":"Point","coordinates":[96.966,20.059]},"properties":{"d":"2025-02-22","w":0,"t":"Explosions/Remote violence","s":"Shelling/artillery/missile attack","c":"Myanmar","l":"Yae Pu","a":"Shan-South","f":8}},{"type":"Feature","geometry":{"type":"Point","coordinates":[94.504,19.917]},"properties":{"d":"2025-02-22","w":0,"t":"Battles","s":"Armed clash","c":"Myanmar","l":"Pyin Wa","a":"Magway","f":8}},{"type":"Feature","geometry":{"type":"Point","coordinates":[94.246,20.447]},"properties":{"d":"2025-02-23","w":0,"t":"Explosions/Remote violence","s":"Air/drone strike","c":"Myanmar","l":"Sidoktaya","a":"Magway","f":8}},{"type":"Feature","geometry":{"type":"Point","coordinates":[95.511,20.353]},"properties":{"d":"2025-02-22","w":0,"t":"Explosions/Remote violence","s":"Remote explosive/landmine/IED","c":"Myanmar","l":"Ku Lar Shin","a":"Magway","f":8}},{"type":"Feature","geometry":{"type":"Point","coordinates":[44.57,13.789]},"properties":{"d":"2025-02-23","w":0,"t":"Battles","s":"Armed clash","c":"Yemen","l":"Al Masharih","a":"Ad Dali","f":7}},{"type":"Feature","geometry":{"type":"Point","coordinates":[31.153,12.988]},"properties":{"d":"2025-02-21","w":0,"t":"Violence against civilians","s":"Attack","c":"Sudan","l":"Um Gennas","a":"North Kordofan","f":7}},{"type":"Feature","geometry":{"type":"Point","coordinates":[3.909,10.54]},"properties":{"d":"2025-02-22","w":0,"t":"Battles","s":"Armed clash","c":"Nigeria","l":"Karengi","a":"Niger","f":6}},{"type":"Feature","geometry":{"type":"Point","coordinates":[71.094,33.117]},"properties":{"d":"2025-02-21","w":0,"t":"Battles","s":"Armed clash","c":"Pakistan","l":"Karak","a":"Khyber Pakhtunkhwa","f":6}},{"type":"Feature","geometry":{"type":"Point","coordinates":[29.68,11.333]},"properties":{"d":"2025-02-21","w":0,"t":"Explosions/Remote violence","s":"Air/drone strike","c":"Sudan","l":"El Koaik","a":"South Kordofan","f":6}},{"type":"Feature","geometry":{"type":"Point","coordinates":[26.019,13.96]},"properties":{"d":"2025-02-23","w":0,"t":"Explosions/Remote violence","s":"Air/drone strike","c":"Sudan","l":"Koma","a":"North Darfur","f":6}},{"type":"Feature","geometry":{"type":"Point","coordinates":[29.8,12.512]},"properties":{"d":"2025-02-23","w":0,"t":"Explosions/Remote violence","s":"Air/drone strike","c":"Sudan","l":"Dibebad","a":"South Kordofan","f":6}},{"type":"Feature","geometry":{"type":"Point","coordinates":[47.665,4.922]},"properties":{"d":"2025-02-21","w":0,"t":"Battles","s":"Armed clash","c":"Somalia","l":"Dabagalo","a":"Mudug","f":6}},{"type":"Feature","geometry":{"type":"Point","coordinates":[0.642,15.486]},"properties":{"d":"2025-02-22","w":0,"t":"Violence against civilians","s":"Attack","c":"Mali","l":"Golingo","a":"Gao","f":6}},{"type":"Feature","geometry":{"type":"Point","coordinates":[-3.962,12.457]},"properties":{"d":"2025-02-23","w":0,"t":"Battles","s":"Armed clash","c":"Burkina Faso","l":"Kossoba","a":"Boucle du Mouhoun","f":6}},{"type":"Feature","geometry":{"type":"Point","coordinates":[16.316,-4.541]},"properties":{"d":"2025-02-22","w":0,"t":"Battles","s":"Armed clash","c":"Democratic Republic of Congo","l":"Mongata","a":"Kinshasa","f":6}},{"type":"Feature","geometry":{"type":"Point","coordinates":[16.316,-4.541]},"properties":{"d":"2025-02-22","w":0,"t":"Battles","s":"Armed clash","c":"Democratic Republic of Congo","l":"Mongata","a":"Kinshasa","f":6}},{"type":"Feature","geometry":{"type":"Point","coordinates":[-74.994,6.043]},"properties":{"d":"2025-02-22","w":0,"t":"Battles","s":"Armed clash","c":"Colombia","l":"San Luis","a":"Antioquia","f":6}},{"type":"Feature","geometry":{"type":"Point","coordinates":[44.433,13.521]},"properties":{"d":"2025-02-22","w":0,"t":"Battles","s":"Armed clash","c":"Yemen","l":"Habil Hanash","a":"Lahij","f":5}},{"type":"Feature","geometry":{"type":"Point","coordinates":[6.156,9.813]},"properties":{"d":"2025-02-22","w":0,"t":"Violence against civilians","s":"Attack","c":"Nigeria","l":"Zungeru","a":"Niger","f":5}},{"type":"Feature","geometry":{"type":"Point","coordinates":[36.742,50.203]},"properties":{"d":"2025-02-21","w":0,"t":"Explosions/Remote violence","s":"Shelling/artillery/missile attack","c":"Ukraine","l":"Izbytske","a":"Kharkiv","f":5}},{"type":"Feature","geometry":{"type":"Point","coordinates":[36.941,50.291]},"properties":{"d":"2025-02-21","w":0,"t":"Battles","s":"Armed clash","c":"Ukraine","l":"Vovchansk","a":"Kharkiv","f":5}},{"type":"Feature","geometry":{"type":"Point","coordinates":[36.941,50.291]},"properties":{"d":"2025-02-22","w":0,"t":"Battles","s":"Armed clash","c":"Ukraine","l":"Vovchansk","a":"Kharkiv","f":5}},{"type":"Feature","geometry":{"type":"Point","coordinates":[35.982,50.28]},"properties":{"d":"2025-02-22","w":0,"t":"Explosions/Remote violence","s":"Air/drone strike","c":"Ukraine","l":"Zolochiv","a":"Kharkiv","f":5}},{"type":"Feature","geometry":{"type":"Point","coordinates":[36.408,50.204]},"properties":{"d":"2025-02-23","w":0,"t":"Explosions/Remote violence","s":"Shelling/artillery/missile attack","c":"Ukraine","l":"Lyptsi","a":"Kharkiv","f":5}},{"type":"Feature","geometry":{"type":"Point","coordinates":[36.941,50.291]},"properties":{"d":"2025-02-23","w":0,"t":"Battles","s":"Armed clash","c":"Ukraine","l":"Vovchansk","a":"Kharkiv","f":5}},{"type":"Feature","geometry":{"type":"Point","coordinates":[67.733,29.211]},"properties":{"d":"2025-02-23","w":0,"t":"Battles","s":"Armed clash","c":"Pakistan","l":"Bolan","a":"Balochistan","f":5}},{"type":"Feature","geometry":{"type":"Point","coordinates":[69.526,29.898]},"properties":{"d":"2025-02-23","w":0,"t":"Battles","s":"Armed clash","c":"Pakistan","l":"Barkhan","a":"Balochistan","f":5}},{"type":"Feature","geometry":{"type":"Point","coordinates":[-0.033,12.017]},"properties":{"d":"2025-02-23","w":0,"t":"Battles","s":"Armed clash","c":"Burkina Faso","l":"Diabo","a":"Est","f":5}},{"type":"Feature","geometry":{"type":"Point","coordinates":[95.444,21.28]},"properties":{"d":"2025-02-22","w":0,"t":"Battles","s":"Armed clash","c":"Myanmar","l":"Taungtha","a":"Mandalay","f":5}},{"type":"Feature","geometry":{"type":"Point","coordinates":[95.444,21.28]},"properties":{"d":"2025-02-23","w":0,"t":"Battles","s":"Armed clash","c":"Myanmar","l":"Taungtha","a":"Mandalay","f":5}},{"type":"Feature","geometry":{"type":"Point","coordinates":[40.442,35.304]},"properties":{"d":"2025-02-22","w":0,"t":"Battles","s":"Armed clash","c":"Syria","l":"Al Jafra - Oil field","a":"Deir ez Zor","f":4}},{"type":"Feature","geometry":{"type":"Point","coordinates":[35.898,47.532]},"properties":{"d":"2025-02-21","w":0,"t":"Explosions/Remote violence","s":"Air/drone strike","c":"Ukraine","l":"Mala Tokmachka","a":"Zaporizhia","f":4}},{"type":"Feature","geometry":{"type":"Point","coordinates":[70.337,31.732]},"properties":{"d":"2025-02-23","w":0,"t":"Battles","s":"Armed clash","c":"Pakistan","l":"Daraban","a":"Khyber Pakhtunkhwa","f":4}},{"type":"Feature","geometry":{"type":"Point","coordinates":[32.238,14.601]},"properties":{"d":"2025-02-22","w":0,"t":"Violence against civilians","s":"Attack","c":"Sudan","l":"Niema","a":"White Nile","f":4}},{"type":"Feature","geometry":{"type":"Point","coordinates":[-3.934,13.127]},"properties":{"d":"2025-02-21","w":0,"t":"Battles","s":"Armed clash","c":"Burkina Faso","l":"Tira","a":"Boucle du Mouhoun","f":4}},{"type":"Feature","geometry":{"type":"Point","coordinates":[-43.312,-22.786]},"properties":{"d":"2025-02-22","w":0,"t":"Battles","s":"Armed clash","c":"Brazil","l":"Duque de Caxias","a":"Rio de Janeiro","f":4}},{"type":"Feature","geometry":{"type":"Point","coordinates":[94.74,22.858]},"properties":{"d":"2025-02-22","w":0,"t":"Battles","s":"Armed clash","c":"Myanmar","l":"Thin Taw","a":"Sagaing","f":4}},{"type":"Feature","geometry":{"type":"Point","coordinates":[43.605,37.073]},"properties":{"d":"2025-02-21","w":0,"t":"Battles","s":"Armed clash","c":"Iraq","l":"Guheriz","a":"Duhok","f":3}},{"type":"Feature","geometry":{"type":"Point","coordinates":[45.188,15.409]},"properties":{"d":"2025-02-23","w":0,"t":"Battles","s":"Armed clash","c":"Yemen","l":"Az Zur","a":"Marib","f":3}},{"type":"Feature","geometry":{"type":"Point","coordinates":[45.582,16.33]},"properties":{"d":"2025-02-23","w":0,"t":"Battles","s":"Armed clash","c":"Yemen","l":"Ash Shahla","a":"Al Jawf","f":3}},{"type":"Feature","geometry":{"type":"Point","coordinates":[7.498,12.452]},"properties":{"d":"2025-02-21","w":0,"t":"Battles","s":"Armed clash","c":"Nigeria","l":"Dutsin Ma","a":"Katsina","f":3}},{"type":"Feature","geometry":{"type":"Point","coordinates":[7.254,11.679]},"properties":{"d":"2025-02-23","w":0,"t":"Violence against civilians","s":"Attack","c":"Nigeria","l":"Gidan Sule","a":"Katsina","f":3}},{"type":"Feature","geometry":{"type":"Point","coordinates":[7.337,9.63]},"properties":{"d":"2025-02-22","w":0,"t":"Violence against civilians","s":"Attack","c":"Nigeria","l":"Bishini","a":"Kaduna","f":3}},{"type":"Feature","geometry":{"type":"Point","coordinates":[6.357,10.54]},"properties":{"d":"2025-02-23","w":0,"t":"Violence against civilians","s":"Attack","c":"Nigeria","l":"Ganin Gari","a":"Kaduna","f":3}},{"type":"Feature","geometry":{"type":"Point","coordinates":[12.76,11.15]},"properties":{"d":"2025-02-21","w":0,"t":"Explosions/Remote violence","s":"Remote explosive/landmine/IED","c":"Nigeria","l":"Damboa","a":"Borno","f":3}},{"type":"Feature","geometry":{"type":"Point","coordinates":[38.352,36.889]},"properties":{"d":"2025-02-22","w":0,"t":"Battles","s":"Armed clash","c":"Syria","l":"Ain al Arab - Unspecified","a":"Aleppo","f":3}},{"type":"Feature","geometry":{"type":"Point","coordinates":[32.468,46.59]},"properties":{"d":"2025-02-21","w":0,"t":"Explosions/Remote violence","s":"Shelling/artillery/missile attack","c":"Ukraine","l":"Dniprovske","a":"Kherson","f":3}},{"type":"Feature","geometry":{"type":"Point","coordinates":[32.822,46.705]},"properties":{"d":"2025-02-21","w":0,"t":"Explosions/Remote violence","s":"Shelling/artillery/missile attack","c":"Ukraine","l":"Sadove","a":"Kherson","f":3}},{"type":"Feature","geometry":{"type":"Point","coordinates":[37.717,48.533]},"properties":{"d":"2025-02-22","w":0,"t":"Explosions/Remote violence","s":"Air/drone strike","c":"Ukraine","l":"Kostiantynivka","a":"Donetsk","f":3}},{"type":"Feature","geometry":{"type":"Point","coordinates":[70.579,31.884]},"properties":{"d":"2025-02-23","w":0,"t":"Battles","s":"Armed clash","c":"Pakistan","l":"Maddi","a":"Khyber Pakhtunkhwa","f":3}},{"type":"Feature","geometry":{"type":"Point","coordinates":[70.902,31.833]},"properties":{"d":"2025-02-23","w":0,"t":"Battles","s":"Armed clash","c":"Pakistan","l":"Dera Ismail Khan","a":"Khyber Pakhtunkhwa","f":3}},{"type":"Feature","geometry":{"type":"Point","coordinates":[69.265,34.967]},"properties":{"d":"2025-02-22","w":0,"t":"Explosions/Remote violence","s":"Remote explosive/landmine/IED","c":"Afghanistan","l":"Bagram","a":"Parwan","f":3}},{"type":"Feature","geometry":{"type":"Point","coordinates":[30.217,13.184]},"properties":{"d":"2025-02-21","w":0,"t":"Explosions/Remote violence","s":"Shelling/artillery/missile attack","c":"Sudan","l":"El Obeid","a":"North Kordofan","f":3}},{"type":"Feature","geometry":{"type":"Point","coordinates":[30.639,12.724]},"properties":{"d":"2025-02-22","w":0,"t":"Violence against civilians","s":"Attack","c":"Sudan","l":"El Rahad","a":"North Kordofan","f":3}},{"type":"Feature","geometry":{"type":"Point","coordinates":[37.649,11.221]},"properties":{"d":"2025-02-22","w":0,"t":"Battles","s":"Armed clash","c":"Ethiopia","l":"Addis Alem","a":"Amhara","f":3}},{"type":"Feature","geometry":{"type":"Point","coordinates":[37.149,10.969]},"properties":{"d":"2025-02-22","w":0,"t":"Battles","s":"Armed clash","c":"Ethiopia","l":"Ambisi","a":"Amhara","f":3}},{"type":"Feature","geometry":{"type":"Point","coordinates":[37.021,10.855]},"properties":{"d":"2025-02-22","w":0,"t":"Battles","s":"Armed clash","c":"Ethiopia","l":"Tilili","a":"Amhara","f":3}},{"type":"Feature","geometry":{"type":"Point","coordinates":[46.383,3.696]},"properties":{"d":"2025-02-21","w":0,"t":"Explosions/Remote violence","s":"Air/drone strike","c":"Somalia","l":"Al-Kowsar","a":"Middle Shabelle","f":3}},{"type":"Feature","geometry":{"type":"Point","coordinates":[43.804,1.25]},"properties":{"d":"2025-02-23","w":0,"t":"Explosions/Remote violence","s":"Air/drone strike","c":"Somalia","l":"Sablaale","a":"Lower Shabelle","f":3}},{"type":"Feature","geometry":{"type":"Point","coordinates":[49.908,11.081]},"properties":{"d":"2025-02-22","w":0,"t":"Explosions/Remote violence","s":"Air/drone strike","c":"Somalia","l":"Sheebaab","a":"Bari","f":3}},{"type":"Feature","geometry":{"type":"Point","coordinates":[45.657,2.883]},"properties":{"d":"2025-02-21","w":0,"t":"Explosions/Remote violence","s":"Air/drone strike","c":"Somalia","l":"Cali Fool Dheere","a":"Middle Shabelle","f":3}},{"type":"Feature","geometry":{"type":"Point","coordinates":[-1.569,15.689]},"properties":{"d":"2025-02-23","w":0,"t":"Violence against civilians","s":"Attack","c":"Mali","l":"I-n-Abao","a":"Tombouctou","f":3}},{"type":"Feature","geometry":{"type":"Point","coordinates":[-5.476,14.171]},"properties":{"d":"2025-02-23","w":0,"t":"Battles","s":"Armed clash","c":"Mali","l":"Kolongo","a":"Segou","f":3}},{"type":"Feature","geometry":{"type":"Point","coordinates":[32.618,46.656]},"properties":{"d":"2025-02-24","w":1,"t":"Battles","s":"Armed clash","c":"Ukraine","l":"Kherson","a":"Kherson","f":115}},{"type":"Feature","geometry":{"type":"Point","coordinates":[32.618,46.656]},"properties":{"d":"2025-02-25","w":1,"t":"Battles","s":"Armed clash","c":"Ukraine","l":"Kherson","a":"Kherson","f":110}},{"type":"Feature","geometry":{"type":"Point","coordinates":[32.618,46.656]},"properties":{"d":"2025-02-26","w":1,"t":"Battles","s":"Armed clash","c":"Ukraine","l":"Kherson","a":"Kherson","f":79}},{"type":"Feature","geometry":{"type":"Point","coordinates":[32.618,46.656]},"properties":{"d":"2025-02-25","w":1,"t":"Battles","s":"Armed clash","c":"Ukraine","l":"Kherson","a":"Kherson","f":62}},{"type":"Feature","geometry":{"type":"Point","coordinates":[32.618,46.656]},"properties":{"d":"2025-02-26","w":1,"t":"Battles","s":"Armed clash","c":"Ukraine","l":"Kherson","a":"Kherson","f":61}},{"type":"Feature","geometry":{"type":"Point","coordinates":[32.618,46.656]},"properties":{"d":"2025-02-28","w":1,"t":"Battles","s":"Armed clash","c":"Ukraine","l":"Kherson","a":"Kherson","f":61}},{"type":"Feature","geometry":{"type":"Point","coordinates":[32.618,46.656]},"properties":{"d":"2025-02-24","w":1,"t":"Battles","s":"Armed clash","c":"Ukraine","l":"Kherson","a":"Kherson","f":57}},{"type":"Feature","geometry":{"type":"Point","coordinates":[32.618,46.656]},"properties":{"d":"2025-02-27","w":1,"t":"Battles","s":"Armed clash","c":"Ukraine","l":"Kherson","a":"Kherson","f":52}},{"type":"Feature","geometry":{"type":"Point","coordinates":[45.681,4.01]},"properties":{"d":"2025-02-25","w":1,"t":"Battles","s":"Non-state actor overtakes territory","c":"Somalia","l":"Aborey","a":"Hiraan","f":50}},{"type":"Feature","geometry":{"type":"Point","coordinates":[32.618,46.656]},"properties":{"d":"2025-02-27","w":1,"t":"Battles","s":"Armed clash","c":"Ukraine","l":"Kherson","a":"Kherson","f":48}},{"type":"Feature","geometry":{"type":"Point","coordinates":[27.935,14.237]},"properties":{"d":"2025-02-25","w":1,"t":"Explosions/Remote violence","s":"Air/drone strike","c":"Sudan","l":"Umm Badr","a":"North Kordofan","f":48}},{"type":"Feature","geometry":{"type":"Point","coordinates":[32.618,46.656]},"properties":{"d":"2025-02-28","w":1,"t":"Battles","s":"Armed clash","c":"Ukraine","l":"Kherson","a":"Kherson","f":44}},{"type":"Feature","geometry":{"type":"Point","coordinates":[45.792,2.936]},"properties":{"d":"2025-03-01","w":1,"t":"Explosions/Remote violence","s":"Air/drone strike","c":"Somalia","l":"Biyo Cadde","a":"Middle Shabelle","f":44}},{"type":"Feature","geometry":{"type":"Point","coordinates":[35.379,48.706]},"properties":{"d":"2025-03-01","w":1,"t":"Explosions/Remote violence","s":"Shelling/artillery/missile attack","c":"Ukraine","l":"Cherkaske","a":"Dnipropetrovsk","f":39}},{"type":"Feature","geometry":{"type":"Point","coordinates":[45.562,4.212]},"properties":{"d":"2025-02-25","w":1,"t":"Battles","s":"Armed clash","c":"Somalia","l":"Halgan","a":"Hiraan","f":34}},{"type":"Feature","geometry":{"type":"Point","coordinates":[92.399,20.895]},"properties":{"d":"2025-03-01","w":1,"t":"Explosions/Remote violence","s":"Air/drone strike","c":"Myanmar","l":"Kyee Kan Pyin (Middle)","a":"Rakhine","f":32}},{"type":"Feature","geometry":{"type":"Point","coordinates":[49.743,10.855]},"properties":{"d":"2025-02-25","w":1,"t":"Explosions/Remote violence","s":"Air/drone strike","c":"Somalia","l":"Buuraha Cali Miskat","a":"Bari","f":25}},{"type":"Feature","geometry":{"type":"Point","coordinates":[45.39,2.347]},"properties":{"d":"2025-02-27","w":1,"t":"Battles","s":"Armed clash","c":"Somalia","l":"Balcad","a":"Middle Shabelle","f":23}},{"type":"Feature","geometry":{"type":"Point","coordinates":[45.759,3.207]},"properties":{"d":"2025-02-26","w":1,"t":"Battles","s":"Armed clash","c":"Somalia","l":"Ceel Baraf","a":"Middle Shabelle","f":20}},{"type":"Feature","geometry":{"type":"Point","coordinates":[29.079,-3.088]},"properties":{"d":"2025-02-25","w":1,"t":"Battles","s":"Armed clash","c":"Democratic Republic of Congo","l":"Sange","a":"Sud-Kivu","f":20}},{"type":"Feature","geometry":{"type":"Point","coordinates":[46.383,3.696]},"properties":{"d":"2025-02-25","w":1,"t":"Battles","s":"Armed clash","c":"Somalia","l":"Al-Kowsar","a":"Middle Shabelle","f":19}},{"type":"Feature","geometry":{"type":"Point","coordinates":[1.64,12.747]},"properties":{"d":"2025-02-24","w":1,"t":"Battles","s":"Armed clash","c":"Niger","l":"Mossi Paga","a":"Tillaberi","f":19}},{"type":"Feature","geometry":{"type":"Point","coordinates":[46.328,4.034]},"properties":{"d":"2025-02-25","w":1,"t":"Battles","s":"Non-state actor overtakes territory","c":"Somalia","l":"Ceel-Cali-Axmed","a":"Hiraan","f":18}},{"type":"Feature","geometry":{"type":"Point","coordinates":[46.443,3.586]},"properties":{"d":"2025-02-25","w":1,"t":"Explosions/Remote violence","s":"Air/drone strike","c":"Somalia","l":"Daaru Nicma","a":"Middle Shabelle","f":17}},{"type":"Feature","geometry":{"type":"Point","coordinates":[29.501,0.856]},"properties":{"d":"2025-02-26","w":1,"t":"Violence against civilians","s":"Attack","c":"Democratic Republic of Congo","l":"Samboko Centre","a":"Ituri","f":17}},{"type":"Feature","geometry":{"type":"Point","coordinates":[28.85,-2.517]},"properties":{"d":"2025-02-27","w":1,"t":"Explosions/Remote violence","s":"Remote explosive/landmine/IED","c":"Democratic Republic of Congo","l":"Bukavu - Kadutu","a":"Sud-Kivu","f":17}},{"type":"Feature","geometry":{"type":"Point","coordinates":[30.217,13.184]},"properties":{"d":"2025-02-25","w":1,"t":"Battles","s":"Armed clash","c":"Sudan","l":"El Obeid","a":"North Kordofan","f":16}},{"type":"Feature","geometry":{"type":"Point","coordinates":[34.386,31.421]},"properties":{"d":"2025-02-26","w":1,"t":"Violence against civilians","s":"Attack","c":"Palestine","l":"Al Maghazi","a":"Gaza Strip","f":15}},{"type":"Feature","geometry":{"type":"Point","coordinates":[29.218,-1.657]},"properties":{"d":"2025-02-25","w":1,"t":"Violence against civilians","s":"Attack","c":"Democratic Republic of Congo","l":"Goma - Kasika","a":"Nord-Kivu","f":15}},{"type":"Feature","geometry":{"type":"Point","coordinates":[36.941,50.291]},"properties":{"d":"2025-03-01","w":1,"t":"Explosions/Remote violence","s":"Air/drone strike","c":"Ukraine","l":"Vovchansk","a":"Kharkiv","f":14}},{"type":"Feature","geometry":{"type":"Point","coordinates":[49.75,10.65]},"properties":{"d":"2025-03-02","w":1,"t":"Battles","s":"Armed clash","c":"Somalia","l":"Ufeyn","a":"Bari","f":14}},{"type":"Feature","geometry":{"type":"Point","coordinates":[7.027,11.72]},"properties":{"d":"2025-02-24","w":1,"t":"Violence against civilians","s":"Attack","c":"Nigeria","l":"Faskari","a":"Katsina","f":12}},{"type":"Feature","geometry":{"type":"Point","coordinates":[37.057,48.022]},"properties":{"d":"2025-03-02","w":1,"t":"Battles","s":"Armed clash","c":"Ukraine","l":"Andriivka","a":"Donetsk","f":12}},{"type":"Feature","geometry":{"type":"Point","coordinates":[36.934,48.141]},"properties":{"d":"2025-03-02","w":1,"t":"Battles","s":"Armed clash","c":"Ukraine","l":"Kotliarivka","a":"Donetsk","f":12}},{"type":"Feature","geometry":{"type":"Point","coordinates":[37.181,48.281]},"properties":{"d":"2025-03-02","w":1,"t":"Battles","s":"Armed clash","c":"Ukraine","l":"Pokrovsk","a":"Donetsk","f":12}},{"type":"Feature","geometry":{"type":"Point","coordinates":[37.318,48.269]},"properties":{"d":"2025-03-02","w":1,"t":"Battles","s":"Armed clash","c":"Ukraine","l":"Promin","a":"Donetsk","f":12}},{"type":"Feature","geometry":{"type":"Point","coordinates":[36.991,48.24]},"properties":{"d":"2025-03-02","w":1,"t":"Battles","s":"Armed clash","c":"Ukraine","l":"Udachne","a":"Donetsk","f":12}},{"type":"Feature","geometry":{"type":"Point","coordinates":[30.371,13.699]},"properties":{"d":"2025-03-01","w":1,"t":"Explosions/Remote violence","s":"Air/drone strike","c":"Sudan","l":"Bara","a":"North Kordofan","f":12}},{"type":"Feature","geometry":{"type":"Point","coordinates":[94.758,21.52]},"properties":{"d":"2025-02-25","w":1,"t":"Explosions/Remote violence","s":"Air/drone strike","c":"Myanmar","l":"Son Kone","a":"Magway","f":12}},{"type":"Feature","geometry":{"type":"Point","coordinates":[37.05,48.255]},"properties":{"d":"2025-03-02","w":1,"t":"Battles","s":"Armed clash","c":"Ukraine","l":"Kotlyne","a":"Donetsk","f":11}},{"type":"Feature","geometry":{"type":"Point","coordinates":[37.551,48.349]},"properties":{"d":"2025-03-02","w":1,"t":"Battles","s":"Armed clash","c":"Ukraine","l":"Tarasivka","a":"Donetsk","f":11}},{"type":"Feature","geometry":{"type":"Point","coordinates":[37.085,47.997]},"properties":{"d":"2025-03-02","w":1,"t":"Battles","s":"Armed clash","c":"Ukraine","l":"Ulakly","a":"Donetsk","f":11}},{"type":"Feature","geometry":{"type":"Point","coordinates":[37.506,48.336]},"properties":{"d":"2025-03-02","w":1,"t":"Battles","s":"Armed clash","c":"Ukraine","l":"Vodiane Druhe","a":"Donetsk","f":11}},{"type":"Feature","geometry":{"type":"Point","coordinates":[32.823,12.75]},"properties":{"d":"2025-02-27","w":1,"t":"Battles","s":"Armed clash","c":"Sudan","l":"Al Hassania Wd Al Balaa","a":"White Nile","f":11}},{"type":"Feature","geometry":{"type":"Point","coordinates":[6.05,17.902]},"properties":{"d":"2025-02-28","w":1,"t":"Battles","s":"Armed clash","c":"Niger","l":"I-n-Abanghaghit","a":"Agadez","f":11}},{"type":"Feature","geometry":{"type":"Point","coordinates":[95.717,23.066]},"properties":{"d":"2025-03-02","w":1,"t":"Battles","s":"Armed clash","c":"Myanmar","l":"Hnget Pyaw Taing","a":"Sagaing","f":11}},{"type":"Feature","geometry":{"type":"Point","coordinates":[38.206,36.634]},"properties":{"d":"2025-02-25","w":1,"t":"Battles","s":"Armed clash","c":"Syria","l":"Qarah Qawzak Bridge","a":"Aleppo","f":10}},{"type":"Feature","geometry":{"type":"Point","coordinates":[40.447,35.723]},"properties":{"d":"2025-02-26","w":1,"t":"Explosions/Remote violence","s":"Air/drone strike","c":"Syria","l":"Ruwayshid","a":"Deir ez Zor","f":10}},{"type":"Feature","geometry":{"type":"Point","coordinates":[37.537,48.32]},"properties":{"d":"2025-02-28","w":1,"t":"Battles","s":"Armed clash","c":"Ukraine","l":"Baranivka","a":"Donetsk","f":10}},{"type":"Feature","geometry":{"type":"Point","coordinates":[37.05,48.255]},"properties":{"d":"2025-02-28","w":1,"t":"Battles","s":"Armed clash","c":"Ukraine","l":"Kotlyne","a":"Donetsk","f":10}},{"type":"Feature","geometry":{"type":"Point","coordinates":[37.265,48.225]},"properties":{"d":"2025-02-28","w":1,"t":"Battles","s":"Armed clash","c":"Ukraine","l":"Lysivka","a":"Donetsk","f":10}},{"type":"Feature","geometry":{"type":"Point","coordinates":[37.007,48.143]},"properties":{"d":"2025-02-28","w":1,"t":"Battles","s":"Armed clash","c":"Ukraine","l":"Nadiivka","a":"Donetsk","f":10}},{"type":"Feature","geometry":{"type":"Point","coordinates":[37.105,47.837]},"properties":{"d":"2025-02-28","w":1,"t":"Battles","s":"Armed clash","c":"Ukraine","l":"Novoukrainka","a":"Donetsk","f":10}},{"type":"Feature","geometry":{"type":"Point","coordinates":[37.11,48.233]},"properties":{"d":"2025-02-28","w":1,"t":"Battles","s":"Armed clash","c":"Ukraine","l":"Pishchane","a":"Donetsk","f":10}},{"type":"Feature","geometry":{"type":"Point","coordinates":[37.318,48.269]},"properties":{"d":"2025-02-28","w":1,"t":"Battles","s":"Armed clash","c":"Ukraine","l":"Promin","a":"Donetsk","f":10}},{"type":"Feature","geometry":{"type":"Point","coordinates":[37.449,48.303]},"properties":{"d":"2025-02-28","w":1,"t":"Battles","s":"Armed clash","c":"Ukraine","l":"Yelyzavetivka","a":"Donetsk","f":10}},{"type":"Feature","geometry":{"type":"Point","coordinates":[36.941,50.291]},"properties":{"d":"2025-03-02","w":1,"t":"Battles","s":"Armed clash","c":"Ukraine","l":"Vovchansk","a":"Kharkiv","f":10}},{"type":"Feature","geometry":{"type":"Point","coordinates":[36.678,47.898]},"properties":{"d":"2025-03-01","w":1,"t":"Battles","s":"Armed clash","c":"Ukraine","l":"Shevchenko","a":"Donetsk","f":10}},{"type":"Feature","geometry":{"type":"Point","coordinates":[36.747,47.978]},"properties":{"d":"2025-03-02","w":1,"t":"Explosions/Remote violence","s":"Air/drone strike","c":"Ukraine","l":"Komar","a":"Donetsk","f":10}},{"type":"Feature","geometry":{"type":"Point","coordinates":[25.761,13.094]},"properties":{"d":"2025-02-27","w":1,"t":"Battles","s":"Armed clash","c":"Sudan","l":"Ed Al Beada","a":"North Darfur","f":10}},{"type":"Feature","geometry":{"type":"Point","coordinates":[33.433,16.686]},"properties":{"d":"2025-02-24","w":1,"t":"Battles","s":"Armed clash","c":"Sudan","l":"Shendi","a":"River Nile","f":10}},{"type":"Feature","geometry":{"type":"Point","coordinates":[25.533,13.727]},"properties":{"d":"2025-02-27","w":1,"t":"Explosions/Remote violence","s":"Air/drone strike","c":"Sudan","l":"Juggu Juggu","a":"North Darfur","f":10}},{"type":"Feature","geometry":{"type":"Point","coordinates":[25.356,13.626]},"properties":{"d":"2025-02-27","w":1,"t":"Explosions/Remote violence","s":"Air/drone strike","c":"Sudan","l":"El Fasher","a":"North Darfur","f":10}},{"type":"Feature","geometry":{"type":"Point","coordinates":[25.48,13.648]},"properties":{"d":"2025-02-27","w":1,"t":"Explosions/Remote violence","s":"Air/drone strike","c":"Sudan","l":"Fushar","a":"North Darfur","f":10}},{"type":"Feature","geometry":{"type":"Point","coordinates":[28.78,12.051]},"properties":{"d":"2025-02-25","w":1,"t":"Battles","s":"Armed clash","c":"Sudan","l":"Kaddam","a":"West Kordofan","f":10}},{"type":"Feature","geometry":{"type":"Point","coordinates":[30.217,13.184]},"properties":{"d":"2025-02-28","w":1,"t":"Battles","s":"Armed clash","c":"Sudan","l":"El Obeid","a":"North Kordofan","f":10}},{"type":"Feature","geometry":{"type":"Point","coordinates":[30.15,13.4]},"properties":{"d":"2025-02-28","w":1,"t":"Battles","s":"Armed clash","c":"Sudan","l":"Dankoj","a":"North Kordofan","f":10}},{"type":"Feature","geometry":{"type":"Point","coordinates":[25.533,13.727]},"properties":{"d":"2025-03-01","w":1,"t":"Explosions/Remote violence","s":"Air/drone strike","c":"Sudan","l":"Juggu Juggu","a":"North Darfur","f":10}},{"type":"Feature","geometry":{"type":"Point","coordinates":[25.529,13.392]},"properties":{"d":"2025-02-28","w":1,"t":"Violence against civilians","s":"Attack","c":"Sudan","l":"Jadeil Wagif","a":"North Darfur","f":10}},{"type":"Feature","geometry":{"type":"Point","coordinates":[32.65,15.617]},"properties":{"d":"2025-03-01","w":1,"t":"Battles","s":"Armed clash","c":"Sudan","l":"Hajj Yusuf","a":"Khartoum","f":10}},{"type":"Feature","geometry":{"type":"Point","coordinates":[35.901,12.646]},"properties":{"d":"2025-02-25","w":1,"t":"Violence against civilians","s":"Attack","c":"Ethiopia","l":"Tumet Mendoka","a":"Amhara","f":10}},{"type":"Feature","geometry":{"type":"Point","coordinates":[38.402,11.901]},"properties":{"d":"2025-03-01","w":1,"t":"Battles","s":"Armed clash","c":"Ethiopia","l":"Zage","a":"Amhara","f":10}},{"type":"Feature","geometry":{"type":"Point","coordinates":[39.935,10.553]},"properties":{"d":"2025-03-02","w":1,"t":"Battles","s":"Armed clash","c":"Ethiopia","l":"Chefa Robit","a":"Amhara","f":10}},{"type":"Feature","geometry":{"type":"Point","coordinates":[-3.613,14.077]},"properties":{"d":"2025-03-01","w":1,"t":"Battles","s":"Armed clash","c":"Mali","l":"Sadia","a":"Mopti","f":10}},{"type":"Feature","geometry":{"type":"Point","coordinates":[28.759,-2.315]},"properties":{"d":"2025-02-28","w":1,"t":"Battles","s":"Armed clash","c":"Democratic Republic of Congo","l":"Kahuzi-Biega National Park (HQ)","a":"Sud-Kivu","f":10}},{"type":"Feature","geometry":{"type":"Point","coordinates":[95.272,22.088]},"properties":{"d":"2025-02-26","w":1,"t":"Battles","s":"Armed clash","c":"Myanmar","l":"Kha Tet Kan (North)","a":"Sagaing","f":10}},{"type":"Feature","geometry":{"type":"Point","coordinates":[95.699,23.017]},"properties":{"d":"2025-02-28","w":1,"t":"Battles","s":"Armed clash","c":"Myanmar","l":"Pay Gyi","a":"Sagaing","f":10}},{"type":"Feature","geometry":{"type":"Point","coordinates":[7.201,11.638]},"properties":{"d":"2025-02-27","w":1,"t":"Battles","s":"Armed clash","c":"Nigeria","l":"Kanon Haki","a":"Katsina","f":9}},{"type":"Feature","geometry":{"type":"Point","coordinates":[6.467,10.2]},"properties":{"d":"2025-02-26","w":1,"t":"Violence against civilians","s":"Attack","c":"Nigeria","l":"Kadaga","a":"Niger","f":9}},{"type":"Feature","geometry":{"type":"Point","coordinates":[37.968,48.501]},"properties":{"d":"2025-02-24","w":1,"t":"Battles","s":"Armed clash","c":"Ukraine","l":"Andriivka","a":"Donetsk","f":9}},{"type":"Feature","geometry":{"type":"Point","coordinates":[36.991,48.24]},"properties":{"d":"2025-02-24","w":1,"t":"Battles","s":"Armed clash","c":"Ukraine","l":"Udachne","a":"Donetsk","f":9}},{"type":"Feature","geometry":{"type":"Point","coordinates":[37.057,48.022]},"properties":{"d":"2025-02-28","w":1,"t":"Battles","s":"Armed clash","c":"Ukraine","l":"Andriivka","a":"Donetsk","f":9}},{"type":"Feature","geometry":{"type":"Point","coordinates":[69.526,29.898]},"properties":{"d":"2025-02-24","w":1,"t":"Battles","s":"Armed clash","c":"Pakistan","l":"Barkhan","a":"Balochistan","f":9}},{"type":"Feature","geometry":{"type":"Point","coordinates":[72.126,34.003]},"properties":{"d":"2025-02-28","w":1,"t":"Explosions/Remote violence","s":"Suicide bomb","c":"Pakistan","l":"Akora","a":"Khyber Pakhtunkhwa","f":9}},{"type":"Feature","geometry":{"type":"Point","coordinates":[37.805,11.275]},"properties":{"d":"2025-03-01","w":1,"t":"Battles","s":"Armed clash","c":"Ethiopia","l":"Leba Metaya","a":"Amhara","f":9}},{"type":"Feature","geometry":{"type":"Point","coordinates":[-97.288,18.291]},"properties":{"d":"2025-03-01","w":1,"t":"Battles","s":"Armed clash","c":"Mexico","l":"San Jose Miahuatlan","a":"Puebla","f":9}},{"type":"Feature","geometry":{"type":"Point","coordinates":[95.242,21.634]},"properties":{"d":"2025-02-26","w":1,"t":"Battles","s":"Armed clash","c":"Myanmar","l":"Yesagyo","a":"Magway","f":9}},{"type":"Feature","geometry":{"type":"Point","coordinates":[6.495,11.296]},"properties":{"d":"2025-02-26","w":1,"t":"Violence against civilians","s":"Attack","c":"Nigeria","l":"Dan Sadau","a":"Zamfara","f":8}},{"type":"Feature","geometry":{"type":"Point","coordinates":[24.891,12.056]},"properties":{"d":"2025-02-26","w":1,"t":"Battles","s":"Armed clash","c":"Sudan","l":"Nyala","a":"South Darfur","f":8}},{"type":"Feature","geometry":{"type":"Point","coordinates":[24.891,12.056]},"properties":{"d":"2025-02-27","w":1,"t":"Battles","s":"Armed clash","c":"Sudan","l":"Nyala","a":"South Darfur","f":8}},{"type":"Feature","geometry":{"type":"Point","coordinates":[16.204,-3.182]},"properties":{"d":"2025-03-02","w":1,"t":"Battles","s":"Armed clash","c":"Democratic Republic of Congo","l":"Kwamouth","a":"Mai-Ndombe","f":8}},{"type":"Feature","geometry":{"type":"Point","coordinates":[98.24,16.555]},"properties":{"d":"2025-02-24","w":1,"t":"Battles","s":"Armed clash","c":"Myanmar","l":"Kawkareik","a":"Kayin","f":8}},{"type":"Feature","geometry":{"type":"Point","coordinates":[95.434,21.494]},"properties":{"d":"2025-02-28","w":1,"t":"Battles","s":"Armed clash","c":"Myanmar","l":"Lel Thit","a":"Mandalay","f":8}},{"type":"Feature","geometry":{"type":"Point","coordinates":[95.434,21.494]},"properties":{"d":"2025-03-01","w":1,"t":"Battles","s":"Armed clash","c":"Myanmar","l":"Lel Thit","a":"Mandalay","f":8}},{"type":"Feature","geometry":{"type":"Point","coordinates":[37.05,48.255]},"properties":{"d":"2025-02-24","w":1,"t":"Battles","s":"Armed clash","c":"Ukraine","l":"Kotlyne","a":"Donetsk","f":7}},{"type":"Feature","geometry":{"type":"Point","coordinates":[37.145,48.265]},"properties":{"d":"2025-02-24","w":1,"t":"Battles","s":"Armed clash","c":"Ukraine","l":"Leontovychi","a":"Donetsk","f":7}},{"type":"Feature","geometry":{"type":"Point","coordinates":[36.936,48.24]},"properties":{"d":"2025-02-24","w":1,"t":"Battles","s":"Armed clash","c":"Ukraine","l":"Molodetske","a":"Donetsk","f":7}},{"type":"Feature","geometry":{"type":"Point","coordinates":[37.007,48.143]},"properties":{"d":"2025-02-24","w":1,"t":"Battles","s":"Armed clash","c":"Ukraine","l":"Nadiivka","a":"Donetsk","f":7}},{"type":"Feature","geometry":{"type":"Point","coordinates":[37.181,48.281]},"properties":{"d":"2025-02-24","w":1,"t":"Battles","s":"Armed clash","c":"Ukraine","l":"Pokrovsk","a":"Donetsk","f":7}},{"type":"Feature","geometry":{"type":"Point","coordinates":[37.318,48.269]},"properties":{"d":"2025-02-24","w":1,"t":"Battles","s":"Armed clash","c":"Ukraine","l":"Promin","a":"Donetsk","f":7}},{"type":"Feature","geometry":{"type":"Point","coordinates":[37.551,48.349]},"properties":{"d":"2025-02-24","w":1,"t":"Battles","s":"Armed clash","c":"Ukraine","l":"Tarasivka","a":"Donetsk","f":7}},{"type":"Feature","geometry":{"type":"Point","coordinates":[37.858,48.263]},"properties":{"d":"2025-02-24","w":1,"t":"Battles","s":"Armed clash","c":"Ukraine","l":"Troitske","a":"Donetsk","f":7}},{"type":"Feature","geometry":{"type":"Point","coordinates":[37.085,47.997]},"properties":{"d":"2025-02-24","w":1,"t":"Battles","s":"Armed clash","c":"Ukraine","l":"Ulakly","a":"Donetsk","f":7}},{"type":"Feature","geometry":{"type":"Point","coordinates":[37.506,48.336]},"properties":{"d":"2025-02-24","w":1,"t":"Battles","s":"Armed clash","c":"Ukraine","l":"Vodiane Druhe","a":"Donetsk","f":7}},{"type":"Feature","geometry":{"type":"Point","coordinates":[25.463,13.417]},"properties":{"d":"2025-03-01","w":1,"t":"Violence against civilians","s":"Attack","c":"Sudan","l":"Gos Beina","a":"North Darfur","f":7}},{"type":"Feature","geometry":{"type":"Point","coordinates":[43.175,0.628]},"properties":{"d":"2025-02-25","w":1,"t":"Explosions/Remote violence","s":"Air/drone strike","c":"Somalia","l":"Haramka","a":"Middle Juba","f":7}},{"type":"Feature","geometry":{"type":"Point","coordinates":[43.967,3.883]},"properties":{"d":"2025-02-27","w":1,"t":"Explosions/Remote violence","s":"Remote explosive/landmine/IED","c":"Somalia","l":"Madooda","a":"Bay","f":7}},{"type":"Feature","geometry":{"type":"Point","coordinates":[1.788,12.073]},"properties":{"d":"2025-02-24","w":1,"t":"Battles","s":"Armed clash","c":"Burkina Faso","l":"Diapaga","a":"Est","f":7}},{"type":"Feature","geometry":{"type":"Point","coordinates":[0.012,11.6]},"properties":{"d":"2025-02-28","w":1,"t":"Battles","s":"Armed clash","c":"Burkina Faso","l":"Tangonko","a":"Centre-Est","f":7}},{"type":"Feature","geometry":{"type":"Point","coordinates":[95.55,18.911]},"properties":{"d":"2025-03-02","w":1,"t":"Battles","s":"Armed clash","c":"Myanmar","l":"Paukkhaung","a":"Bago-West","f":7}},{"type":"Feature","geometry":{"type":"Point","coordinates":[95.434,21.494]},"properties":{"d":"2025-03-02","w":1,"t":"Battles","s":"Armed clash","c":"Myanmar","l":"Lel Thit","a":"Mandalay","f":7}},{"type":"Feature","geometry":{"type":"Point","coordinates":[4.155,9.953]},"properties":{"d":"2025-03-08","w":2,"t":"Battles","s":"Armed clash","c":"Nigeria","l":"Kainji Lake National Park","a":"Niger","f":110}},{"type":"Feature","geometry":{"type":"Point","coordinates":[35.887,35.475]},"properties":{"d":"2025-03-07","w":2,"t":"Violence against civilians","s":"Attack","c":"Syria","l":"As-Senoubar","a":"Lattakia","f":108}},{"type":"Feature","geometry":{"type":"Point","coordinates":[32.618,46.656]},"properties":{"d":"2025-03-05","w":2,"t":"Battles","s":"Armed clash","c":"Ukraine","l":"Kherson","a":"Kherson","f":102}},{"type":"Feature","geometry":{"type":"Point","coordinates":[35.963,35.198]},"properties":{"d":"2025-03-09","w":2,"t":"Violence against civilians","s":"Attack","c":"Syria","l":"Banyas","a":"Tartous","f":94}},{"type":"Feature","geometry":{"type":"Point","coordinates":[32.618,46.656]},"properties":{"d":"2025-03-03","w":2,"t":"Battles","s":"Armed clash","c":"Ukraine","l":"Kherson","a":"Kherson","f":86}},{"type":"Feature","geometry":{"type":"Point","coordinates":[35.887,35.475]},"properties":{"d":"2025-03-08","w":2,"t":"Violence against civilians","s":"Attack","c":"Syria","l":"As-Senoubar","a":"Lattakia","f":80}},{"type":"Feature","geometry":{"type":"Point","coordinates":[35.939,35.582]},"properties":{"d":"2025-03-09","w":2,"t":"Violence against civilians","s":"Attack","c":"Syria","l":"Al Mukhtaria","a":"Lattakia","f":74}},{"type":"Feature","geometry":{"type":"Point","coordinates":[32.618,46.656]},"properties":{"d":"2025-03-04","w":2,"t":"Battles","s":"Armed clash","c":"Ukraine","l":"Kherson","a":"Kherson","f":70}},{"type":"Feature","geometry":{"type":"Point","coordinates":[32.618,46.656]},"properties":{"d":"2025-03-04","w":2,"t":"Battles","s":"Armed clash","c":"Ukraine","l":"Kherson","a":"Kherson","f":65}},{"type":"Feature","geometry":{"type":"Point","coordinates":[32.618,46.656]},"properties":{"d":"2025-03-06","w":2,"t":"Battles","s":"Armed clash","c":"Ukraine","l":"Kherson","a":"Kherson","f":64}},{"type":"Feature","geometry":{"type":"Point","coordinates":[29.857,12.966]},"properties":{"d":"2025-03-08","w":2,"t":"Explosions/Remote violence","s":"Air/drone strike","c":"Sudan","l":"Abu Haraz","a":"North Kordofan","f":62}},{"type":"Feature","geometry":{"type":"Point","coordinates":[35.963,35.198]},"properties":{"d":"2025-03-07","w":2,"t":"Violence against civilians","s":"Attack","c":"Syria","l":"Banyas","a":"Tartous","f":60}},{"type":"Feature","geometry":{"type":"Point","coordinates":[32.618,46.656]},"properties":{"d":"2025-03-06","w":2,"t":"Battles","s":"Armed clash","c":"Ukraine","l":"Kherson","a":"Kherson","f":57}},{"type":"Feature","geometry":{"type":"Point","coordinates":[32.618,46.656]},"properties":{"d":"2025-03-03","w":2,"t":"Battles","s":"Armed clash","c":"Ukraine","l":"Kherson","a":"Kherson","f":52}},{"type":"Feature","geometry":{"type":"Point","coordinates":[35.963,35.198]},"properties":{"d":"2025-03-08","w":2,"t":"Violence against civilians","s":"Attack","c":"Syria","l":"Banyas","a":"Tartous","f":46}},{"type":"Feature","geometry":{"type":"Point","coordinates":[46.25,3.774]},"properties":{"d":"2025-03-07","w":2,"t":"Battles","s":"Non-state actor overtakes territory","c":"Somalia","l":"Adan Yabaal","a":"Middle Shabelle","f":44}},{"type":"Feature","geometry":{"type":"Point","coordinates":[32.618,46.656]},"properties":{"d":"2025-03-07","w":2,"t":"Battles","s":"Armed clash","c":"Ukraine","l":"Kherson","a":"Kherson","f":43}},{"type":"Feature","geometry":{"type":"Point","coordinates":[28.898,-1.267]},"properties":{"d":"2025-03-05","w":2,"t":"Violence against civilians","s":"Attack","c":"Democratic Republic of Congo","l":"Tambi","a":"Nord-Kivu","f":43}},{"type":"Feature","geometry":{"type":"Point","coordinates":[35.793,35.553]},"properties":{"d":"2025-03-08","w":2,"t":"Violence against civilians","s":"Attack","c":"Syria","l":"Lattakia - Da'tor","a":"Lattakia","f":42}},{"type":"Feature","geometry":{"type":"Point","coordinates":[32.618,46.656]},"properties":{"d":"2025-03-05","w":2,"t":"Battles","s":"Armed clash","c":"Ukraine","l":"Kherson","a":"Kherson","f":42}},{"type":"Feature","geometry":{"type":"Point","coordinates":[46.535,8.751]},"properties":{"d":"2025-03-07","w":2,"t":"Battles","s":"Armed clash","c":"Somalia","l":"Buq-Dharkayn","a":"Togdheer","f":40}},{"type":"Feature","geometry":{"type":"Point","coordinates":[46.614,8.698]},"properties":{"d":"2025-03-07","w":2,"t":"Battles","s":"Armed clash","c":"Somalia","l":"Yeyle","a":"Togdheer","f":40}},{"type":"Feature","geometry":{"type":"Point","coordinates":[-4.189,12.08]},"properties":{"d":"2025-03-08","w":2,"t":"Violence against civilians","s":"Attack","c":"Burkina Faso","l":"Bena","a":"Boucle du Mouhoun","f":40}},{"type":"Feature","geometry":{"type":"Point","coordinates":[35.79,35.539]},"properties":{"d":"2025-03-09","w":2,"t":"Violence against civilians","s":"Attack","c":"Syria","l":"Lattakia - Unspecified","a":"Lattakia","f":38}},{"type":"Feature","geometry":{"type":"Point","coordinates":[35.939,35.582]},"properties":{"d":"2025-03-07","w":2,"t":"Violence against civilians","s":"Attack","c":"Syria","l":"Al Mukhtaria","a":"Lattakia","f":38}},{"type":"Feature","geometry":{"type":"Point","coordinates":[70.607,32.986]},"properties":{"d":"2025-03-04","w":2,"t":"Battles","s":"Armed clash","c":"Pakistan","l":"Bannu","a":"Khyber Pakhtunkhwa","f":34}},{"type":"Feature","geometry":{"type":"Point","coordinates":[12.767,-4.65]},"properties":{"d":"2025-03-04","w":2,"t":"Battles","s":"Armed clash","c":"Angola","l":"Belize","a":"Cabinda","f":32}},{"type":"Feature","geometry":{"type":"Point","coordinates":[36.539,35.158]},"properties":{"d":"2025-03-08","w":2,"t":"Violence against civilians","s":"Attack","c":"Syria","l":"Tweim","a":"Hama","f":31}},{"type":"Feature","geometry":{"type":"Point","coordinates":[36.941,50.291]},"properties":{"d":"2025-03-08","w":2,"t":"Battles","s":"Armed clash","c":"Ukraine","l":"Vovchansk","a":"Kharkiv","f":31}},{"type":"Feature","geometry":{"type":"Point","coordinates":[32.618,46.656]},"properties":{"d":"2025-03-07","w":2,"t":"Battles","s":"Armed clash","c":"Ukraine","l":"Kherson","a":"Kherson","f":30}},{"type":"Feature","geometry":{"type":"Point","coordinates":[46.013,2.937]},"properties":{"d":"2025-03-08","w":2,"t":"Battles","s":"Non-state actor overtakes territory","c":"Somalia","l":"Bursha Shiikh","a":"Middle Shabelle","f":30}},{"type":"Feature","geometry":{"type":"Point","coordinates":[35.79,35.539]},"properties":{"d":"2025-03-08","w":2,"t":"Violence against civilians","s":"Attack","c":"Syria","l":"Lattakia - Unspecified","a":"Lattakia","f":29}},{"type":"Feature","geometry":{"type":"Point","coordinates":[0.45,13.511]},"properties":{"d":"2025-03-06","w":2,"t":"Violence against civilians","s":"Attack","c":"Burkina Faso","l":"Notou","a":"Sahel","f":28}},{"type":"Feature","geometry":{"type":"Point","coordinates":[35.793,35.553]},"properties":{"d":"2025-03-07","w":2,"t":"Violence against civilians","s":"Attack","c":"Syria","l":"Lattakia - Da'tor","a":"Lattakia","f":27}},{"type":"Feature","geometry":{"type":"Point","coordinates":[95.696,21.572]},"properties":{"d":"2025-03-09","w":2,"t":"Battles","s":"Armed clash","c":"Myanmar","l":"Kya Twin Boe","a":"Mandalay","f":27}},{"type":"Feature","geometry":{"type":"Point","coordinates":[35.887,35.475]},"properties":{"d":"2025-03-09","w":2,"t":"Violence against civilians","s":"Attack","c":"Syria","l":"As-Senoubar","a":"Lattakia","f":26}},{"type":"Feature","geometry":{"type":"Point","coordinates":[35.931,35.364]},"properties":{"d":"2025-03-09","w":2,"t":"Violence against civilians","s":"Attack","c":"Syria","l":"Jablah","a":"Lattakia","f":25}},{"type":"Feature","geometry":{"type":"Point","coordinates":[48.737,6.57]},"properties":{"d":"2025-03-05","w":2,"t":"Battles","s":"Armed clash","c":"Somalia","l":"Buq Qallooq","a":"Mudug","f":25}},{"type":"Feature","geometry":{"type":"Point","coordinates":[35.856,35.528]},"properties":{"d":"2025-03-07","w":2,"t":"Violence against civilians","s":"Attack","c":"Syria","l":"Ash shir","a":"Lattakia","f":24}},{"type":"Feature","geometry":{"type":"Point","coordinates":[29.31,0.604]},"properties":{"d":"2025-03-04","w":2,"t":"Violence against civilians","s":"Attack","c":"Democratic Republic of Congo","l":"Mangina","a":"Nord-Kivu","f":23}},{"type":"Feature","geometry":{"type":"Point","coordinates":[36.119,35.249]},"properties":{"d":"2025-03-06","w":2,"t":"Battles","s":"Armed clash","c":"Syria","l":"Beit Ana","a":"Lattakia","f":22}},{"type":"Feature","geometry":{"type":"Point","coordinates":[35.991,35.267]},"properties":{"d":"2025-03-07","w":2,"t":"Violence against civilians","s":"Attack","c":"Syria","l":"Qurfays","a":"Lattakia","f":22}},{"type":"Feature","geometry":{"type":"Point","coordinates":[36.034,35.627]},"properties":{"d":"2025-03-08","w":2,"t":"Violence against civilians","s":"Attack","c":"Syria","l":"Sharifa","a":"Lattakia","f":22}},{"type":"Feature","geometry":{"type":"Point","coordinates":[36.733,34.96]},"properties":{"d":"2025-03-08","w":2,"t":"Violence against civilians","s":"Attack","c":"Syria","l":"Al-Alamein","a":"Hama","f":21}},{"type":"Feature","geometry":{"type":"Point","coordinates":[37.318,48.269]},"properties":{"d":"2025-03-04","w":2,"t":"Battles","s":"Armed clash","c":"Ukraine","l":"Promin","a":"Donetsk","f":21}},{"type":"Feature","geometry":{"type":"Point","coordinates":[36.948,48.017]},"properties":{"d":"2025-03-04","w":2,"t":"Battles","s":"Armed clash","c":"Ukraine","l":"Oleksiivka","a":"Donetsk","f":21}},{"type":"Feature","geometry":{"type":"Point","coordinates":[46.527,3.816]},"properties":{"d":"2025-03-08","w":2,"t":"Explosions/Remote violence","s":"Air/drone strike","c":"Somalia","l":"Ceel-Bacad","a":"Galgaduud","f":21}},{"type":"Feature","geometry":{"type":"Point","coordinates":[13.414,13.421]},"properties":{"d":"2025-03-03","w":2,"t":"Battles","s":"Armed clash","c":"Nigeria","l":"Tumbun Gini","a":"Borno","f":20}},{"type":"Feature","geometry":{"type":"Point","coordinates":[35.963,35.198]},"properties":{"d":"2025-03-07","w":2,"t":"Battles","s":"Armed clash","c":"Syria","l":"Banyas","a":"Tartous","f":20}},{"type":"Feature","geometry":{"type":"Point","coordinates":[35.963,35.198]},"properties":{"d":"2025-03-07","w":2,"t":"Battles","s":"Armed clash","c":"Syria","l":"Banyas","a":"Tartous","f":20}},{"type":"Feature","geometry":{"type":"Point","coordinates":[35.948,35.407]},"properties":{"d":"2025-03-07","w":2,"t":"Battles","s":"Armed clash","c":"Syria","l":"Hmeimim Air Base","a":"Lattakia","f":20}},{"type":"Feature","geometry":{"type":"Point","coordinates":[35.79,35.539]},"properties":{"d":"2025-03-07","w":2,"t":"Battles","s":"Armed clash","c":"Syria","l":"Lattakia - Unspecified","a":"Lattakia","f":20}},{"type":"Feature","geometry":{"type":"Point","coordinates":[35.893,34.887]},"properties":{"d":"2025-03-07","w":2,"t":"Battles","s":"Armed clash","c":"Syria","l":"Tartous","a":"Tartous","f":20}},{"type":"Feature","geometry":{"type":"Point","coordinates":[36.051,35.454]},"properties":{"d":"2025-03-07","w":2,"t":"Battles","s":"Armed clash","c":"Syria","l":"Al-Qardaha","a":"Lattakia","f":20}},{"type":"Feature","geometry":{"type":"Point","coordinates":[35.931,35.364]},"properties":{"d":"2025-03-07","w":2,"t":"Battles","s":"Armed clash","c":"Syria","l":"Jablah","a":"Lattakia","f":20}},{"type":"Feature","geometry":{"type":"Point","coordinates":[37.968,48.501]},"properties":{"d":"2025-03-04","w":2,"t":"Battles","s":"Armed clash","c":"Ukraine","l":"Andriivka","a":"Donetsk","f":20}},{"type":"Feature","geometry":{"type":"Point","coordinates":[37.265,48.225]},"properties":{"d":"2025-03-04","w":2,"t":"Battles","s":"Armed clash","c":"Ukraine","l":"Lysivka","a":"Donetsk","f":20}},{"type":"Feature","geometry":{"type":"Point","coordinates":[37.413,48.219]},"properties":{"d":"2025-03-04","w":2,"t":"Battles","s":"Armed clash","c":"Ukraine","l":"Serhiivka","a":"Donetsk","f":20}},{"type":"Feature","geometry":{"type":"Point","coordinates":[46.25,3.774]},"properties":{"d":"2025-03-03","w":2,"t":"Battles","s":"Armed clash","c":"Somalia","l":"Adan Yabaal","a":"Middle Shabelle","f":20}},{"type":"Feature","geometry":{"type":"Point","coordinates":[95.314,21.939]},"properties":{"d":"2025-03-04","w":2,"t":"Battles","s":"Armed clash","c":"Myanmar","l":"Ngar Shan","a":"Sagaing","f":20}},{"type":"Feature","geometry":{"type":"Point","coordinates":[95.374,22.944]},"properties":{"d":"2025-03-04","w":2,"t":"Battles","s":"Armed clash","c":"Myanmar","l":"Taze","a":"Sagaing","f":20}},{"type":"Feature","geometry":{"type":"Point","coordinates":[29.012,0.022]},"properties":{"d":"2025-03-07","w":2,"t":"Violence against civilians","s":"Attack","c":"Democratic Republic of Congo","l":"Vutahi","a":"Nord-Kivu","f":19}},{"type":"Feature","geometry":{"type":"Point","coordinates":[37.057,48.022]},"properties":{"d":"2025-03-03","w":2,"t":"Battles","s":"Armed clash","c":"Ukraine","l":"Andriivka","a":"Donetsk","f":18}},{"type":"Feature","geometry":{"type":"Point","coordinates":[35.931,35.364]},"properties":{"d":"2025-03-07","w":2,"t":"Violence against civilians","s":"Attack","c":"Syria","l":"Jablah","a":"Lattakia","f":17}},{"type":"Feature","geometry":{"type":"Point","coordinates":[35.937,35.424]},"properties":{"d":"2025-03-09","w":2,"t":"Violence against civilians","s":"Attack","c":"Syria","l":"Bustan Al-Basha","a":"Lattakia","f":17}},{"type":"Feature","geometry":{"type":"Point","coordinates":[37.219,48.213]},"properties":{"d":"2025-03-03","w":2,"t":"Battles","s":"Armed clash","c":"Ukraine","l":"Dachenske","a":"Donetsk","f":17}},{"type":"Feature","geometry":{"type":"Point","coordinates":[37.265,48.225]},"properties":{"d":"2025-03-03","w":2,"t":"Battles","s":"Armed clash","c":"Ukraine","l":"Lysivka","a":"Donetsk","f":17}},{"type":"Feature","geometry":{"type":"Point","coordinates":[37.775,48.282]},"properties":{"d":"2025-03-03","w":2,"t":"Battles","s":"Armed clash","c":"Ukraine","l":"Oleksandropil","a":"Donetsk","f":17}},{"type":"Feature","geometry":{"type":"Point","coordinates":[37.318,48.269]},"properties":{"d":"2025-03-03","w":2,"t":"Battles","s":"Armed clash","c":"Ukraine","l":"Promin","a":"Donetsk","f":17}},{"type":"Feature","geometry":{"type":"Point","coordinates":[7.084,8.379]},"properties":{"d":"2025-03-04","w":2,"t":"Battles","s":"Armed clash","c":"Nigeria","l":"Toto","a":"Nassarawa","f":16}},{"type":"Feature","geometry":{"type":"Point","coordinates":[35.963,35.198]},"properties":{"d":"2025-03-09","w":2,"t":"Explosions/Remote violence","s":"Air/drone strike","c":"Syria","l":"Banyas","a":"Tartous","f":16}},{"type":"Feature","geometry":{"type":"Point","coordinates":[35.931,35.364]},"properties":{"d":"2025-03-08","w":2,"t":"Battles","s":"Armed clash","c":"Syria","l":"Jablah","a":"Lattakia","f":16}},{"type":"Feature","geometry":{"type":"Point","coordinates":[35.963,35.198]},"properties":{"d":"2025-03-09","w":2,"t":"Battles","s":"Armed clash","c":"Syria","l":"Banyas","a":"Tartous","f":16}},{"type":"Feature","geometry":{"type":"Point","coordinates":[35.931,35.364]},"properties":{"d":"2025-03-09","w":2,"t":"Battles","s":"Armed clash","c":"Syria","l":"Jablah","a":"Lattakia","f":16}},{"type":"Feature","geometry":{"type":"Point","coordinates":[35.925,35.517]},"properties":{"d":"2025-03-09","w":2,"t":"Explosions/Remote violence","s":"Air/drone strike","c":"Syria","l":"Mzar al Qatariyah","a":"Lattakia","f":16}},{"type":"Feature","geometry":{"type":"Point","coordinates":[35.938,35.497]},"properties":{"d":"2025-03-09","w":2,"t":"Explosions/Remote violence","s":"Air/drone strike","c":"Syria","l":"Al Ruwaymiya","a":"Lattakia","f":16}},{"type":"Feature","geometry":{"type":"Point","coordinates":[36.161,35.101]},"properties":{"d":"2025-03-09","w":2,"t":"Explosions/Remote violence","s":"Air/drone strike","c":"Syria","l":"Qadmous","a":"Tartous","f":16}},{"type":"Feature","geometry":{"type":"Point","coordinates":[35.801,35.535]},"properties":{"d":"2025-03-08","w":2,"t":"Battles","s":"Armed clash","c":"Syria","l":"Lattakia - Naval Forces Command","a":"Lattakia","f":16}},{"type":"Feature","geometry":{"type":"Point","coordinates":[36.093,35.144]},"properties":{"d":"2025-03-09","w":2,"t":"Explosions/Remote violence","s":"Air/drone strike","c":"Syria","l":"Al-Hattaniya","a":"Tartous","f":16}},{"type":"Feature","geometry":{"type":"Point","coordinates":[36.051,35.107]},"properties":{"d":"2025-03-09","w":2,"t":"Battles","s":"Armed clash","c":"Syria","l":"Ta'nita","a":"Tartous","f":16}},{"type":"Feature","geometry":{"type":"Point","coordinates":[36.086,35.076]},"properties":{"d":"2025-03-09","w":2,"t":"Battles","s":"Armed clash","c":"Syria","l":"Hamam Wasil","a":"Tartous","f":16}},{"type":"Feature","geometry":{"type":"Point","coordinates":[36.07,35.532]},"properties":{"d":"2025-03-09","w":2,"t":"Explosions/Remote violence","s":"Air/drone strike","c":"Syria","l":"Mzaira","a":"Lattakia","f":16}},{"type":"Feature","geometry":{"type":"Point","coordinates":[36.009,35.525]},"properties":{"d":"2025-03-09","w":2,"t":"Explosions/Remote violence","s":"Air/drone strike","c":"Syria","l":"Al-Qeweiqa","a":"Lattakia","f":16}},{"type":"Feature","geometry":{"type":"Point","coordinates":[35.937,35.381]},"properties":{"d":"2025-03-09","w":2,"t":"Explosions/Remote violence","s":"Air/drone strike","c":"Syria","l":"Ar Ramilah","a":"Lattakia","f":16}},{"type":"Feature","geometry":{"type":"Point","coordinates":[35.793,35.553]},"properties":{"d":"2025-03-09","w":2,"t":"Battles","s":"Armed clash","c":"Syria","l":"Lattakia - Da'tor","a":"Lattakia","f":16}},{"type":"Feature","geometry":{"type":"Point","coordinates":[35.768,35.509]},"properties":{"d":"2025-03-09","w":2,"t":"Battles","s":"Armed clash","c":"Syria","l":"Lattakia - Port","a":"Lattakia","f":16}},{"type":"Feature","geometry":{"type":"Point","coordinates":[37.05,48.255]},"properties":{"d":"2025-03-03","w":2,"t":"Battles","s":"Armed clash","c":"Ukraine","l":"Kotlyne","a":"Donetsk","f":16}},{"type":"Feature","geometry":{"type":"Point","coordinates":[36.981,48.115]},"properties":{"d":"2025-03-03","w":2,"t":"Battles","s":"Armed clash","c":"Ukraine","l":"Preobrazhenka","a":"Donetsk","f":16}},{"type":"Feature","geometry":{"type":"Point","coordinates":[37.085,47.997]},"properties":{"d":"2025-03-03","w":2,"t":"Battles","s":"Armed clash","c":"Ukraine","l":"Ulakly","a":"Donetsk","f":16}},{"type":"Feature","geometry":{"type":"Point","coordinates":[35.94,35.401]},"properties":{"d":"2025-03-06","w":2,"t":"Battles","s":"Armed clash","c":"Syria","l":"Hmeimim","a":"Lattakia","f":15}},{"type":"Feature","geometry":{"type":"Point","coordinates":[36.147,35.236]},"properties":{"d":"2025-03-06","w":2,"t":"Battles","s":"Armed clash","c":"Syria","l":"Dalyeh","a":"Lattakia","f":15}},{"type":"Feature","geometry":{"type":"Point","coordinates":[36.301,35.033]},"properties":{"d":"2025-03-08","w":2,"t":"Violence against civilians","s":"Attack","c":"Syria","l":"Ar-Rasafa","a":"Hama","f":15}},{"type":"Feature","geometry":{"type":"Point","coordinates":[25.356,13.626]},"properties":{"d":"2025-03-09","w":2,"t":"Battles","s":"Armed clash","c":"Sudan","l":"El Fasher","a":"North Darfur","f":15}},{"type":"Feature","geometry":{"type":"Point","coordinates":[5.263,7.394]},"properties":{"d":"2025-03-08","w":2,"t":"Violence against civilians","s":"Attack","c":"Nigeria","l":"Iju","a":"Ondo","f":14}},{"type":"Feature","geometry":{"type":"Point","coordinates":[36.051,35.454]},"properties":{"d":"2025-03-09","w":2,"t":"Violence against civilians","s":"Attack","c":"Syria","l":"Al-Qardaha","a":"Lattakia","f":14}},{"type":"Feature","geometry":{"type":"Point","coordinates":[-4.889,14.17]},"properties":{"d":"2025-03-04","w":2,"t":"Battles","s":"Armed clash","c":"Mali","l":"Nouh-Bozo","a":"Mopti","f":14}},{"type":"Feature","geometry":{"type":"Point","coordinates":[36.074,35.247]},"properties":{"d":"2025-03-08","w":2,"t":"Violence against civilians","s":"Attack","c":"Syria","l":"Beit Lawho","a":"Lattakia","f":13}},{"type":"Feature","geometry":{"type":"Point","coordinates":[37.219,48.213]},"properties":{"d":"2025-03-06","w":2,"t":"Battles","s":"Armed clash","c":"Ukraine","l":"Dachenske","a":"Donetsk","f":13}},{"type":"Feature","geometry":{"type":"Point","coordinates":[37.05,48.255]},"properties":{"d":"2025-03-06","w":2,"t":"Battles","s":"Armed clash","c":"Ukraine","l":"Kotlyne","a":"Donetsk","f":13}},{"type":"Feature","geometry":{"type":"Point","coordinates":[37.007,48.143]},"properties":{"d":"2025-03-06","w":2,"t":"Battles","s":"Armed clash","c":"Ukraine","l":"Nadiivka","a":"Donetsk","f":13}},{"type":"Feature","geometry":{"type":"Point","coordinates":[37.318,48.269]},"properties":{"d":"2025-03-06","w":2,"t":"Battles","s":"Armed clash","c":"Ukraine","l":"Promin","a":"Donetsk","f":13}},{"type":"Feature","geometry":{"type":"Point","coordinates":[37.145,48.22]},"properties":{"d":"2025-03-06","w":2,"t":"Battles","s":"Armed clash","c":"Ukraine","l":"Shevchenko","a":"Donetsk","f":13}},{"type":"Feature","geometry":{"type":"Point","coordinates":[37.172,48.215]},"properties":{"d":"2025-03-06","w":2,"t":"Battles","s":"Armed clash","c":"Ukraine","l":"Vidrodzhennia","a":"Donetsk","f":13}},{"type":"Feature","geometry":{"type":"Point","coordinates":[37.196,48.215]},"properties":{"d":"2025-03-06","w":2,"t":"Battles","s":"Armed clash","c":"Ukraine","l":"Zelene","a":"Donetsk","f":13}},{"type":"Feature","geometry":{"type":"Point","coordinates":[37.057,48.022]},"properties":{"d":"2025-03-09","w":2,"t":"Battles","s":"Armed clash","c":"Ukraine","l":"Andriivka","a":"Donetsk","f":13}},{"type":"Feature","geometry":{"type":"Point","coordinates":[37.219,48.213]},"properties":{"d":"2025-03-09","w":2,"t":"Battles","s":"Armed clash","c":"Ukraine","l":"Dachenske","a":"Donetsk","f":13}},{"type":"Feature","geometry":{"type":"Point","coordinates":[37.05,48.255]},"properties":{"d":"2025-03-09","w":2,"t":"Battles","s":"Armed clash","c":"Ukraine","l":"Kotlyne","a":"Donetsk","f":13}},{"type":"Feature","geometry":{"type":"Point","coordinates":[37.007,48.143]},"properties":{"d":"2025-03-09","w":2,"t":"Battles","s":"Armed clash","c":"Ukraine","l":"Nadiivka","a":"Donetsk","f":13}},{"type":"Feature","geometry":{"type":"Point","coordinates":[36.981,48.115]},"properties":{"d":"2025-03-09","w":2,"t":"Battles","s":"Armed clash","c":"Ukraine","l":"Preobrazhenka","a":"Donetsk","f":13}},{"type":"Feature","geometry":{"type":"Point","coordinates":[37.318,48.269]},"properties":{"d":"2025-03-09","w":2,"t":"Battles","s":"Armed clash","c":"Ukraine","l":"Promin","a":"Donetsk","f":13}},{"type":"Feature","geometry":{"type":"Point","coordinates":[37.085,47.997]},"properties":{"d":"2025-03-09","w":2,"t":"Battles","s":"Armed clash","c":"Ukraine","l":"Ulakly","a":"Donetsk","f":13}},{"type":"Feature","geometry":{"type":"Point","coordinates":[42.767,0.483]},"properties":{"d":"2025-03-16","w":3,"t":"Explosions/Remote violence","s":"Air/drone strike","c":"Somalia","l":"Jilib","a":"Middle Juba","f":120}},{"type":"Feature","geometry":{"type":"Point","coordinates":[32.618,46.656]},"properties":{"d":"2025-03-10","w":3,"t":"Battles","s":"Armed clash","c":"Ukraine","l":"Kherson","a":"Kherson","f":118}},{"type":"Feature","geometry":{"type":"Point","coordinates":[-4.189,12.08]},"properties":{"d":"2025-03-10","w":3,"t":"Battles","s":"Armed clash","c":"Burkina Faso","l":"Bena","a":"Boucle du Mouhoun","f":100}},{"type":"Feature","geometry":{"type":"Point","coordinates":[32.618,46.656]},"properties":{"d":"2025-03-12","w":3,"t":"Battles","s":"Armed clash","c":"Ukraine","l":"Kherson","a":"Kherson","f":96}},{"type":"Feature","geometry":{"type":"Point","coordinates":[95.205,21.076]},"properties":{"d":"2025-03-14","w":3,"t":"Battles","s":"Armed clash","c":"Myanmar","l":"Htauk Wa","a":"Mandalay","f":75}},{"type":"Feature","geometry":{"type":"Point","coordinates":[32.618,46.656]},"properties":{"d":"2025-03-11","w":3,"t":"Battles","s":"Armed clash","c":"Ukraine","l":"Kherson","a":"Kherson","f":72}},{"type":"Feature","geometry":{"type":"Point","coordinates":[36.761,35.134]},"properties":{"d":"2025-03-10","w":3,"t":"Violence against civilians","s":"Attack","c":"Syria","l":"Hama - Unspecified","a":"Hama","f":71}},{"type":"Feature","geometry":{"type":"Point","coordinates":[32.618,46.656]},"properties":{"d":"2025-03-13","w":3,"t":"Battles","s":"Armed clash","c":"Ukraine","l":"Kherson","a":"Kherson","f":70}},{"type":"Feature","geometry":{"type":"Point","coordinates":[32.618,46.656]},"properties":{"d":"2025-03-11","w":3,"t":"Battles","s":"Armed clash","c":"Ukraine","l":"Kherson","a":"Kherson","f":68}},{"type":"Feature","geometry":{"type":"Point","coordinates":[35.963,35.198]},"properties":{"d":"2025-03-11","w":3,"t":"Violence against civilians","s":"Attack","c":"Syria","l":"Banyas","a":"Tartous","f":62}},{"type":"Feature","geometry":{"type":"Point","coordinates":[36.301,35.033]},"properties":{"d":"2025-03-12","w":3,"t":"Violence against civilians","s":"Attack","c":"Syria","l":"Ar-Rasafa","a":"Hama","f":62}},{"type":"Feature","geometry":{"type":"Point","coordinates":[35.79,35.539]},"properties":{"d":"2025-03-11","w":3,"t":"Violence against civilians","s":"Attack","c":"Syria","l":"Lattakia - Unspecified","a":"Lattakia","f":59}},{"type":"Feature","geometry":{"type":"Point","coordinates":[32.618,46.656]},"properties":{"d":"2025-03-13","w":3,"t":"Battles","s":"Armed clash","c":"Ukraine","l":"Kherson","a":"Kherson","f":57}},{"type":"Feature","geometry":{"type":"Point","coordinates":[32.618,46.656]},"properties":{"d":"2025-03-12","w":3,"t":"Battles","s":"Armed clash","c":"Ukraine","l":"Kherson","a":"Kherson","f":50}},{"type":"Feature","geometry":{"type":"Point","coordinates":[3.674,10.276]},"properties":{"d":"2025-03-11","w":3,"t":"Battles","s":"Armed clash","c":"Nigeria","l":"Dekala","a":"Niger","f":49}},{"type":"Feature","geometry":{"type":"Point","coordinates":[35.893,34.887]},"properties":{"d":"2025-03-10","w":3,"t":"Violence against civilians","s":"Attack","c":"Syria","l":"Tartous","a":"Tartous","f":42}},{"type":"Feature","geometry":{"type":"Point","coordinates":[32.618,46.656]},"properties":{"d":"2025-03-14","w":3,"t":"Battles","s":"Armed clash","c":"Ukraine","l":"Kherson","a":"Kherson","f":42}},{"type":"Feature","geometry":{"type":"Point","coordinates":[32.618,46.656]},"properties":{"d":"2025-03-14","w":3,"t":"Battles","s":"Armed clash","c":"Ukraine","l":"Kherson","a":"Kherson","f":42}},{"type":"Feature","geometry":{"type":"Point","coordinates":[95.367,22.972]},"properties":{"d":"2025-03-10","w":3,"t":"Battles","s":"Armed clash","c":"Myanmar","l":"Sin Nge","a":"Sagaing","f":41}},{"type":"Feature","geometry":{"type":"Point","coordinates":[29.857,12.966]},"properties":{"d":"2025-03-16","w":3,"t":"Battles","s":"Armed clash","c":"Sudan","l":"Abu Haraz","a":"North Kordofan","f":40}},{"type":"Feature","geometry":{"type":"Point","coordinates":[92.878,20.237]},"properties":{"d":"2025-03-11","w":3,"t":"Battles","s":"Armed clash","c":"Myanmar","l":"Taw Kan","a":"Rakhine","f":40}},{"type":"Feature","geometry":{"type":"Point","coordinates":[32.618,46.656]},"properties":{"d":"2025-03-10","w":3,"t":"Battles","s":"Armed clash","c":"Ukraine","l":"Kherson","a":"Kherson","f":38}},{"type":"Feature","geometry":{"type":"Point","coordinates":[6.578,12.59]},"properties":{"d":"2025-03-10","w":3,"t":"Battles","s":"Armed clash","c":"Nigeria","l":"Kaura Namoda","a":"Zamfara","f":37}},{"type":"Feature","geometry":{"type":"Point","coordinates":[46.1,2.919]},"properties":{"d":"2025-03-15","w":3,"t":"Battles","s":"Non-state actor overtakes territory","c":"Somalia","l":"Sumadaale","a":"Middle Shabelle","f":37}},{"type":"Feature","geometry":{"type":"Point","coordinates":[26.159,15.093]},"properties":{"d":"2025-03-10","w":3,"t":"Explosions/Remote violence","s":"Air/drone strike","c":"Sudan","l":"Malha","a":"North Darfur","f":35}},{"type":"Feature","geometry":{"type":"Point","coordinates":[35.963,35.198]},"properties":{"d":"2025-03-12","w":3,"t":"Violence against civilians","s":"Attack","c":"Syria","l":"Banyas","a":"Tartous","f":34}},{"type":"Feature","geometry":{"type":"Point","coordinates":[1.05,12.723]},"properties":{"d":"2025-03-14","w":3,"t":"Battles","s":"Armed clash","c":"Burkina Faso","l":"Foutouri","a":"Est","f":33}},{"type":"Feature","geometry":{"type":"Point","coordinates":[44.833,1.983]},"properties":{"d":"2025-03-15","w":3,"t":"Battles","s":"Non-state actor overtakes territory","c":"Somalia","l":"Awdheegle","a":"Lower Shabelle","f":31}},{"type":"Feature","geometry":{"type":"Point","coordinates":[4.155,9.953]},"properties":{"d":"2025-03-12","w":3,"t":"Explosions/Remote violence","s":"Remote explosive/landmine/IED","c":"Nigeria","l":"Kainji Lake National Park","a":"Niger","f":30}},{"type":"Feature","geometry":{"type":"Point","coordinates":[3.818,10.434]},"properties":{"d":"2025-03-10","w":3,"t":"Battles","s":"Armed clash","c":"Nigeria","l":"Babanna","a":"Niger","f":30}},{"type":"Feature","geometry":{"type":"Point","coordinates":[66.721,29.794]},"properties":{"d":"2025-03-15","w":3,"t":"Battles","s":"Armed clash","c":"Pakistan","l":"Mastung","a":"Balochistan","f":30}},{"type":"Feature","geometry":{"type":"Point","coordinates":[46.25,3.774]},"properties":{"d":"2025-03-13","w":3,"t":"Explosions/Remote violence","s":"Air/drone strike","c":"Somalia","l":"Adan Yabaal","a":"Middle Shabelle","f":29}},{"type":"Feature","geometry":{"type":"Point","coordinates":[-4.293,12.051]},"properties":{"d":"2025-03-10","w":3,"t":"Violence against civilians","s":"Attack","c":"Burkina Faso","l":"Mahouana","a":"Boucle du Mouhoun","f":29}},{"type":"Feature","geometry":{"type":"Point","coordinates":[-4.189,12.08]},"properties":{"d":"2025-03-10","w":3,"t":"Violence against civilians","s":"Attack","c":"Burkina Faso","l":"Bena","a":"Boucle du Mouhoun","f":29}},{"type":"Feature","geometry":{"type":"Point","coordinates":[46.013,2.937]},"properties":{"d":"2025-03-11","w":3,"t":"Battles","s":"Government regains territory","c":"Somalia","l":"Bursha Shiikh","a":"Middle Shabelle","f":28}},{"type":"Feature","geometry":{"type":"Point","coordinates":[96.064,22.554]},"properties":{"d":"2025-03-14","w":3,"t":"Explosions/Remote violence","s":"Air/drone strike","c":"Myanmar","l":"Let Pan Hla","a":"Mandalay","f":27}},{"type":"Feature","geometry":{"type":"Point","coordinates":[35.79,35.539]},"properties":{"d":"2025-03-10","w":3,"t":"Violence against civilians","s":"Attack","c":"Syria","l":"Lattakia - Unspecified","a":"Lattakia","f":26}},{"type":"Feature","geometry":{"type":"Point","coordinates":[67.729,29.566]},"properties":{"d":"2025-03-11","w":3,"t":"Violence against civilians","s":"Attack","c":"Pakistan","l":"Mashkaf","a":"Balochistan","f":26}},{"type":"Feature","geometry":{"type":"Point","coordinates":[45.486,2.795]},"properties":{"d":"2025-03-11","w":3,"t":"Explosions/Remote violence","s":"Air/drone strike","c":"Somalia","l":"Damasha","a":"Middle Shabelle","f":25}},{"type":"Feature","geometry":{"type":"Point","coordinates":[45.535,2.97]},"properties":{"d":"2025-03-11","w":3,"t":"Explosions/Remote violence","s":"Air/drone strike","c":"Somalia","l":"Mahadaay","a":"Middle Shabelle","f":25}},{"type":"Feature","geometry":{"type":"Point","coordinates":[67.729,29.566]},"properties":{"d":"2025-03-12","w":3,"t":"Battles","s":"Armed clash","c":"Pakistan","l":"Mashkaf","a":"Balochistan","f":24}},{"type":"Feature","geometry":{"type":"Point","coordinates":[35.79,35.539]},"properties":{"d":"2025-03-13","w":3,"t":"Violence against civilians","s":"Attack","c":"Syria","l":"Lattakia - Unspecified","a":"Lattakia","f":23}},{"type":"Feature","geometry":{"type":"Point","coordinates":[37.181,48.281]},"properties":{"d":"2025-03-10","w":3,"t":"Battles","s":"Armed clash","c":"Ukraine","l":"Pokrovsk","a":"Donetsk","f":23}},{"type":"Feature","geometry":{"type":"Point","coordinates":[36.991,48.24]},"properties":{"d":"2025-03-10","w":3,"t":"Battles","s":"Armed clash","c":"Ukraine","l":"Udachne","a":"Donetsk","f":23}},{"type":"Feature","geometry":{"type":"Point","coordinates":[36.699,35.175]},"properties":{"d":"2025-03-12","w":3,"t":"Violence against civilians","s":"Attack","c":"Syria","l":"Arzeh","a":"Hama","f":22}},{"type":"Feature","geometry":{"type":"Point","coordinates":[37.318,48.269]},"properties":{"d":"2025-03-10","w":3,"t":"Battles","s":"Armed clash","c":"Ukraine","l":"Promin","a":"Donetsk","f":22}},{"type":"Feature","geometry":{"type":"Point","coordinates":[37.762,48.312]},"properties":{"d":"2025-03-10","w":3,"t":"Battles","s":"Armed clash","c":"Ukraine","l":"Valentynivka","a":"Donetsk","f":22}},{"type":"Feature","geometry":{"type":"Point","coordinates":[37.449,48.303]},"properties":{"d":"2025-03-10","w":3,"t":"Battles","s":"Armed clash","c":"Ukraine","l":"Yelyzavetivka","a":"Donetsk","f":22}},{"type":"Feature","geometry":{"type":"Point","coordinates":[37.057,48.022]},"properties":{"d":"2025-03-10","w":3,"t":"Battles","s":"Armed clash","c":"Ukraine","l":"Andriivka","a":"Donetsk","f":21}},{"type":"Feature","geometry":{"type":"Point","coordinates":[36.934,48.141]},"properties":{"d":"2025-03-10","w":3,"t":"Battles","s":"Armed clash","c":"Ukraine","l":"Kotliarivka","a":"Donetsk","f":21}},{"type":"Feature","geometry":{"type":"Point","coordinates":[37.265,48.225]},"properties":{"d":"2025-03-10","w":3,"t":"Battles","s":"Armed clash","c":"Ukraine","l":"Lysivka","a":"Donetsk","f":21}},{"type":"Feature","geometry":{"type":"Point","coordinates":[36.948,48.017]},"properties":{"d":"2025-03-10","w":3,"t":"Battles","s":"Armed clash","c":"Ukraine","l":"Oleksiivka","a":"Donetsk","f":21}},{"type":"Feature","geometry":{"type":"Point","coordinates":[4.155,9.953]},"properties":{"d":"2025-03-16","w":3,"t":"Battles","s":"Armed clash","c":"Nigeria","l":"Kainji Lake National Park","a":"Niger","f":20}},{"type":"Feature","geometry":{"type":"Point","coordinates":[25.356,13.626]},"properties":{"d":"2025-03-11","w":3,"t":"Battles","s":"Armed clash","c":"Sudan","l":"El Fasher","a":"North Darfur","f":20}},{"type":"Feature","geometry":{"type":"Point","coordinates":[-4.429,9.789]},"properties":{"d":"2025-03-13","w":3,"t":"Battles","s":"Armed clash","c":"Burkina Faso","l":"Sakedougou","a":"Cascades","f":20}},{"type":"Feature","geometry":{"type":"Point","coordinates":[98.192,14.083]},"properties":{"d":"2025-03-10","w":3,"t":"Battles","s":"Armed clash","c":"Myanmar","l":"Dawei","a":"Tanintharyi","f":20}},{"type":"Feature","geometry":{"type":"Point","coordinates":[7.215,11.759]},"properties":{"d":"2025-03-13","w":3,"t":"Explosions/Remote violence","s":"Air/drone strike","c":"Nigeria","l":"Ruwan Godiya","a":"Katsina","f":19}},{"type":"Feature","geometry":{"type":"Point","coordinates":[37.022,48.2]},"properties":{"d":"2025-03-16","w":3,"t":"Battles","s":"Armed clash","c":"Ukraine","l":"Uspenivka","a":"Donetsk","f":19}},{"type":"Feature","geometry":{"type":"Point","coordinates":[46.13,3.097]},"properties":{"d":"2025-03-13","w":3,"t":"Explosions/Remote violence","s":"Air/drone strike","c":"Somalia","l":"Lamagaras","a":"Middle Shabelle","f":19}},{"type":"Feature","geometry":{"type":"Point","coordinates":[46.514,5.205]},"properties":{"d":"2025-03-13","w":3,"t":"Explosions/Remote violence","s":"Air/drone strike","c":"Somalia","l":"Ceel Garas","a":"Galgaduud","f":19}},{"type":"Feature","geometry":{"type":"Point","coordinates":[0.347,14.143]},"properties":{"d":"2025-03-15","w":3,"t":"Battles","s":"Armed clash","c":"Niger","l":"Kiral","a":"Tillaberi","f":19}},{"type":"Feature","geometry":{"type":"Point","coordinates":[35.887,35.475]},"properties":{"d":"2025-03-12","w":3,"t":"Violence against civilians","s":"Attack","c":"Syria","l":"As-Senoubar","a":"Lattakia","f":18}},{"type":"Feature","geometry":{"type":"Point","coordinates":[96.297,24.237]},"properties":{"d":"2025-03-16","w":3,"t":"Battles","s":"Armed clash","c":"Myanmar","l":"Pin Ma Lut","a":"Sagaing","f":18}},{"type":"Feature","geometry":{"type":"Point","coordinates":[37.05,48.255]},"properties":{"d":"2025-03-16","w":3,"t":"Battles","s":"Armed clash","c":"Ukraine","l":"Kotlyne","a":"Donetsk","f":17}},{"type":"Feature","geometry":{"type":"Point","coordinates":[37.318,48.269]},"properties":{"d":"2025-03-16","w":3,"t":"Battles","s":"Armed clash","c":"Ukraine","l":"Promin","a":"Donetsk","f":17}},{"type":"Feature","geometry":{"type":"Point","coordinates":[37.067,48.106]},"properties":{"d":"2025-03-16","w":3,"t":"Battles","s":"Armed clash","c":"Ukraine","l":"Yasenove","a":"Donetsk","f":17}},{"type":"Feature","geometry":{"type":"Point","coordinates":[37.449,48.303]},"properties":{"d":"2025-03-16","w":3,"t":"Battles","s":"Armed clash","c":"Ukraine","l":"Yelyzavetivka","a":"Donetsk","f":17}},{"type":"Feature","geometry":{"type":"Point","coordinates":[37.126,48.25]},"properties":{"d":"2025-03-16","w":3,"t":"Battles","s":"Armed clash","c":"Ukraine","l":"Zvirove","a":"Donetsk","f":17}},{"type":"Feature","geometry":{"type":"Point","coordinates":[37.76,48.322]},"properties":{"d":"2025-03-16","w":3,"t":"Battles","s":"Armed clash","c":"Ukraine","l":"Sukha Balka","a":"Donetsk","f":17}},{"type":"Feature","geometry":{"type":"Point","coordinates":[36.997,48.189]},"properties":{"d":"2025-03-16","w":3,"t":"Battles","s":"Armed clash","c":"Ukraine","l":"Novooleksandrivka","a":"Donetsk","f":17}},{"type":"Feature","geometry":{"type":"Point","coordinates":[-1.056,13.414]},"properties":{"d":"2025-03-13","w":3,"t":"Battles","s":"Armed clash","c":"Burkina Faso","l":"Barsalogho","a":"Centre-Nord","f":17}},{"type":"Feature","geometry":{"type":"Point","coordinates":[97.093,19.744]},"properties":{"d":"2025-03-14","w":3,"t":"Battles","s":"Armed clash","c":"Myanmar","l":"Moe Bye","a":"Shan-South","f":17}},{"type":"Feature","geometry":{"type":"Point","coordinates":[96.297,24.237]},"properties":{"d":"2025-03-15","w":3,"t":"Battles","s":"Armed clash","c":"Myanmar","l":"Pin Ma Lut","a":"Sagaing","f":17}},{"type":"Feature","geometry":{"type":"Point","coordinates":[4.155,9.953]},"properties":{"d":"2025-03-11","w":3,"t":"Battles","s":"Armed clash","c":"Nigeria","l":"Kainji Lake National Park","a":"Niger","f":16}},{"type":"Feature","geometry":{"type":"Point","coordinates":[35.798,35.508]},"properties":{"d":"2025-03-15","w":3,"t":"Explosions/Remote violence","s":"Remote explosive/landmine/IED","c":"Syria","l":"Lattakia - Ar-Raml al-Janoubi","a":"Lattakia","f":16}},{"type":"Feature","geometry":{"type":"Point","coordinates":[36.012,35.627]},"properties":{"d":"2025-03-10","w":3,"t":"Violence against civilians","s":"Attack","c":"Syria","l":"Barabsho","a":"Lattakia","f":16}},{"type":"Feature","geometry":{"type":"Point","coordinates":[37.057,48.022]},"properties":{"d":"2025-03-16","w":3,"t":"Battles","s":"Armed clash","c":"Ukraine","l":"Andriivka","a":"Donetsk","f":16}},{"type":"Feature","geometry":{"type":"Point","coordinates":[45.269,2.311]},"properties":{"d":"2025-03-11","w":3,"t":"Battles","s":"Armed clash","c":"Somalia","l":"Baasra","a":"Lower Shabelle","f":16}},{"type":"Feature","geometry":{"type":"Point","coordinates":[45.204,4.736]},"properties":{"d":"2025-03-11","w":3,"t":"Explosions/Remote violence","s":"Suicide bomb","c":"Somalia","l":"Belet Weyne","a":"Hiraan","f":16}},{"type":"Feature","geometry":{"type":"Point","coordinates":[34.502,31.554]},"properties":{"d":"2025-03-11","w":3,"t":"Explosions/Remote violence","s":"Shelling/artillery/missile attack","c":"Palestine","l":"Beit Lahiya - Unspecified","a":"Gaza Strip","f":15}},{"type":"Feature","geometry":{"type":"Point","coordinates":[34.26,31.287]},"properties":{"d":"2025-03-11","w":3,"t":"Explosions/Remote violence","s":"Shelling/artillery/missile attack","c":"Palestine","l":"Rafah","a":"Gaza Strip","f":15}},{"type":"Feature","geometry":{"type":"Point","coordinates":[35.996,35.179]},"properties":{"d":"2025-03-12","w":3,"t":"Violence against civilians","s":"Attack","c":"Syria","l":"Barmaya","a":"Tartous","f":15}},{"type":"Feature","geometry":{"type":"Point","coordinates":[36.678,47.898]},"properties":{"d":"2025-03-16","w":3,"t":"Battles","s":"Armed clash","c":"Ukraine","l":"Shevchenko","a":"Donetsk","f":15}},{"type":"Feature","geometry":{"type":"Point","coordinates":[30.128,12.999]},"properties":{"d":"2025-03-13","w":3,"t":"Explosions/Remote violence","s":"Air/drone strike","c":"Sudan","l":"Umm Arada","a":"North Kordofan","f":15}},{"type":"Feature","geometry":{"type":"Point","coordinates":[12.436,13.183]},"properties":{"d":"2025-03-16","w":3,"t":"Battles","s":"Armed clash","c":"Niger","l":"Chetima Wangou","a":"Diffa","f":15}},{"type":"Feature","geometry":{"type":"Point","coordinates":[95.833,18.274]},"properties":{"d":"2025-03-12","w":3,"t":"Battles","s":"Armed clash","c":"Myanmar","l":"Waing","a":"Bago-West","f":15}},{"type":"Feature","geometry":{"type":"Point","coordinates":[95.713,21.735]},"properties":{"d":"2025-03-10","w":3,"t":"Explosions/Remote violence","s":"Remote explosive/landmine/IED","c":"Myanmar","l":"Ywar Thar","a":"Mandalay","f":15}},{"type":"Feature","geometry":{"type":"Point","coordinates":[96.8,22.329]},"properties":{"d":"2025-03-16","w":3,"t":"Explosions/Remote violence","s":"Air/drone strike","c":"Myanmar","l":"Nawnghkio","a":"Shan-North","f":15}},{"type":"Feature","geometry":{"type":"Point","coordinates":[67.729,29.566]},"properties":{"d":"2025-03-11","w":3,"t":"Battles","s":"Armed clash","c":"Pakistan","l":"Mashkaf","a":"Balochistan","f":14}},{"type":"Feature","geometry":{"type":"Point","coordinates":[47.942,9.928]},"properties":{"d":"2025-03-10","w":3,"t":"Battles","s":"Armed clash","c":"Somalia","l":"Damale Xagare","a":"Sanaag","f":14}},{"type":"Feature","geometry":{"type":"Point","coordinates":[-0.233,12.935]},"properties":{"d":"2025-03-11","w":3,"t":"Battles","s":"Armed clash","c":"Burkina Faso","l":"Kossougoudou","a":"Est","f":14}},{"type":"Feature","geometry":{"type":"Point","coordinates":[98.08,13.939]},"properties":{"d":"2025-03-13","w":3,"t":"Battles","s":"Armed clash","c":"Myanmar","l":"San Hlan","a":"Tanintharyi","f":14}},{"type":"Feature","geometry":{"type":"Point","coordinates":[35.963,35.198]},"properties":{"d":"2025-03-13","w":3,"t":"Violence against civilians","s":"Attack","c":"Syria","l":"Banyas","a":"Tartous","f":13}},{"type":"Feature","geometry":{"type":"Point","coordinates":[25.356,13.626]},"properties":{"d":"2025-03-12","w":3,"t":"Battles","s":"Armed clash","c":"Sudan","l":"El Fasher","a":"North Darfur","f":13}},{"type":"Feature","geometry":{"type":"Point","coordinates":[32.51,15.603]},"properties":{"d":"2025-03-16","w":3,"t":"Battles","s":"Government regains territory","c":"Sudan","l":"Khartoum - Al Mogran","a":"Khartoum","f":13}},{"type":"Feature","geometry":{"type":"Point","coordinates":[12.187,-5.576]},"properties":{"d":"2025-03-13","w":3,"t":"Battles","s":"Armed clash","c":"Angola","l":"Cabinda","a":"Cabinda","f":12}},{"type":"Feature","geometry":{"type":"Point","coordinates":[45.153,2.183]},"properties":{"d":"2025-03-12","w":3,"t":"Explosions/Remote violence","s":"Air/drone strike","c":"Somalia","l":"Jambaluul","a":"Lower Shabelle","f":12}},{"type":"Feature","geometry":{"type":"Point","coordinates":[-107.176,24.969]},"properties":{"d":"2025-03-15","w":3,"t":"Battles","s":"Armed clash","c":"Mexico","l":"Tomo","a":"Sinaloa","f":12}},{"type":"Feature","geometry":{"type":"Point","coordinates":[35.807,35.638]},"properties":{"d":"2025-03-15","w":3,"t":"Violence against civilians","s":"Attack","c":"Syria","l":"Shamiya","a":"Lattakia","f":11}},{"type":"Feature","geometry":{"type":"Point","coordinates":[25.356,13.626]},"properties":{"d":"2025-03-14","w":3,"t":"Battles","s":"Armed clash","c":"Sudan","l":"El Fasher","a":"North Darfur","f":11}},{"type":"Feature","geometry":{"type":"Point","coordinates":[-5.488,16.579]},"properties":{"d":"2025-03-16","w":3,"t":"Explosions/Remote violence","s":"Air/drone strike","c":"Mali","l":"Ej Jdour","a":"Tombouctou","f":11}},{"type":"Feature","geometry":{"type":"Point","coordinates":[-2.655,13.803]},"properties":{"d":"2025-03-13","w":3,"t":"Battles","s":"Armed clash","c":"Burkina Faso","l":"Thiou","a":"Nord","f":11}},{"type":"Feature","geometry":{"type":"Point","coordinates":[95.713,21.735]},"properties":{"d":"2025-03-10","w":3,"t":"Battles","s":"Armed clash","c":"Myanmar","l":"Ywar Thar","a":"Mandalay","f":11}},{"type":"Feature","geometry":{"type":"Point","coordinates":[43.754,16.951]},"properties":{"d":"2025-03-16","w":3,"t":"Explosions/Remote violence","s":"Air/drone strike","c":"Yemen","l":"Sadah - Qahzah","a":"Sadah","f":10}},{"type":"Feature","geometry":{"type":"Point","coordinates":[6.932,12.136]},"properties":{"d":"2025-03-12","w":3,"t":"Battles","s":"Armed clash","c":"Nigeria","l":"Mada","a":"Zamfara","f":10}},{"type":"Feature","geometry":{"type":"Point","coordinates":[7.498,12.452]},"properties":{"d":"2025-03-10","w":3,"t":"Battles","s":"Armed clash","c":"Nigeria","l":"Dutsin Ma","a":"Katsina","f":10}},{"type":"Feature","geometry":{"type":"Point","coordinates":[13.801,11.074]},"properties":{"d":"2025-03-16","w":3,"t":"Explosions/Remote violence","s":"Air/drone strike","c":"Nigeria","l":"Chikide","a":"Borno","f":10}},{"type":"Feature","geometry":{"type":"Point","coordinates":[13.931,11.221]},"properties":{"d":"2025-03-16","w":3,"t":"Explosions/Remote violence","s":"Air/drone strike","c":"Nigeria","l":"Jimimi","a":"Borno","f":10}},{"type":"Feature","geometry":{"type":"Point","coordinates":[7.652,8.541]},"properties":{"d":"2025-03-10","w":3,"t":"Violence against civilians","s":"Attack","c":"Nigeria","l":"Farin Dutse","a":"Nassarawa","f":10}},{"type":"Feature","geometry":{"type":"Point","coordinates":[13.79,11.048]},"properties":{"d":"2025-03-16","w":3,"t":"Explosions/Remote violence","s":"Air/drone strike","c":"Nigeria","l":"Degbaywa","a":"Borno","f":10}},{"type":"Feature","geometry":{"type":"Point","coordinates":[3.666,10.241]},"properties":{"d":"2025-03-11","w":3,"t":"Battles","s":"Armed clash","c":"Nigeria","l":"Gbeji","a":"Niger","f":10}},{"type":"Feature","geometry":{"type":"Point","coordinates":[26.159,15.093]},"properties":{"d":"2025-03-20","w":4,"t":"Battles","s":"Non-state actor overtakes territory","c":"Sudan","l":"Malha","a":"North Darfur","f":122}},{"type":"Feature","geometry":{"type":"Point","coordinates":[32.618,46.656]},"properties":{"d":"2025-03-19","w":4,"t":"Battles","s":"Armed clash","c":"Ukraine","l":"Kherson","a":"Kherson","f":115}},{"type":"Feature","geometry":{"type":"Point","coordinates":[26.159,15.093]},"properties":{"d":"2025-03-21","w":4,"t":"Battles","s":"Armed clash","c":"Sudan","l":"Malha","a":"North Darfur","f":111}},{"type":"Feature","geometry":{"type":"Point","coordinates":[32.618,46.656]},"properties":{"d":"2025-03-17","w":4,"t":"Battles","s":"Armed clash","c":"Ukraine","l":"Kherson","a":"Kherson","f":88}},{"type":"Feature","geometry":{"type":"Point","coordinates":[32.618,46.656]},"properties":{"d":"2025-03-18","w":4,"t":"Battles","s":"Armed clash","c":"Ukraine","l":"Kherson","a":"Kherson","f":64}},{"type":"Feature","geometry":{"type":"Point","coordinates":[32.618,46.656]},"properties":{"d":"2025-03-17","w":4,"t":"Battles","s":"Armed clash","c":"Ukraine","l":"Kherson","a":"Kherson","f":54}},{"type":"Feature","geometry":{"type":"Point","coordinates":[32.618,46.656]},"properties":{"d":"2025-03-19","w":4,"t":"Battles","s":"Armed clash","c":"Ukraine","l":"Kherson","a":"Kherson","f":51}},{"type":"Feature","geometry":{"type":"Point","coordinates":[32.618,46.656]},"properties":{"d":"2025-03-20","w":4,"t":"Battles","s":"Armed clash","c":"Ukraine","l":"Kherson","a":"Kherson","f":51}},{"type":"Feature","geometry":{"type":"Point","coordinates":[6.578,12.59]},"properties":{"d":"2025-03-17","w":4,"t":"Battles","s":"Armed clash","c":"Nigeria","l":"Kaura Namoda","a":"Zamfara","f":50}},{"type":"Feature","geometry":{"type":"Point","coordinates":[3.778,10.353]},"properties":{"d":"2025-03-17","w":4,"t":"Battles","s":"Armed clash","c":"Nigeria","l":"Yangweso","a":"Niger","f":50}},{"type":"Feature","geometry":{"type":"Point","coordinates":[32.618,46.656]},"properties":{"d":"2025-03-20","w":4,"t":"Battles","s":"Armed clash","c":"Ukraine","l":"Kherson","a":"Kherson","f":50}},{"type":"Feature","geometry":{"type":"Point","coordinates":[32.618,46.656]},"properties":{"d":"2025-03-21","w":4,"t":"Battles","s":"Armed clash","c":"Ukraine","l":"Kherson","a":"Kherson","f":47}},{"type":"Feature","geometry":{"type":"Point","coordinates":[0.901,14.336]},"properties":{"d":"2025-03-21","w":4,"t":"Violence against civilians","s":"Attack","c":"Niger","l":"Fambita","a":"Tillaberi","f":46}},{"type":"Feature","geometry":{"type":"Point","coordinates":[34.308,31.35]},"properties":{"d":"2025-03-18","w":4,"t":"Explosions/Remote violence","s":"Air/drone strike","c":"Palestine","l":"Khan Yunis - Unspecified","a":"Gaza Strip","f":45}},{"type":"Feature","geometry":{"type":"Point","coordinates":[32.618,46.656]},"properties":{"d":"2025-03-21","w":4,"t":"Battles","s":"Armed clash","c":"Ukraine","l":"Kherson","a":"Kherson","f":45}},{"type":"Feature","geometry":{"type":"Point","coordinates":[45.04,2.13]},"properties":{"d":"2025-03-20","w":4,"t":"Battles","s":"Armed clash","c":"Somalia","l":"Caanoole","a":"Lower Shabelle","f":44}},{"type":"Feature","geometry":{"type":"Point","coordinates":[32.618,46.656]},"properties":{"d":"2025-03-18","w":4,"t":"Battles","s":"Armed clash","c":"Ukraine","l":"Kherson","a":"Kherson","f":42}},{"type":"Feature","geometry":{"type":"Point","coordinates":[46.348,3.361]},"properties":{"d":"2025-03-18","w":4,"t":"Battles","s":"Armed clash","c":"Somalia","l":"Warta Dibisamatar","a":"Middle Shabelle","f":42}},{"type":"Feature","geometry":{"type":"Point","coordinates":[30.57,1.992]},"properties":{"d":"2025-03-18","w":4,"t":"Battles","s":"Armed clash","c":"Democratic Republic of Congo","l":"Fataki","a":"Ituri","f":42}},{"type":"Feature","geometry":{"type":"Point","coordinates":[45.038,2.131]},"properties":{"d":"2025-03-20","w":4,"t":"Explosions/Remote violence","s":"Air/drone strike","c":"Somalia","l":"Saabid","a":"Lower Shabelle","f":41}},{"type":"Feature","geometry":{"type":"Point","coordinates":[30.57,1.992]},"properties":{"d":"2025-03-19","w":4,"t":"Battles","s":"Armed clash","c":"Democratic Republic of Congo","l":"Fataki","a":"Ituri","f":41}},{"type":"Feature","geometry":{"type":"Point","coordinates":[29.319,13.9]},"properties":{"d":"2025-03-21","w":4,"t":"Explosions/Remote violence","s":"Air/drone strike","c":"Sudan","l":"Mazrub","a":"North Kordofan","f":40}},{"type":"Feature","geometry":{"type":"Point","coordinates":[0.64,12.774]},"properties":{"d":"2025-03-19","w":4,"t":"Violence against civilians","s":"Attack","c":"Burkina Faso","l":"Kalimama","a":"Est","f":40}},{"type":"Feature","geometry":{"type":"Point","coordinates":[35.892,35.538]},"properties":{"d":"2025-03-20","w":4,"t":"Violence against civilians","s":"Attack","c":"Syria","l":"Shalfatiyeh","a":"Lattakia","f":38}},{"type":"Feature","geometry":{"type":"Point","coordinates":[49.743,10.855]},"properties":{"d":"2025-03-17","w":4,"t":"Battles","s":"Armed clash","c":"Somalia","l":"Buuraha Cali Miskat","a":"Bari","f":31}},{"type":"Feature","geometry":{"type":"Point","coordinates":[0.665,12.762]},"properties":{"d":"2025-03-19","w":4,"t":"Violence against civilians","s":"Attack","c":"Burkina Faso","l":"Tiargou","a":"Est","f":30}},{"type":"Feature","geometry":{"type":"Point","coordinates":[45.038,2.131]},"properties":{"d":"2025-03-20","w":4,"t":"Battles","s":"Non-state actor overtakes territory","c":"Somalia","l":"Saabid","a":"Lower Shabelle","f":29}},{"type":"Feature","geometry":{"type":"Point","coordinates":[81.029,18.755]},"properties":{"d":"2025-03-20","w":4,"t":"Battles","s":"Armed clash","c":"India","l":"Gangaloor","a":"Chhattisgarh","f":27}},{"type":"Feature","geometry":{"type":"Point","coordinates":[35.887,35.475]},"properties":{"d":"2025-03-17","w":4,"t":"Violence against civilians","s":"Attack","c":"Syria","l":"As-Senoubar","a":"Lattakia","f":26}},{"type":"Feature","geometry":{"type":"Point","coordinates":[44.898,2.048]},"properties":{"d":"2025-03-21","w":4,"t":"Battles","s":"Non-state actor overtakes territory","c":"Somalia","l":"Bariirre","a":"Lower Shabelle","f":26}},{"type":"Feature","geometry":{"type":"Point","coordinates":[34.241,31.31]},"properties":{"d":"2025-03-23","w":4,"t":"Explosions/Remote violence","s":"Air/drone strike","c":"Palestine","l":"Tal as Sultan","a":"Gaza Strip","f":25}},{"type":"Feature","geometry":{"type":"Point","coordinates":[34.481,31.556]},"properties":{"d":"2025-03-19","w":4,"t":"Explosions/Remote violence","s":"Air/drone strike","c":"Palestine","l":"Beit Lahiya - Al Salateen","a":"Gaza Strip","f":24}},{"type":"Feature","geometry":{"type":"Point","coordinates":[32.526,15.603]},"properties":{"d":"2025-03-21","w":4,"t":"Battles","s":"Government regains territory","c":"Sudan","l":"Khartoum - Downtown","a":"Khartoum","f":23}},{"type":"Feature","geometry":{"type":"Point","coordinates":[49.743,10.855]},"properties":{"d":"2025-03-18","w":4,"t":"Battles","s":"Armed clash","c":"Somalia","l":"Buuraha Cali Miskat","a":"Bari","f":23}},{"type":"Feature","geometry":{"type":"Point","coordinates":[4.155,9.953]},"properties":{"d":"2025-03-22","w":4,"t":"Battles","s":"Armed clash","c":"Nigeria","l":"Kainji Lake National Park","a":"Niger","f":22}},{"type":"Feature","geometry":{"type":"Point","coordinates":[34.474,31.505]},"properties":{"d":"2025-03-18","w":4,"t":"Explosions/Remote violence","s":"Air/drone strike","c":"Palestine","l":"Gaza - Unspecified","a":"Gaza Strip","f":22}},{"type":"Feature","geometry":{"type":"Point","coordinates":[34.483,31.527]},"properties":{"d":"2025-03-18","w":4,"t":"Explosions/Remote violence","s":"Air/drone strike","c":"Palestine","l":"Jabalya","a":"Gaza Strip","f":22}},{"type":"Feature","geometry":{"type":"Point","coordinates":[46.13,3.097]},"properties":{"d":"2025-03-17","w":4,"t":"Battles","s":"Armed clash","c":"Somalia","l":"Lamagaras","a":"Middle Shabelle","f":22}},{"type":"Feature","geometry":{"type":"Point","coordinates":[12.366,11.147]},"properties":{"d":"2025-03-17","w":4,"t":"Explosions/Remote violence","s":"Air/drone strike","c":"Nigeria","l":"Chiralia","a":"Borno","f":20}},{"type":"Feature","geometry":{"type":"Point","coordinates":[4.155,9.953]},"properties":{"d":"2025-03-20","w":4,"t":"Battles","s":"Armed clash","c":"Nigeria","l":"Kainji Lake National Park","a":"Niger","f":20}},{"type":"Feature","geometry":{"type":"Point","coordinates":[34.325,31.342]},"properties":{"d":"2025-03-18","w":4,"t":"Explosions/Remote violence","s":"Air/drone strike","c":"Palestine","l":"Bani Suheila","a":"Gaza Strip","f":20}},{"type":"Feature","geometry":{"type":"Point","coordinates":[34.474,31.505]},"properties":{"d":"2025-03-18","w":4,"t":"Explosions/Remote violence","s":"Air/drone strike","c":"Palestine","l":"Gaza - Unspecified","a":"Gaza Strip","f":20}},{"type":"Feature","geometry":{"type":"Point","coordinates":[34.296,31.348]},"properties":{"d":"2025-03-18","w":4,"t":"Explosions/Remote violence","s":"Air/drone strike","c":"Palestine","l":"Khan Yunis - West (Municipal Stadium)","a":"Gaza Strip","f":20}},{"type":"Feature","geometry":{"type":"Point","coordinates":[25.369,13.674]},"properties":{"d":"2025-03-19","w":4,"t":"Explosions/Remote violence","s":"Shelling/artillery/missile attack","c":"Sudan","l":"Abu Shouk IDP Camp","a":"North Darfur","f":20}},{"type":"Feature","geometry":{"type":"Point","coordinates":[46.623,4.681]},"properties":{"d":"2025-03-20","w":4,"t":"Explosions/Remote violence","s":"Air/drone strike","c":"Somalia","l":"Ceel Buur","a":"Galgaduud","f":20}},{"type":"Feature","geometry":{"type":"Point","coordinates":[0.55,12.783]},"properties":{"d":"2025-03-19","w":4,"t":"Violence against civilians","s":"Attack","c":"Burkina Faso","l":"Toumbenga","a":"Est","f":20}},{"type":"Feature","geometry":{"type":"Point","coordinates":[34.325,31.342]},"properties":{"d":"2025-03-20","w":4,"t":"Explosions/Remote violence","s":"Air/drone strike","c":"Palestine","l":"Bani Suheila","a":"Gaza Strip","f":19}},{"type":"Feature","geometry":{"type":"Point","coordinates":[34.403,31.439]},"properties":{"d":"2025-03-18","w":4,"t":"Explosions/Remote violence","s":"Air/drone strike","c":"Palestine","l":"Al Burayj","a":"Gaza Strip","f":19}},{"type":"Feature","geometry":{"type":"Point","coordinates":[34.54,31.541]},"properties":{"d":"2025-03-18","w":4,"t":"Explosions/Remote violence","s":"Air/drone strike","c":"Palestine","l":"Beit Hanoun - Unspecified","a":"Gaza Strip","f":18}},{"type":"Feature","geometry":{"type":"Point","coordinates":[34.464,31.517]},"properties":{"d":"2025-03-18","w":4,"t":"Explosions/Remote violence","s":"Air/drone strike","c":"Palestine","l":"Gaza - Ad Darraj","a":"Gaza Strip","f":18}},{"type":"Feature","geometry":{"type":"Point","coordinates":[34.447,31.535]},"properties":{"d":"2025-03-18","w":4,"t":"Explosions/Remote violence","s":"Air/drone strike","c":"Palestine","l":"Gaza - Ash Shati' Camp","a":"Gaza Strip","f":18}},{"type":"Feature","geometry":{"type":"Point","coordinates":[34.452,31.496]},"properties":{"d":"2025-03-18","w":4,"t":"Explosions/Remote violence","s":"Air/drone strike","c":"Palestine","l":"Gaza - Az Zaytun","a":"Gaza Strip","f":18}},{"type":"Feature","geometry":{"type":"Point","coordinates":[34.47,31.499]},"properties":{"d":"2025-03-18","w":4,"t":"Explosions/Remote violence","s":"Air/drone strike","c":"Palestine","l":"Gaza - Shujaiyya","a":"Gaza Strip","f":18}},{"type":"Feature","geometry":{"type":"Point","coordinates":[34.435,31.517]},"properties":{"d":"2025-03-18","w":4,"t":"Explosions/Remote violence","s":"Air/drone strike","c":"Palestine","l":"Gaza - Southern Remal","a":"Gaza Strip","f":18}},{"type":"Feature","geometry":{"type":"Point","coordinates":[34.435,31.504]},"properties":{"d":"2025-03-18","w":4,"t":"Explosions/Remote violence","s":"Air/drone strike","c":"Palestine","l":"Gaza - Tal el Hawa","a":"Gaza Strip","f":18}},{"type":"Feature","geometry":{"type":"Point","coordinates":[34.34,31.319]},"properties":{"d":"2025-03-20","w":4,"t":"Explosions/Remote violence","s":"Air/drone strike","c":"Palestine","l":"Abasan al Kabirah","a":"Gaza Strip","f":18}},{"type":"Feature","geometry":{"type":"Point","coordinates":[35.948,35.444]},"properties":{"d":"2025-03-17","w":4,"t":"Violence against civilians","s":"Attack","c":"Syria","l":"Ain al-Arus","a":"Lattakia","f":18}},{"type":"Feature","geometry":{"type":"Point","coordinates":[25.356,13.626]},"properties":{"d":"2025-03-23","w":4,"t":"Battles","s":"Armed clash","c":"Sudan","l":"El Fasher","a":"North Darfur","f":18}},{"type":"Feature","geometry":{"type":"Point","coordinates":[34.491,31.536]},"properties":{"d":"2025-03-18","w":4,"t":"Explosions/Remote violence","s":"Air/drone strike","c":"Palestine","l":"Jabalya Camp","a":"Gaza Strip","f":17}},{"type":"Feature","geometry":{"type":"Point","coordinates":[34.271,31.285]},"properties":{"d":"2025-03-18","w":4,"t":"Explosions/Remote violence","s":"Air/drone strike","c":"Palestine","l":"Khirbet al Adas","a":"Gaza Strip","f":17}},{"type":"Feature","geometry":{"type":"Point","coordinates":[34.271,31.285]},"properties":{"d":"2025-03-18","w":4,"t":"Explosions/Remote violence","s":"Air/drone strike","c":"Palestine","l":"Khirbet al Adas","a":"Gaza Strip","f":17}},{"type":"Feature","geometry":{"type":"Point","coordinates":[34.241,31.31]},"properties":{"d":"2025-03-23","w":4,"t":"Explosions/Remote violence","s":"Air/drone strike","c":"Palestine","l":"Tal as Sultan","a":"Gaza Strip","f":17}},{"type":"Feature","geometry":{"type":"Point","coordinates":[34.34,31.319]},"properties":{"d":"2025-03-18","w":4,"t":"Explosions/Remote violence","s":"Air/drone strike","c":"Palestine","l":"Abasan al Kabirah","a":"Gaza Strip","f":16}},{"type":"Feature","geometry":{"type":"Point","coordinates":[70.035,33.133]},"properties":{"d":"2025-03-23","w":4,"t":"Battles","s":"Armed clash","c":"Pakistan","l":"Ghulam Khan","a":"Khyber Pakhtunkhwa","f":16}},{"type":"Feature","geometry":{"type":"Point","coordinates":[45.464,2.431]},"properties":{"d":"2025-03-18","w":4,"t":"Battles","s":"Armed clash","c":"Somalia","l":"Hareer Cradle","a":"Middle Shabelle","f":16}},{"type":"Feature","geometry":{"type":"Point","coordinates":[34.333,31.295]},"properties":{"d":"2025-03-20","w":4,"t":"Explosions/Remote violence","s":"Air/drone strike","c":"Palestine","l":"Al Fukhari","a":"Gaza Strip","f":15}},{"type":"Feature","geometry":{"type":"Point","coordinates":[34.264,31.264]},"properties":{"d":"2025-03-18","w":4,"t":"Explosions/Remote violence","s":"Air/drone strike","c":"Palestine","l":"Al Junainah","a":"Gaza Strip","f":15}},{"type":"Feature","geometry":{"type":"Point","coordinates":[0.388,12.817]},"properties":{"d":"2025-03-19","w":4,"t":"Violence against civilians","s":"Attack","c":"Burkina Faso","l":"Nyifoagma","a":"Est","f":15}},{"type":"Feature","geometry":{"type":"Point","coordinates":[34.255,31.348]},"properties":{"d":"2025-03-19","w":4,"t":"Explosions/Remote violence","s":"Air/drone strike","c":"Palestine","l":"Al Mawasi (Khan Yunis)","a":"Gaza Strip","f":14}},{"type":"Feature","geometry":{"type":"Point","coordinates":[37.265,48.225]},"properties":{"d":"2025-03-23","w":4,"t":"Battles","s":"Armed clash","c":"Ukraine","l":"Lysivka","a":"Donetsk","f":14}},{"type":"Feature","geometry":{"type":"Point","coordinates":[37.449,48.303]},"properties":{"d":"2025-03-23","w":4,"t":"Battles","s":"Armed clash","c":"Ukraine","l":"Yelyzavetivka","a":"Donetsk","f":14}},{"type":"Feature","geometry":{"type":"Point","coordinates":[95.242,21.634]},"properties":{"d":"2025-03-17","w":4,"t":"Battles","s":"Armed clash","c":"Myanmar","l":"Yesagyo","a":"Magway","f":14}},{"type":"Feature","geometry":{"type":"Point","coordinates":[9.237,7.487]},"properties":{"d":"2025-03-19","w":4,"t":"Battles","s":"Armed clash","c":"Nigeria","l":"Agwabi","a":"Benue","f":13}},{"type":"Feature","geometry":{"type":"Point","coordinates":[37.057,48.022]},"properties":{"d":"2025-03-23","w":4,"t":"Battles","s":"Armed clash","c":"Ukraine","l":"Andriivka","a":"Donetsk","f":13}},{"type":"Feature","geometry":{"type":"Point","coordinates":[36.967,48.09]},"properties":{"d":"2025-03-23","w":4,"t":"Battles","s":"Armed clash","c":"Ukraine","l":"Bohdanivka","a":"Donetsk","f":13}},{"type":"Feature","geometry":{"type":"Point","coordinates":[37.05,48.255]},"properties":{"d":"2025-03-23","w":4,"t":"Battles","s":"Armed clash","c":"Ukraine","l":"Kotlyne","a":"Donetsk","f":13}},{"type":"Feature","geometry":{"type":"Point","coordinates":[37.774,48.3]},"properties":{"d":"2025-03-23","w":4,"t":"Battles","s":"Armed clash","c":"Ukraine","l":"Panteleimonivka","a":"Donetsk","f":13}},{"type":"Feature","geometry":{"type":"Point","coordinates":[37.413,48.219]},"properties":{"d":"2025-03-23","w":4,"t":"Battles","s":"Armed clash","c":"Ukraine","l":"Serhiivka","a":"Donetsk","f":13}},{"type":"Feature","geometry":{"type":"Point","coordinates":[37.506,48.336]},"properties":{"d":"2025-03-23","w":4,"t":"Battles","s":"Armed clash","c":"Ukraine","l":"Vodiane Druhe","a":"Donetsk","f":13}},{"type":"Feature","geometry":{"type":"Point","coordinates":[37.022,48.2]},"properties":{"d":"2025-03-23","w":4,"t":"Battles","s":"Armed clash","c":"Ukraine","l":"Uspenivka","a":"Donetsk","f":13}},{"type":"Feature","geometry":{"type":"Point","coordinates":[69.58,32.301]},"properties":{"d":"2025-03-23","w":4,"t":"Battles","s":"Armed clash","c":"Pakistan","l":"Wana","a":"Khyber Pakhtunkhwa","f":13}},{"type":"Feature","geometry":{"type":"Point","coordinates":[-1.624,16.979]},"properties":{"d":"2025-03-18","w":4,"t":"Explosions/Remote violence","s":"Air/drone strike","c":"Mali","l":"Chembou","a":"Tombouctou","f":13}},{"type":"Feature","geometry":{"type":"Point","coordinates":[5.466,12.138]},"properties":{"d":"2025-03-22","w":4,"t":"Battles","s":"Armed clash","c":"Nigeria","l":"Bukuyum","a":"Zamfara","f":12}},{"type":"Feature","geometry":{"type":"Point","coordinates":[12.284,11.169]},"properties":{"d":"2025-03-20","w":4,"t":"Explosions/Remote violence","s":"Air/drone strike","c":"Nigeria","l":"Ajigin","a":"Borno","f":12}},{"type":"Feature","geometry":{"type":"Point","coordinates":[3.594,9.918]},"properties":{"d":"2025-03-18","w":4,"t":"Battles","s":"Armed clash","c":"Nigeria","l":"Karunji","a":"Kwara","f":12}},{"type":"Feature","geometry":{"type":"Point","coordinates":[34.392,31.449]},"properties":{"d":"2025-03-18","w":4,"t":"Explosions/Remote violence","s":"Air/drone strike","c":"Palestine","l":"An Nusayrat - Unspecified","a":"Gaza Strip","f":12}},{"type":"Feature","geometry":{"type":"Point","coordinates":[36.991,48.24]},"properties":{"d":"2025-03-21","w":4,"t":"Battles","s":"Armed clash","c":"Ukraine","l":"Udachne","a":"Donetsk","f":12}},{"type":"Feature","geometry":{"type":"Point","coordinates":[32.717,15.267]},"properties":{"d":"2025-03-21","w":4,"t":"Violence against civilians","s":"Attack","c":"Sudan","l":"Habiba","a":"Al Jazirah","f":12}},{"type":"Feature","geometry":{"type":"Point","coordinates":[-1.67,16.969]},"properties":{"d":"2025-03-19","w":4,"t":"Explosions/Remote violence","s":"Air/drone strike","c":"Mali","l":"Sanfatou","a":"Tombouctou","f":12}},{"type":"Feature","geometry":{"type":"Point","coordinates":[28.683,-1.073]},"properties":{"d":"2025-03-17","w":4,"t":"Battles","s":"Armed clash","c":"Democratic Republic of Congo","l":"Mukaka","a":"Nord-Kivu","f":12}},{"type":"Feature","geometry":{"type":"Point","coordinates":[34.475,31.513]},"properties":{"d":"2025-03-21","w":4,"t":"Explosions/Remote violence","s":"Air/drone strike","c":"Palestine","l":"Gaza - At Tuffah","a":"Gaza Strip","f":11}},{"type":"Feature","geometry":{"type":"Point","coordinates":[70.459,31.929]},"properties":{"d":"2025-03-20","w":4,"t":"Battles","s":"Armed clash","c":"Pakistan","l":"Kulachi","a":"Khyber Pakhtunkhwa","f":11}},{"type":"Feature","geometry":{"type":"Point","coordinates":[25.356,13.626]},"properties":{"d":"2025-03-18","w":4,"t":"Battles","s":"Armed clash","c":"Sudan","l":"El Fasher","a":"North Darfur","f":11}},{"type":"Feature","geometry":{"type":"Point","coordinates":[32.526,15.603]},"properties":{"d":"2025-03-20","w":4,"t":"Battles","s":"Armed clash","c":"Sudan","l":"Khartoum - Downtown","a":"Khartoum","f":11}},{"type":"Feature","geometry":{"type":"Point","coordinates":[-4.141,14.099]},"properties":{"d":"2025-03-18","w":4,"t":"Battles","s":"Armed clash","c":"Mali","l":"Diengo","a":"Mopti","f":11}},{"type":"Feature","geometry":{"type":"Point","coordinates":[94.088,22.555]},"properties":{"d":"2025-03-22","w":4,"t":"Explosions/Remote violence","s":"Air/drone strike","c":"Myanmar","l":"Hnan Khar","a":"Magway","f":11}},{"type":"Feature","geometry":{"type":"Point","coordinates":[5.913,11.896]},"properties":{"d":"2025-03-22","w":4,"t":"Battles","s":"Armed clash","c":"Nigeria","l":"Sunke","a":"Zamfara","f":10}},{"type":"Feature","geometry":{"type":"Point","coordinates":[6.002,11.866]},"properties":{"d":"2025-03-22","w":4,"t":"Battles","s":"Armed clash","c":"Nigeria","l":"Bagega","a":"Zamfara","f":10}},{"type":"Feature","geometry":{"type":"Point","coordinates":[12.366,11.147]},"properties":{"d":"2025-03-22","w":4,"t":"Explosions/Remote violence","s":"Air/drone strike","c":"Nigeria","l":"Chiralia","a":"Borno","f":10}},{"type":"Feature","geometry":{"type":"Point","coordinates":[7.268,11.953]},"properties":{"d":"2025-03-18","w":4,"t":"Battles","s":"Armed clash","c":"Nigeria","l":"Zango","a":"Katsina","f":10}},{"type":"Feature","geometry":{"type":"Point","coordinates":[13.436,11.165]},"properties":{"d":"2025-03-18","w":4,"t":"Explosions/Remote violence","s":"Air/drone strike","c":"Nigeria","l":"Bitta","a":"Borno","f":10}},{"type":"Feature","geometry":{"type":"Point","coordinates":[13.693,11.084]},"properties":{"d":"2025-03-18","w":4,"t":"Explosions/Remote violence","s":"Air/drone strike","c":"Nigeria","l":"Gwoza","a":"Borno","f":10}},{"type":"Feature","geometry":{"type":"Point","coordinates":[34.308,31.35]},"properties":{"d":"2025-03-20","w":4,"t":"Explosions/Remote violence","s":"Air/drone strike","c":"Palestine","l":"Khan Yunis - Unspecified","a":"Gaza Strip","f":10}},{"type":"Feature","geometry":{"type":"Point","coordinates":[34.271,31.285]},"properties":{"d":"2025-03-20","w":4,"t":"Explosions/Remote violence","s":"Air/drone strike","c":"Palestine","l":"Khirbet al Adas","a":"Gaza Strip","f":10}},{"type":"Feature","geometry":{"type":"Point","coordinates":[38.242,36.696]},"properties":{"d":"2025-03-17","w":4,"t":"Explosions/Remote violence","s":"Air/drone strike","c":"Syria","l":"Komji","a":"Aleppo","f":10}},{"type":"Feature","geometry":{"type":"Point","coordinates":[36.941,50.291]},"properties":{"d":"2025-03-17","w":4,"t":"Battles","s":"Armed clash","c":"Ukraine","l":"Vovchansk","a":"Kharkiv","f":10}},{"type":"Feature","geometry":{"type":"Point","coordinates":[37.057,48.022]},"properties":{"d":"2025-03-21","w":4,"t":"Battles","s":"Armed clash","c":"Ukraine","l":"Andriivka","a":"Donetsk","f":10}},{"type":"Feature","geometry":{"type":"Point","coordinates":[36.967,48.09]},"properties":{"d":"2025-03-21","w":4,"t":"Battles","s":"Armed clash","c":"Ukraine","l":"Bohdanivka","a":"Donetsk","f":10}},{"type":"Feature","geometry":{"type":"Point","coordinates":[37.265,48.225]},"properties":{"d":"2025-03-21","w":4,"t":"Battles","s":"Armed clash","c":"Ukraine","l":"Lysivka","a":"Donetsk","f":10}},{"type":"Feature","geometry":{"type":"Point","coordinates":[36.981,48.115]},"properties":{"d":"2025-03-21","w":4,"t":"Battles","s":"Armed clash","c":"Ukraine","l":"Preobrazhenka","a":"Donetsk","f":10}},{"type":"Feature","geometry":{"type":"Point","coordinates":[37.449,48.303]},"properties":{"d":"2025-03-21","w":4,"t":"Battles","s":"Armed clash","c":"Ukraine","l":"Yelyzavetivka","a":"Donetsk","f":10}},{"type":"Feature","geometry":{"type":"Point","coordinates":[32.618,46.656]},"properties":{"d":"2025-03-25","w":5,"t":"Battles","s":"Armed clash","c":"Ukraine","l":"Kherson","a":"Kherson","f":138}},{"type":"Feature","geometry":{"type":"Point","coordinates":[32.618,46.656]},"properties":{"d":"2025-03-26","w":5,"t":"Battles","s":"Armed clash","c":"Ukraine","l":"Kherson","a":"Kherson","f":94}},{"type":"Feature","geometry":{"type":"Point","coordinates":[32.618,46.656]},"properties":{"d":"2025-03-27","w":5,"t":"Battles","s":"Armed clash","c":"Ukraine","l":"Kherson","a":"Kherson","f":74}},{"type":"Feature","geometry":{"type":"Point","coordinates":[1.788,12.073]},"properties":{"d":"2025-03-28","w":5,"t":"Battles","s":"Armed clash","c":"Burkina Faso","l":"Diapaga","a":"Est","f":74}},{"type":"Feature","geometry":{"type":"Point","coordinates":[32.618,46.656]},"properties":{"d":"2025-03-27","w":5,"t":"Battles","s":"Armed clash","c":"Ukraine","l":"Kherson","a":"Kherson","f":63}},{"type":"Feature","geometry":{"type":"Point","coordinates":[32.618,46.656]},"properties":{"d":"2025-03-26","w":5,"t":"Battles","s":"Armed clash","c":"Ukraine","l":"Kherson","a":"Kherson","f":60}},{"type":"Feature","geometry":{"type":"Point","coordinates":[32.618,46.656]},"properties":{"d":"2025-03-28","w":5,"t":"Battles","s":"Armed clash","c":"Ukraine","l":"Kherson","a":"Kherson","f":57}},{"type":"Feature","geometry":{"type":"Point","coordinates":[32.618,46.656]},"properties":{"d":"2025-03-28","w":5,"t":"Battles","s":"Armed clash","c":"Ukraine","l":"Kherson","a":"Kherson","f":55}},{"type":"Feature","geometry":{"type":"Point","coordinates":[32.618,46.656]},"properties":{"d":"2025-03-24","w":5,"t":"Battles","s":"Armed clash","c":"Ukraine","l":"Kherson","a":"Kherson","f":54}},{"type":"Feature","geometry":{"type":"Point","coordinates":[32.618,46.656]},"properties":{"d":"2025-03-25","w":5,"t":"Battles","s":"Armed clash","c":"Ukraine","l":"Kherson","a":"Kherson","f":44}},{"type":"Feature","geometry":{"type":"Point","coordinates":[-4.889,14.17]},"properties":{"d":"2025-03-27","w":5,"t":"Battles","s":"Armed clash","c":"Mali","l":"Nouh-Bozo","a":"Mopti","f":41}},{"type":"Feature","geometry":{"type":"Point","coordinates":[25.275,13.969]},"properties":{"d":"2025-03-24","w":5,"t":"Explosions/Remote violence","s":"Air/drone strike","c":"Sudan","l":"Tora","a":"North Darfur","f":40}},{"type":"Feature","geometry":{"type":"Point","coordinates":[25.356,13.626]},"properties":{"d":"2025-03-30","w":5,"t":"Battles","s":"Armed clash","c":"Sudan","l":"El Fasher","a":"North Darfur","f":38}},{"type":"Feature","geometry":{"type":"Point","coordinates":[32.448,15.271]},"properties":{"d":"2025-03-29","w":5,"t":"Violence against civilians","s":"Attack","c":"Sudan","l":"Eid Al Hadd","a":"Khartoum","f":33}},{"type":"Feature","geometry":{"type":"Point","coordinates":[92.222,21.195]},"properties":{"d":"2025-03-29","w":5,"t":"Battles","s":"Armed clash","c":"Myanmar","l":"Mee Taik","a":"Rakhine","f":32}},{"type":"Feature","geometry":{"type":"Point","coordinates":[5.913,11.896]},"properties":{"d":"2025-03-25","w":5,"t":"Battles","s":"Armed clash","c":"Nigeria","l":"Sunke","a":"Zamfara","f":30}},{"type":"Feature","geometry":{"type":"Point","coordinates":[32.618,46.656]},"properties":{"d":"2025-03-24","w":5,"t":"Battles","s":"Armed clash","c":"Ukraine","l":"Kherson","a":"Kherson","f":26}},{"type":"Feature","geometry":{"type":"Point","coordinates":[25.356,13.626]},"properties":{"d":"2025-03-26","w":5,"t":"Battles","s":"Armed clash","c":"Sudan","l":"El Fasher","a":"North Darfur","f":25}},{"type":"Feature","geometry":{"type":"Point","coordinates":[72.081,34.356]},"properties":{"d":"2025-03-29","w":5,"t":"Explosions/Remote violence","s":"Air/drone strike","c":"Pakistan","l":"Katlang","a":"Khyber Pakhtunkhwa","f":21}},{"type":"Feature","geometry":{"type":"Point","coordinates":[46.287,2.982]},"properties":{"d":"2025-03-28","w":5,"t":"Explosions/Remote violence","s":"Air/drone strike","c":"Somalia","l":"Geel Gub","a":"Middle Shabelle","f":21}},{"type":"Feature","geometry":{"type":"Point","coordinates":[43.525,16.877]},"properties":{"d":"2025-03-29","w":5,"t":"Explosions/Remote violence","s":"Air/drone strike","c":"Yemen","l":"Saqayn","a":"Sadah","f":20}},{"type":"Feature","geometry":{"type":"Point","coordinates":[13.795,11.075]},"properties":{"d":"2025-03-26","w":5,"t":"Explosions/Remote violence","s":"Air/drone strike","c":"Nigeria","l":"Chinine","a":"Borno","f":20}},{"type":"Feature","geometry":{"type":"Point","coordinates":[32.578,15.605]},"properties":{"d":"2025-03-30","w":5,"t":"Violence against civilians","s":"Attack","c":"Sudan","l":"Khartoum - Burri","a":"Khartoum","f":20}},{"type":"Feature","geometry":{"type":"Point","coordinates":[-6.024,14.239]},"properties":{"d":"2025-03-30","w":5,"t":"Violence against civilians","s":"Attack","c":"Mali","l":"Molodo","a":"Segou","f":20}},{"type":"Feature","geometry":{"type":"Point","coordinates":[14.181,12.484]},"properties":{"d":"2025-03-24","w":5,"t":"Battles","s":"Armed clash","c":"Nigeria","l":"Wulgo","a":"Borno","f":19}},{"type":"Feature","geometry":{"type":"Point","coordinates":[37.05,48.255]},"properties":{"d":"2025-03-28","w":5,"t":"Battles","s":"Armed clash","c":"Ukraine","l":"Kotlyne","a":"Donetsk","f":18}},{"type":"Feature","geometry":{"type":"Point","coordinates":[37.05,48.255]},"properties":{"d":"2025-03-27","w":5,"t":"Battles","s":"Armed clash","c":"Ukraine","l":"Kotlyne","a":"Donetsk","f":17}},{"type":"Feature","geometry":{"type":"Point","coordinates":[37.265,48.225]},"properties":{"d":"2025-03-27","w":5,"t":"Battles","s":"Armed clash","c":"Ukraine","l":"Lysivka","a":"Donetsk","f":17}},{"type":"Feature","geometry":{"type":"Point","coordinates":[37.775,48.282]},"properties":{"d":"2025-03-27","w":5,"t":"Battles","s":"Armed clash","c":"Ukraine","l":"Oleksandropil","a":"Donetsk","f":17}},{"type":"Feature","geometry":{"type":"Point","coordinates":[37.774,48.3]},"properties":{"d":"2025-03-27","w":5,"t":"Battles","s":"Armed clash","c":"Ukraine","l":"Panteleimonivka","a":"Donetsk","f":17}},{"type":"Feature","geometry":{"type":"Point","coordinates":[37.27,48.233]},"properties":{"d":"2025-03-27","w":5,"t":"Battles","s":"Armed clash","c":"Ukraine","l":"Sukhyi Yar","a":"Donetsk","f":17}},{"type":"Feature","geometry":{"type":"Point","coordinates":[36.991,48.24]},"properties":{"d":"2025-03-27","w":5,"t":"Battles","s":"Armed clash","c":"Ukraine","l":"Udachne","a":"Donetsk","f":17}},{"type":"Feature","geometry":{"type":"Point","coordinates":[37.449,48.303]},"properties":{"d":"2025-03-27","w":5,"t":"Battles","s":"Armed clash","c":"Ukraine","l":"Yelyzavetivka","a":"Donetsk","f":17}},{"type":"Feature","geometry":{"type":"Point","coordinates":[37.449,48.303]},"properties":{"d":"2025-03-28","w":5,"t":"Battles","s":"Armed clash","c":"Ukraine","l":"Yelyzavetivka","a":"Donetsk","f":17}},{"type":"Feature","geometry":{"type":"Point","coordinates":[81.659,18.39]},"properties":{"d":"2025-03-29","w":5,"t":"Battles","s":"Armed clash","c":"India","l":"Sukma","a":"Chhattisgarh","f":17}},{"type":"Feature","geometry":{"type":"Point","coordinates":[6.333,6.7]},"properties":{"d":"2025-03-27","w":5,"t":"Riots","s":"Mob violence","c":"Nigeria","l":"Uromi","a":"Edo","f":16}},{"type":"Feature","geometry":{"type":"Point","coordinates":[6.796,11.843]},"properties":{"d":"2025-03-27","w":5,"t":"Battles","s":"Armed clash","c":"Nigeria","l":"Keta","a":"Zamfara","f":16}},{"type":"Feature","geometry":{"type":"Point","coordinates":[37.559,48.28]},"properties":{"d":"2025-03-27","w":5,"t":"Battles","s":"Armed clash","c":"Ukraine","l":"Novooleksandrivka","a":"Donetsk","f":16}},{"type":"Feature","geometry":{"type":"Point","coordinates":[36.981,48.115]},"properties":{"d":"2025-03-27","w":5,"t":"Battles","s":"Armed clash","c":"Ukraine","l":"Preobrazhenka","a":"Donetsk","f":16}},{"type":"Feature","geometry":{"type":"Point","coordinates":[37.057,48.022]},"properties":{"d":"2025-03-28","w":5,"t":"Battles","s":"Armed clash","c":"Ukraine","l":"Andriivka","a":"Donetsk","f":16}},{"type":"Feature","geometry":{"type":"Point","coordinates":[37.441,48.139]},"properties":{"d":"2025-03-28","w":5,"t":"Battles","s":"Armed clash","c":"Ukraine","l":"Kalynove","a":"Donetsk","f":16}},{"type":"Feature","geometry":{"type":"Point","coordinates":[36.934,48.141]},"properties":{"d":"2025-03-28","w":5,"t":"Battles","s":"Armed clash","c":"Ukraine","l":"Kotliarivka","a":"Donetsk","f":16}},{"type":"Feature","geometry":{"type":"Point","coordinates":[37.265,48.225]},"properties":{"d":"2025-03-28","w":5,"t":"Battles","s":"Armed clash","c":"Ukraine","l":"Lysivka","a":"Donetsk","f":16}},{"type":"Feature","geometry":{"type":"Point","coordinates":[37.559,48.28]},"properties":{"d":"2025-03-28","w":5,"t":"Battles","s":"Armed clash","c":"Ukraine","l":"Novooleksandrivka","a":"Donetsk","f":16}},{"type":"Feature","geometry":{"type":"Point","coordinates":[36.965,48.199]},"properties":{"d":"2025-03-28","w":5,"t":"Battles","s":"Armed clash","c":"Ukraine","l":"Novoserhiivka","a":"Donetsk","f":16}},{"type":"Feature","geometry":{"type":"Point","coordinates":[37.775,48.282]},"properties":{"d":"2025-03-28","w":5,"t":"Battles","s":"Armed clash","c":"Ukraine","l":"Oleksandropil","a":"Donetsk","f":16}},{"type":"Feature","geometry":{"type":"Point","coordinates":[36.981,48.115]},"properties":{"d":"2025-03-28","w":5,"t":"Battles","s":"Armed clash","c":"Ukraine","l":"Preobrazhenka","a":"Donetsk","f":16}},{"type":"Feature","geometry":{"type":"Point","coordinates":[37.551,48.349]},"properties":{"d":"2025-03-28","w":5,"t":"Battles","s":"Armed clash","c":"Ukraine","l":"Tarasivka","a":"Donetsk","f":16}},{"type":"Feature","geometry":{"type":"Point","coordinates":[36.991,48.24]},"properties":{"d":"2025-03-28","w":5,"t":"Battles","s":"Armed clash","c":"Ukraine","l":"Udachne","a":"Donetsk","f":16}},{"type":"Feature","geometry":{"type":"Point","coordinates":[37.774,48.3]},"properties":{"d":"2025-03-28","w":5,"t":"Battles","s":"Non-state actor overtakes territory","c":"Ukraine","l":"Panteleimonivka","a":"Donetsk","f":16}},{"type":"Feature","geometry":{"type":"Point","coordinates":[37.429,48.336]},"properties":{"d":"2025-03-27","w":5,"t":"Battles","s":"Armed clash","c":"Ukraine","l":"Malynivka","a":"Donetsk","f":16}},{"type":"Feature","geometry":{"type":"Point","coordinates":[37.022,48.2]},"properties":{"d":"2025-03-27","w":5,"t":"Battles","s":"Armed clash","c":"Ukraine","l":"Uspenivka","a":"Donetsk","f":16}},{"type":"Feature","geometry":{"type":"Point","coordinates":[37.022,48.2]},"properties":{"d":"2025-03-28","w":5,"t":"Battles","s":"Armed clash","c":"Ukraine","l":"Uspenivka","a":"Donetsk","f":16}},{"type":"Feature","geometry":{"type":"Point","coordinates":[70.911,32.606]},"properties":{"d":"2025-03-28","w":5,"t":"Battles","s":"Armed clash","c":"Pakistan","l":"Lakki Marwat","a":"Khyber Pakhtunkhwa","f":15}},{"type":"Feature","geometry":{"type":"Point","coordinates":[25.356,13.626]},"properties":{"d":"2025-03-25","w":5,"t":"Explosions/Remote violence","s":"Air/drone strike","c":"Sudan","l":"El Fasher","a":"North Darfur","f":15}},{"type":"Feature","geometry":{"type":"Point","coordinates":[46.435,3.181]},"properties":{"d":"2025-03-26","w":5,"t":"Battles","s":"Non-state actor overtakes territory","c":"Somalia","l":"Masjid Cali Gaduud","a":"Middle Shabelle","f":15}},{"type":"Feature","geometry":{"type":"Point","coordinates":[34.452,31.496]},"properties":{"d":"2025-03-27","w":5,"t":"Explosions/Remote violence","s":"Air/drone strike","c":"Palestine","l":"Gaza - Az Zaytun","a":"Gaza Strip","f":14}},{"type":"Feature","geometry":{"type":"Point","coordinates":[36.991,48.24]},"properties":{"d":"2025-03-25","w":5,"t":"Battles","s":"Armed clash","c":"Ukraine","l":"Udachne","a":"Donetsk","f":13}},{"type":"Feature","geometry":{"type":"Point","coordinates":[37.145,48.22]},"properties":{"d":"2025-03-25","w":5,"t":"Battles","s":"Armed clash","c":"Ukraine","l":"Shevchenko","a":"Donetsk","f":13}},{"type":"Feature","geometry":{"type":"Point","coordinates":[96.635,18.184]},"properties":{"d":"2025-03-25","w":5,"t":"Battles","s":"Armed clash","c":"Myanmar","l":"Sint Oe La Har","a":"Bago-East","f":13}},{"type":"Feature","geometry":{"type":"Point","coordinates":[6.794,11.694]},"properties":{"d":"2025-03-27","w":5,"t":"Battles","s":"Armed clash","c":"Nigeria","l":"Danjibga","a":"Zamfara","f":12}},{"type":"Feature","geometry":{"type":"Point","coordinates":[34.483,31.527]},"properties":{"d":"2025-03-26","w":5,"t":"Explosions/Remote violence","s":"Air/drone strike","c":"Palestine","l":"Jabalya","a":"Gaza Strip","f":12}},{"type":"Feature","geometry":{"type":"Point","coordinates":[34.507,31.566]},"properties":{"d":"2025-03-27","w":5,"t":"Explosions/Remote violence","s":"Air/drone strike","c":"Palestine","l":"Beit Lahiya - Fados","a":"Gaza Strip","f":12}},{"type":"Feature","geometry":{"type":"Point","coordinates":[37.057,48.022]},"properties":{"d":"2025-03-25","w":5,"t":"Battles","s":"Armed clash","c":"Ukraine","l":"Andriivka","a":"Donetsk","f":12}},{"type":"Feature","geometry":{"type":"Point","coordinates":[37.441,48.139]},"properties":{"d":"2025-03-25","w":5,"t":"Battles","s":"Armed clash","c":"Ukraine","l":"Kalynove","a":"Donetsk","f":12}},{"type":"Feature","geometry":{"type":"Point","coordinates":[37.05,48.255]},"properties":{"d":"2025-03-25","w":5,"t":"Battles","s":"Armed clash","c":"Ukraine","l":"Kotlyne","a":"Donetsk","f":12}},{"type":"Feature","geometry":{"type":"Point","coordinates":[37.551,48.349]},"properties":{"d":"2025-03-25","w":5,"t":"Battles","s":"Armed clash","c":"Ukraine","l":"Tarasivka","a":"Donetsk","f":12}},{"type":"Feature","geometry":{"type":"Point","coordinates":[37.577,48.329]},"properties":{"d":"2025-03-25","w":5,"t":"Battles","s":"Armed clash","c":"Ukraine","l":"Zelene Pole","a":"Donetsk","f":12}},{"type":"Feature","geometry":{"type":"Point","coordinates":[37.022,48.2]},"properties":{"d":"2025-03-25","w":5,"t":"Battles","s":"Armed clash","c":"Ukraine","l":"Uspenivka","a":"Donetsk","f":12}},{"type":"Feature","geometry":{"type":"Point","coordinates":[32.426,15.245]},"properties":{"d":"2025-03-27","w":5,"t":"Violence against civilians","s":"Attack","c":"Sudan","l":"Omdurman - Al Jumueia","a":"Khartoum","f":12}},{"type":"Feature","geometry":{"type":"Point","coordinates":[32.448,15.271]},"properties":{"d":"2025-03-28","w":5,"t":"Explosions/Remote violence","s":"Shelling/artillery/missile attack","c":"Sudan","l":"Eid Al Hadd","a":"Khartoum","f":12}},{"type":"Feature","geometry":{"type":"Point","coordinates":[32.426,15.245]},"properties":{"d":"2025-03-29","w":5,"t":"Explosions/Remote violence","s":"Shelling/artillery/missile attack","c":"Sudan","l":"Omdurman - Al Jumueia","a":"Khartoum","f":12}},{"type":"Feature","geometry":{"type":"Point","coordinates":[32.426,15.245]},"properties":{"d":"2025-03-30","w":5,"t":"Explosions/Remote violence","s":"Shelling/artillery/missile attack","c":"Sudan","l":"Omdurman - Al Jumueia","a":"Khartoum","f":12}},{"type":"Feature","geometry":{"type":"Point","coordinates":[8.95,9.333]},"properties":{"d":"2025-03-27","w":5,"t":"Violence against civilians","s":"Attack","c":"Nigeria","l":"Batura","a":"Plateau","f":11}},{"type":"Feature","geometry":{"type":"Point","coordinates":[34.392,31.449]},"properties":{"d":"2025-03-26","w":5,"t":"Explosions/Remote violence","s":"Air/drone strike","c":"Palestine","l":"An Nusayrat - Unspecified","a":"Gaza Strip","f":11}},{"type":"Feature","geometry":{"type":"Point","coordinates":[36.967,48.09]},"properties":{"d":"2025-03-25","w":5,"t":"Battles","s":"Armed clash","c":"Ukraine","l":"Bohdanivka","a":"Donetsk","f":11}},{"type":"Feature","geometry":{"type":"Point","coordinates":[36.934,48.141]},"properties":{"d":"2025-03-25","w":5,"t":"Battles","s":"Armed clash","c":"Ukraine","l":"Kotliarivka","a":"Donetsk","f":11}},{"type":"Feature","geometry":{"type":"Point","coordinates":[37.265,48.225]},"properties":{"d":"2025-03-25","w":5,"t":"Battles","s":"Armed clash","c":"Ukraine","l":"Lysivka","a":"Donetsk","f":11}},{"type":"Feature","geometry":{"type":"Point","coordinates":[36.965,48.199]},"properties":{"d":"2025-03-25","w":5,"t":"Battles","s":"Armed clash","c":"Ukraine","l":"Novoserhiivka","a":"Donetsk","f":11}},{"type":"Feature","geometry":{"type":"Point","coordinates":[37.775,48.282]},"properties":{"d":"2025-03-25","w":5,"t":"Battles","s":"Armed clash","c":"Ukraine","l":"Oleksandropil","a":"Donetsk","f":11}},{"type":"Feature","geometry":{"type":"Point","coordinates":[36.981,48.115]},"properties":{"d":"2025-03-25","w":5,"t":"Battles","s":"Armed clash","c":"Ukraine","l":"Preobrazhenka","a":"Donetsk","f":11}},{"type":"Feature","geometry":{"type":"Point","coordinates":[37.449,48.303]},"properties":{"d":"2025-03-25","w":5,"t":"Battles","s":"Armed clash","c":"Ukraine","l":"Yelyzavetivka","a":"Donetsk","f":11}},{"type":"Feature","geometry":{"type":"Point","coordinates":[36.967,48.09]},"properties":{"d":"2025-03-30","w":5,"t":"Battles","s":"Armed clash","c":"Ukraine","l":"Bohdanivka","a":"Donetsk","f":11}},{"type":"Feature","geometry":{"type":"Point","coordinates":[37.05,48.255]},"properties":{"d":"2025-03-30","w":5,"t":"Battles","s":"Armed clash","c":"Ukraine","l":"Kotlyne","a":"Donetsk","f":11}},{"type":"Feature","geometry":{"type":"Point","coordinates":[36.991,48.24]},"properties":{"d":"2025-03-30","w":5,"t":"Battles","s":"Armed clash","c":"Ukraine","l":"Udachne","a":"Donetsk","f":11}},{"type":"Feature","geometry":{"type":"Point","coordinates":[37.76,48.322]},"properties":{"d":"2025-03-25","w":5,"t":"Battles","s":"Armed clash","c":"Ukraine","l":"Sukha Balka","a":"Donetsk","f":11}},{"type":"Feature","geometry":{"type":"Point","coordinates":[37.429,48.336]},"properties":{"d":"2025-03-25","w":5,"t":"Battles","s":"Armed clash","c":"Ukraine","l":"Malynivka","a":"Donetsk","f":11}},{"type":"Feature","geometry":{"type":"Point","coordinates":[37.654,48.297]},"properties":{"d":"2025-03-30","w":5,"t":"Battles","s":"Armed clash","c":"Ukraine","l":"Kalynove","a":"Donetsk","f":11}},{"type":"Feature","geometry":{"type":"Point","coordinates":[37.597,48.36]},"properties":{"d":"2025-03-30","w":5,"t":"Battles","s":"Armed clash","c":"Ukraine","l":"Oleksandropil","a":"Donetsk","f":11}},{"type":"Feature","geometry":{"type":"Point","coordinates":[37.057,48.022]},"properties":{"d":"2025-03-30","w":5,"t":"Battles","s":"Armed clash","c":"Ukraine","l":"Andriivka","a":"Donetsk","f":11}},{"type":"Feature","geometry":{"type":"Point","coordinates":[36.937,9.61]},"properties":{"d":"2025-03-28","w":5,"t":"Battles","s":"Armed clash","c":"Ethiopia","l":"Tulu Wayu","a":"Oromia","f":11}},{"type":"Feature","geometry":{"type":"Point","coordinates":[46.387,5.538]},"properties":{"d":"2025-03-30","w":5,"t":"Battles","s":"Armed clash","c":"Somalia","l":"Dhuusamarreeb","a":"Galgaduud","f":11}},{"type":"Feature","geometry":{"type":"Point","coordinates":[46.514,5.205]},"properties":{"d":"2025-03-30","w":5,"t":"Battles","s":"Armed clash","c":"Somalia","l":"Ceel Garas","a":"Galgaduud","f":11}},{"type":"Feature","geometry":{"type":"Point","coordinates":[45.04,2.13]},"properties":{"d":"2025-03-29","w":5,"t":"Battles","s":"Government regains territory","c":"Somalia","l":"Caanoole","a":"Lower Shabelle","f":11}},{"type":"Feature","geometry":{"type":"Point","coordinates":[34.255,31.348]},"properties":{"d":"2025-03-30","w":5,"t":"Explosions/Remote violence","s":"Air/drone strike","c":"Palestine","l":"Al Mawasi (Khan Yunis)","a":"Gaza Strip","f":10}},{"type":"Feature","geometry":{"type":"Point","coordinates":[34.325,31.342]},"properties":{"d":"2025-03-30","w":5,"t":"Explosions/Remote violence","s":"Air/drone strike","c":"Palestine","l":"Bani Suheila","a":"Gaza Strip","f":10}},{"type":"Feature","geometry":{"type":"Point","coordinates":[36.253,49.981]},"properties":{"d":"2025-03-25","w":5,"t":"Explosions/Remote violence","s":"Air/drone strike","c":"Ukraine","l":"Kharkiv","a":"Kharkiv","f":10}},{"type":"Feature","geometry":{"type":"Point","coordinates":[36.934,48.141]},"properties":{"d":"2025-03-30","w":5,"t":"Battles","s":"Armed clash","c":"Ukraine","l":"Kotliarivka","a":"Donetsk","f":10}},{"type":"Feature","geometry":{"type":"Point","coordinates":[37.265,48.225]},"properties":{"d":"2025-03-30","w":5,"t":"Battles","s":"Armed clash","c":"Ukraine","l":"Lysivka","a":"Donetsk","f":10}},{"type":"Feature","geometry":{"type":"Point","coordinates":[37.318,48.269]},"properties":{"d":"2025-03-30","w":5,"t":"Battles","s":"Armed clash","c":"Ukraine","l":"Promin","a":"Donetsk","f":10}},{"type":"Feature","geometry":{"type":"Point","coordinates":[37.506,48.336]},"properties":{"d":"2025-03-30","w":5,"t":"Battles","s":"Armed clash","c":"Ukraine","l":"Vodiane Druhe","a":"Donetsk","f":10}},{"type":"Feature","geometry":{"type":"Point","coordinates":[37.196,48.215]},"properties":{"d":"2025-03-30","w":5,"t":"Battles","s":"Armed clash","c":"Ukraine","l":"Zelene","a":"Donetsk","f":10}},{"type":"Feature","geometry":{"type":"Point","coordinates":[37.429,48.336]},"properties":{"d":"2025-03-30","w":5,"t":"Battles","s":"Armed clash","c":"Ukraine","l":"Malynivka","a":"Donetsk","f":10}},{"type":"Feature","geometry":{"type":"Point","coordinates":[37.449,48.303]},"properties":{"d":"2025-03-30","w":5,"t":"Battles","s":"Armed clash","c":"Ukraine","l":"Yelyzavetivka","a":"Donetsk","f":10}},{"type":"Feature","geometry":{"type":"Point","coordinates":[35.25,51.189]},"properties":{"d":"2025-03-26","w":5,"t":"Battles","s":"Armed clash","c":"Russia","l":"Goncharovka","a":"Kursk","f":10}},{"type":"Feature","geometry":{"type":"Point","coordinates":[25.356,13.626]},"properties":{"d":"2025-03-28","w":5,"t":"Battles","s":"Armed clash","c":"Sudan","l":"El Fasher","a":"North Darfur","f":10}},{"type":"Feature","geometry":{"type":"Point","coordinates":[33.695,11.117]},"properties":{"d":"2025-03-29","w":5,"t":"Battles","s":"Non-state actor overtakes territory","c":"Sudan","l":"Al Slik","a":"Blue Nile","f":10}},{"type":"Feature","geometry":{"type":"Point","coordinates":[32.756,15.371]},"properties":{"d":"2025-03-24","w":5,"t":"Explosions/Remote violence","s":"Air/drone strike","c":"Sudan","l":"Al Bageir","a":"Al Jazirah","f":10}},{"type":"Feature","geometry":{"type":"Point","coordinates":[32.756,15.371]},"properties":{"d":"2025-03-26","w":5,"t":"Battles","s":"Government regains territory","c":"Sudan","l":"Al Bageir","a":"Al Jazirah","f":10}},{"type":"Feature","geometry":{"type":"Point","coordinates":[32.508,15.399]},"properties":{"d":"2025-03-27","w":5,"t":"Battles","s":"Armed clash","c":"Sudan","l":"Al Shegilab","a":"Khartoum","f":10}},{"type":"Feature","geometry":{"type":"Point","coordinates":[45.038,2.131]},"properties":{"d":"2025-03-29","w":5,"t":"Battles","s":"Government regains territory","c":"Somalia","l":"Saabid","a":"Lower Shabelle","f":10}},{"type":"Feature","geometry":{"type":"Point","coordinates":[32.529,15.363]},"properties":{"d":"2025-04-01","w":6,"t":"Violence against civilians","s":"Attack","c":"Sudan","l":"Tayba Al Hasanab","a":"Khartoum","f":90}},{"type":"Feature","geometry":{"type":"Point","coordinates":[32.618,46.656]},"properties":{"d":"2025-04-02","w":6,"t":"Battles","s":"Armed clash","c":"Ukraine","l":"Kherson","a":"Kherson","f":79}},{"type":"Feature","geometry":{"type":"Point","coordinates":[32.618,46.656]},"properties":{"d":"2025-04-03","w":6,"t":"Battles","s":"Armed clash","c":"Ukraine","l":"Kherson","a":"Kherson","f":73}},{"type":"Feature","geometry":{"type":"Point","coordinates":[32.618,46.656]},"properties":{"d":"2025-04-02","w":6,"t":"Battles","s":"Armed clash","c":"Ukraine","l":"Kherson","a":"Kherson","f":62}},{"type":"Feature","geometry":{"type":"Point","coordinates":[32.618,46.656]},"properties":{"d":"2025-03-31","w":6,"t":"Battles","s":"Armed clash","c":"Ukraine","l":"Kherson","a":"Kherson","f":60}},{"type":"Feature","geometry":{"type":"Point","coordinates":[32.618,46.656]},"properties":{"d":"2025-04-01","w":6,"t":"Battles","s":"Armed clash","c":"Ukraine","l":"Kherson","a":"Kherson","f":51}},{"type":"Feature","geometry":{"type":"Point","coordinates":[34.47,31.499]},"properties":{"d":"2025-03-31","w":6,"t":"Explosions/Remote violence","s":"Air/drone strike","c":"Palestine","l":"Gaza - Shujaiyya","a":"Gaza Strip","f":50}},{"type":"Feature","geometry":{"type":"Point","coordinates":[32.618,46.656]},"properties":{"d":"2025-03-31","w":6,"t":"Battles","s":"Armed clash","c":"Ukraine","l":"Kherson","a":"Kherson","f":45}},{"type":"Feature","geometry":{"type":"Point","coordinates":[32.618,46.656]},"properties":{"d":"2025-04-01","w":6,"t":"Battles","s":"Armed clash","c":"Ukraine","l":"Kherson","a":"Kherson","f":44}},{"type":"Feature","geometry":{"type":"Point","coordinates":[32.618,46.656]},"properties":{"d":"2025-04-04","w":6,"t":"Battles","s":"Armed clash","c":"Ukraine","l":"Kherson","a":"Kherson","f":41}},{"type":"Feature","geometry":{"type":"Point","coordinates":[46.009,2.656]},"properties":{"d":"2025-03-31","w":6,"t":"Explosions/Remote violence","s":"Air/drone strike","c":"Somalia","l":"Raga Ceel","a":"Middle Shabelle","f":40}},{"type":"Feature","geometry":{"type":"Point","coordinates":[32.618,46.656]},"properties":{"d":"2025-04-04","w":6,"t":"Battles","s":"Armed clash","c":"Ukraine","l":"Kherson","a":"Kherson","f":37}},{"type":"Feature","geometry":{"type":"Point","coordinates":[96.369,24.778]},"properties":{"d":"2025-03-31","w":6,"t":"Explosions/Remote violence","s":"Air/drone strike","c":"Myanmar","l":"Mohnyin","a":"Kachin","f":36}},{"type":"Feature","geometry":{"type":"Point","coordinates":[34.475,31.513]},"properties":{"d":"2025-04-03","w":6,"t":"Explosions/Remote violence","s":"Air/drone strike","c":"Palestine","l":"Gaza - At Tuffah","a":"Gaza Strip","f":35}},{"type":"Feature","geometry":{"type":"Point","coordinates":[34.47,31.499]},"properties":{"d":"2025-04-03","w":6,"t":"Explosions/Remote violence","s":"Air/drone strike","c":"Palestine","l":"Gaza - Shujaiyya","a":"Gaza Strip","f":35}},{"type":"Feature","geometry":{"type":"Point","coordinates":[33.717,13.3]},"properties":{"d":"2025-04-04","w":6,"t":"Violence against civilians","s":"Attack","c":"Sudan","l":"Al Shigeg","a":"Sennar","f":35}},{"type":"Feature","geometry":{"type":"Point","coordinates":[32.618,46.656]},"properties":{"d":"2025-04-03","w":6,"t":"Battles","s":"Armed clash","c":"Ukraine","l":"Kherson","a":"Kherson","f":34}},{"type":"Feature","geometry":{"type":"Point","coordinates":[-3.13,13.261]},"properties":{"d":"2025-04-05","w":6,"t":"Violence against civilians","s":"Attack","c":"Burkina Faso","l":"Gonon","a":"Boucle du Mouhoun","f":34}},{"type":"Feature","geometry":{"type":"Point","coordinates":[37.989,12.744]},"properties":{"d":"2025-04-01","w":6,"t":"Battles","s":"Armed clash","c":"Ethiopia","l":"Selare","a":"Amhara","f":33}},{"type":"Feature","geometry":{"type":"Point","coordinates":[-3.239,13.227]},"properties":{"d":"2025-04-05","w":6,"t":"Violence against civilians","s":"Attack","c":"Burkina Faso","l":"Tiao","a":"Boucle du Mouhoun","f":33}},{"type":"Feature","geometry":{"type":"Point","coordinates":[-3.229,13.253]},"properties":{"d":"2025-04-05","w":6,"t":"Violence against civilians","s":"Attack","c":"Burkina Faso","l":"Mara-Grand","a":"Boucle du Mouhoun","f":33}},{"type":"Feature","geometry":{"type":"Point","coordinates":[94.673,20.843]},"properties":{"d":"2025-03-31","w":6,"t":"Battles","s":"Armed clash","c":"Myanmar","l":"Ta Nyaung","a":"Magway","f":33}},{"type":"Feature","geometry":{"type":"Point","coordinates":[6.495,11.296]},"properties":{"d":"2025-04-04","w":6,"t":"Battles","s":"Armed clash","c":"Nigeria","l":"Dan Sadau","a":"Zamfara","f":30}},{"type":"Feature","geometry":{"type":"Point","coordinates":[32.448,15.271]},"properties":{"d":"2025-04-06","w":6,"t":"Violence against civilians","s":"Attack","c":"Sudan","l":"Eid Al Hadd","a":"Khartoum","f":30}},{"type":"Feature","geometry":{"type":"Point","coordinates":[-7.285,15.169]},"properties":{"d":"2025-04-02","w":6,"t":"Battles","s":"Armed clash","c":"Mali","l":"Nara","a":"Koulikoro","f":29}},{"type":"Feature","geometry":{"type":"Point","coordinates":[34.474,31.486]},"properties":{"d":"2025-04-03","w":6,"t":"Explosions/Remote violence","s":"Remote explosive/landmine/IED","c":"Palestine","l":"Gaza - At Turukman","a":"Gaza Strip","f":25}},{"type":"Feature","geometry":{"type":"Point","coordinates":[34.313,31.315]},"properties":{"d":"2025-04-04","w":6,"t":"Explosions/Remote violence","s":"Air/drone strike","c":"Palestine","l":"Al Kharaba","a":"Gaza Strip","f":25}},{"type":"Feature","geometry":{"type":"Point","coordinates":[25.356,13.626]},"properties":{"d":"2025-04-01","w":6,"t":"Battles","s":"Armed clash","c":"Sudan","l":"El Fasher","a":"North Darfur","f":24}},{"type":"Feature","geometry":{"type":"Point","coordinates":[34.308,31.35]},"properties":{"d":"2025-04-03","w":6,"t":"Explosions/Remote violence","s":"Air/drone strike","c":"Palestine","l":"Khan Yunis - Unspecified","a":"Gaza Strip","f":23}},{"type":"Feature","geometry":{"type":"Point","coordinates":[34.491,31.536]},"properties":{"d":"2025-04-02","w":6,"t":"Explosions/Remote violence","s":"Air/drone strike","c":"Palestine","l":"Jabalya Camp","a":"Gaza Strip","f":22}},{"type":"Feature","geometry":{"type":"Point","coordinates":[30.77,11.752]},"properties":{"d":"2025-03-31","w":6,"t":"Battles","s":"Non-state actor overtakes territory","c":"Sudan","l":"Khor Al Dlep","a":"South Kordofan","f":22}},{"type":"Feature","geometry":{"type":"Point","coordinates":[-5.252,11.805]},"properties":{"d":"2025-04-05","w":6,"t":"Battles","s":"Armed clash","c":"Burkina Faso","l":"Sindorola","a":"Hauts-Bassins","f":22}},{"type":"Feature","geometry":{"type":"Point","coordinates":[33.393,47.909]},"properties":{"d":"2025-04-04","w":6,"t":"Explosions/Remote violence","s":"Air/drone strike","c":"Ukraine","l":"Kryvyi Rih","a":"Dnipropetrovsk","f":21}},{"type":"Feature","geometry":{"type":"Point","coordinates":[46.383,3.696]},"properties":{"d":"2025-04-04","w":6,"t":"Battles","s":"Armed clash","c":"Somalia","l":"Al-Kowsar","a":"Middle Shabelle","f":21}},{"type":"Feature","geometry":{"type":"Point","coordinates":[28.766,-2.607]},"properties":{"d":"2025-04-01","w":6,"t":"Battles","s":"Armed clash","c":"Democratic Republic of Congo","l":"Ikumbana","a":"Sud-Kivu","f":20}},{"type":"Feature","geometry":{"type":"Point","coordinates":[46.013,2.937]},"properties":{"d":"2025-03-31","w":6,"t":"Explosions/Remote violence","s":"Air/drone strike","c":"Somalia","l":"Bursha Shiikh","a":"Middle Shabelle","f":19}},{"type":"Feature","geometry":{"type":"Point","coordinates":[18.762,-4.543]},"properties":{"d":"2025-04-01","w":6,"t":"Battles","s":"Armed clash","c":"Democratic Republic of Congo","l":"Mayala","a":"Kwilu","f":19}},{"type":"Feature","geometry":{"type":"Point","coordinates":[46.013,2.937]},"properties":{"d":"2025-04-01","w":6,"t":"Explosions/Remote violence","s":"Air/drone strike","c":"Somalia","l":"Bursha Shiikh","a":"Middle Shabelle","f":17}},{"type":"Feature","geometry":{"type":"Point","coordinates":[4.6,12.888]},"properties":{"d":"2025-04-06","w":6,"t":"Violence against civilians","s":"Attack","c":"Nigeria","l":"Augie","a":"Kebbi","f":16}},{"type":"Feature","geometry":{"type":"Point","coordinates":[36.965,48.199]},"properties":{"d":"2025-03-31","w":6,"t":"Battles","s":"Armed clash","c":"Ukraine","l":"Novoserhiivka","a":"Donetsk","f":15}},{"type":"Feature","geometry":{"type":"Point","coordinates":[37.145,48.22]},"properties":{"d":"2025-03-31","w":6,"t":"Battles","s":"Armed clash","c":"Ukraine","l":"Shevchenko","a":"Donetsk","f":15}},{"type":"Feature","geometry":{"type":"Point","coordinates":[25.356,13.626]},"properties":{"d":"2025-04-03","w":6,"t":"Battles","s":"Armed clash","c":"Sudan","l":"El Fasher","a":"North Darfur","f":15}},{"type":"Feature","geometry":{"type":"Point","coordinates":[45.04,2.13]},"properties":{"d":"2025-03-31","w":6,"t":"Battles","s":"Armed clash","c":"Somalia","l":"Caanoole","a":"Lower Shabelle","f":15}},{"type":"Feature","geometry":{"type":"Point","coordinates":[45.038,2.131]},"properties":{"d":"2025-03-31","w":6,"t":"Battles","s":"Armed clash","c":"Somalia","l":"Saabid","a":"Lower Shabelle","f":15}},{"type":"Feature","geometry":{"type":"Point","coordinates":[95.388,21.46]},"properties":{"d":"2025-04-06","w":6,"t":"Battles","s":"Armed clash","c":"Myanmar","l":"Myingyan","a":"Mandalay","f":14}},{"type":"Feature","geometry":{"type":"Point","coordinates":[4.522,12.855]},"properties":{"d":"2025-04-05","w":6,"t":"Battles","s":"Armed clash","c":"Nigeria","l":"Yola","a":"Kebbi","f":13}},{"type":"Feature","geometry":{"type":"Point","coordinates":[34.308,31.35]},"properties":{"d":"2025-04-02","w":6,"t":"Explosions/Remote violence","s":"Air/drone strike","c":"Palestine","l":"Khan Yunis - Unspecified","a":"Gaza Strip","f":13}},{"type":"Feature","geometry":{"type":"Point","coordinates":[37.057,48.022]},"properties":{"d":"2025-03-31","w":6,"t":"Battles","s":"Armed clash","c":"Ukraine","l":"Andriivka","a":"Donetsk","f":13}},{"type":"Feature","geometry":{"type":"Point","coordinates":[36.967,48.09]},"properties":{"d":"2025-03-31","w":6,"t":"Battles","s":"Armed clash","c":"Ukraine","l":"Bohdanivka","a":"Donetsk","f":13}},{"type":"Feature","geometry":{"type":"Point","coordinates":[37.441,48.139]},"properties":{"d":"2025-03-31","w":6,"t":"Battles","s":"Armed clash","c":"Ukraine","l":"Kalynove","a":"Donetsk","f":13}},{"type":"Feature","geometry":{"type":"Point","coordinates":[36.934,48.141]},"properties":{"d":"2025-03-31","w":6,"t":"Battles","s":"Armed clash","c":"Ukraine","l":"Kotliarivka","a":"Donetsk","f":13}},{"type":"Feature","geometry":{"type":"Point","coordinates":[37.05,48.255]},"properties":{"d":"2025-03-31","w":6,"t":"Battles","s":"Armed clash","c":"Ukraine","l":"Kotlyne","a":"Donetsk","f":13}},{"type":"Feature","geometry":{"type":"Point","coordinates":[37.265,48.225]},"properties":{"d":"2025-03-31","w":6,"t":"Battles","s":"Armed clash","c":"Ukraine","l":"Lysivka","a":"Donetsk","f":13}},{"type":"Feature","geometry":{"type":"Point","coordinates":[37.559,48.28]},"properties":{"d":"2025-03-31","w":6,"t":"Battles","s":"Armed clash","c":"Ukraine","l":"Novooleksandrivka","a":"Donetsk","f":13}},{"type":"Feature","geometry":{"type":"Point","coordinates":[37.413,48.219]},"properties":{"d":"2025-03-31","w":6,"t":"Battles","s":"Armed clash","c":"Ukraine","l":"Serhiivka","a":"Donetsk","f":13}},{"type":"Feature","geometry":{"type":"Point","coordinates":[37.014,48.105]},"properties":{"d":"2025-03-31","w":6,"t":"Battles","s":"Armed clash","c":"Ukraine","l":"Sribne","a":"Donetsk","f":13}},{"type":"Feature","geometry":{"type":"Point","coordinates":[37.858,48.263]},"properties":{"d":"2025-03-31","w":6,"t":"Battles","s":"Armed clash","c":"Ukraine","l":"Troitske","a":"Donetsk","f":13}},{"type":"Feature","geometry":{"type":"Point","coordinates":[36.991,48.24]},"properties":{"d":"2025-03-31","w":6,"t":"Battles","s":"Armed clash","c":"Ukraine","l":"Udachne","a":"Donetsk","f":13}},{"type":"Feature","geometry":{"type":"Point","coordinates":[37.449,48.303]},"properties":{"d":"2025-03-31","w":6,"t":"Battles","s":"Armed clash","c":"Ukraine","l":"Yelyzavetivka","a":"Donetsk","f":13}},{"type":"Feature","geometry":{"type":"Point","coordinates":[37.196,48.215]},"properties":{"d":"2025-03-31","w":6,"t":"Battles","s":"Armed clash","c":"Ukraine","l":"Zelene","a":"Donetsk","f":13}},{"type":"Feature","geometry":{"type":"Point","coordinates":[37.597,48.36]},"properties":{"d":"2025-03-31","w":6,"t":"Battles","s":"Armed clash","c":"Ukraine","l":"Oleksandropil","a":"Donetsk","f":13}},{"type":"Feature","geometry":{"type":"Point","coordinates":[37.081,48.23]},"properties":{"d":"2025-04-06","w":6,"t":"Explosions/Remote violence","s":"Air/drone strike","c":"Ukraine","l":"Vovkove","a":"Donetsk","f":13}},{"type":"Feature","geometry":{"type":"Point","coordinates":[37.022,48.2]},"properties":{"d":"2025-03-31","w":6,"t":"Battles","s":"Armed clash","c":"Ukraine","l":"Uspenivka","a":"Donetsk","f":13}},{"type":"Feature","geometry":{"type":"Point","coordinates":[46.383,3.696]},"properties":{"d":"2025-04-03","w":6,"t":"Explosions/Remote violence","s":"Air/drone strike","c":"Somalia","l":"Al-Kowsar","a":"Middle Shabelle","f":13}},{"type":"Feature","geometry":{"type":"Point","coordinates":[-3.409,12.983]},"properties":{"d":"2025-04-01","w":6,"t":"Violence against civilians","s":"Attack","c":"Burkina Faso","l":"Lanfiera","a":"Boucle du Mouhoun","f":13}},{"type":"Feature","geometry":{"type":"Point","coordinates":[13.338,10.995]},"properties":{"d":"2025-04-06","w":6,"t":"Battles","s":"Armed clash","c":"Nigeria","l":"Izge-Unore","a":"Borno","f":12}},{"type":"Feature","geometry":{"type":"Point","coordinates":[36.916,48.099]},"properties":{"d":"2025-03-31","w":6,"t":"Battles","s":"Armed clash","c":"Ukraine","l":"Horikhove","a":"Donetsk","f":12}},{"type":"Feature","geometry":{"type":"Point","coordinates":[6.449,13.197]},"properties":{"d":"2025-04-03","w":6,"t":"Violence against civilians","s":"Attack","c":"Nigeria","l":"Lugu","a":"Sokoto","f":11}},{"type":"Feature","geometry":{"type":"Point","coordinates":[34.255,31.348]},"properties":{"d":"2025-04-05","w":6,"t":"Explosions/Remote violence","s":"Air/drone strike","c":"Palestine","l":"Al Mawasi (Khan Yunis)","a":"Gaza Strip","f":11}},{"type":"Feature","geometry":{"type":"Point","coordinates":[34.475,31.513]},"properties":{"d":"2025-04-06","w":6,"t":"Explosions/Remote violence","s":"Shelling/artillery/missile attack","c":"Palestine","l":"Gaza - At Tuffah","a":"Gaza Strip","f":11}},{"type":"Feature","geometry":{"type":"Point","coordinates":[34.47,31.499]},"properties":{"d":"2025-04-05","w":6,"t":"Explosions/Remote violence","s":"Air/drone strike","c":"Palestine","l":"Gaza - Shujaiyya","a":"Gaza Strip","f":11}},{"type":"Feature","geometry":{"type":"Point","coordinates":[35.963,35.198]},"properties":{"d":"2025-03-31","w":6,"t":"Violence against civilians","s":"Attack","c":"Syria","l":"Banyas","a":"Tartous","f":11}},{"type":"Feature","geometry":{"type":"Point","coordinates":[37.057,48.022]},"properties":{"d":"2025-04-01","w":6,"t":"Battles","s":"Armed clash","c":"Ukraine","l":"Andriivka","a":"Donetsk","f":11}},{"type":"Feature","geometry":{"type":"Point","coordinates":[36.991,48.24]},"properties":{"d":"2025-04-01","w":6,"t":"Battles","s":"Armed clash","c":"Ukraine","l":"Udachne","a":"Donetsk","f":11}},{"type":"Feature","geometry":{"type":"Point","coordinates":[37.698,48.247]},"properties":{"d":"2025-04-03","w":6,"t":"Battles","s":"Armed clash","c":"Ukraine","l":"Novokalynove","a":"Donetsk","f":11}},{"type":"Feature","geometry":{"type":"Point","coordinates":[37.449,48.303]},"properties":{"d":"2025-04-03","w":6,"t":"Battles","s":"Armed clash","c":"Ukraine","l":"Yelyzavetivka","a":"Donetsk","f":11}},{"type":"Feature","geometry":{"type":"Point","coordinates":[37.126,48.25]},"properties":{"d":"2025-04-03","w":6,"t":"Battles","s":"Armed clash","c":"Ukraine","l":"Zvirove","a":"Donetsk","f":11}},{"type":"Feature","geometry":{"type":"Point","coordinates":[36.967,48.09]},"properties":{"d":"2025-04-06","w":6,"t":"Battles","s":"Armed clash","c":"Ukraine","l":"Bohdanivka","a":"Donetsk","f":11}},{"type":"Feature","geometry":{"type":"Point","coordinates":[36.934,48.141]},"properties":{"d":"2025-04-06","w":6,"t":"Battles","s":"Armed clash","c":"Ukraine","l":"Kotliarivka","a":"Donetsk","f":11}},{"type":"Feature","geometry":{"type":"Point","coordinates":[37.05,48.255]},"properties":{"d":"2025-04-06","w":6,"t":"Explosions/Remote violence","s":"Air/drone strike","c":"Ukraine","l":"Kotlyne","a":"Donetsk","f":11}},{"type":"Feature","geometry":{"type":"Point","coordinates":[36.991,48.24]},"properties":{"d":"2025-04-06","w":6,"t":"Battles","s":"Armed clash","c":"Ukraine","l":"Udachne","a":"Donetsk","f":11}},{"type":"Feature","geometry":{"type":"Point","coordinates":[37.449,48.303]},"properties":{"d":"2025-04-06","w":6,"t":"Battles","s":"Armed clash","c":"Ukraine","l":"Yelyzavetivka","a":"Donetsk","f":11}},{"type":"Feature","geometry":{"type":"Point","coordinates":[37.76,48.322]},"properties":{"d":"2025-04-06","w":6,"t":"Battles","s":"Armed clash","c":"Ukraine","l":"Sukha Balka","a":"Donetsk","f":11}},{"type":"Feature","geometry":{"type":"Point","coordinates":[37.654,48.297]},"properties":{"d":"2025-04-06","w":6,"t":"Battles","s":"Armed clash","c":"Ukraine","l":"Kalynove","a":"Donetsk","f":11}},{"type":"Feature","geometry":{"type":"Point","coordinates":[37.551,48.349]},"properties":{"d":"2025-04-03","w":6,"t":"Battles","s":"Armed clash","c":"Ukraine","l":"Tarasivka","a":"Donetsk","f":11}},{"type":"Feature","geometry":{"type":"Point","coordinates":[30.83,12.722]},"properties":{"d":"2025-04-03","w":6,"t":"Battles","s":"Armed clash","c":"Sudan","l":"Sumayh","a":"North Kordofan","f":11}},{"type":"Feature","geometry":{"type":"Point","coordinates":[32.426,15.245]},"properties":{"d":"2025-03-31","w":6,"t":"Explosions/Remote violence","s":"Shelling/artillery/missile attack","c":"Sudan","l":"Omdurman - Al Jumueia","a":"Khartoum","f":11}},{"type":"Feature","geometry":{"type":"Point","coordinates":[32.426,15.245]},"properties":{"d":"2025-04-01","w":6,"t":"Violence against civilians","s":"Attack","c":"Sudan","l":"Omdurman - Al Jumueia","a":"Khartoum","f":11}},{"type":"Feature","geometry":{"type":"Point","coordinates":[32.426,15.245]},"properties":{"d":"2025-04-02","w":6,"t":"Violence against civilians","s":"Attack","c":"Sudan","l":"Omdurman - Al Jumueia","a":"Khartoum","f":11}},{"type":"Feature","geometry":{"type":"Point","coordinates":[32.426,15.245]},"properties":{"d":"2025-04-03","w":6,"t":"Explosions/Remote violence","s":"Air/drone strike","c":"Sudan","l":"Omdurman - Al Jumueia","a":"Khartoum","f":11}},{"type":"Feature","geometry":{"type":"Point","coordinates":[28.423,12.694]},"properties":{"d":"2025-04-04","w":6,"t":"Battles","s":"Armed clash","c":"Sudan","l":"An Nahud","a":"West Kordofan","f":11}},{"type":"Feature","geometry":{"type":"Point","coordinates":[29.189,-1.574]},"properties":{"d":"2025-04-04","w":6,"t":"Violence against civilians","s":"Attack","c":"Democratic Republic of Congo","l":"Rusayo","a":"Nord-Kivu","f":11}},{"type":"Feature","geometry":{"type":"Point","coordinates":[29.513,0.51]},"properties":{"d":"2025-04-02","w":6,"t":"Violence against civilians","s":"Attack","c":"Democratic Republic of Congo","l":"Mayangose","a":"Nord-Kivu","f":11}},{"type":"Feature","geometry":{"type":"Point","coordinates":[43.249,13.807]},"properties":{"d":"2025-04-03","w":6,"t":"Battles","s":"Armed clash","c":"Yemen","l":"Al Khawkhah","a":"Al Hudaydah","f":10}},{"type":"Feature","geometry":{"type":"Point","coordinates":[43.102,14.103]},"properties":{"d":"2025-04-02","w":6,"t":"Explosions/Remote violence","s":"Air/drone strike","c":"Yemen","l":"Al Fazzah","a":"Al Hudaydah","f":10}},{"type":"Feature","geometry":{"type":"Point","coordinates":[43.159,14.072]},"properties":{"d":"2025-04-06","w":6,"t":"Explosions/Remote violence","s":"Air/drone strike","c":"Yemen","l":"Al Jabaliyah","a":"Al Hudaydah","f":10}},{"type":"Feature","geometry":{"type":"Point","coordinates":[8.15,7.158]},"properties":{"d":"2025-03-31","w":6,"t":"Violence against civilians","s":"Attack","c":"Nigeria","l":"Asa","a":"Benue","f":10}},{"type":"Feature","geometry":{"type":"Point","coordinates":[12.491,11.807]},"properties":{"d":"2025-04-06","w":6,"t":"Battles","s":"Armed clash","c":"Nigeria","l":"Benisheikh","a":"Borno","f":10}},{"type":"Feature","geometry":{"type":"Point","coordinates":[11.999,11.269]},"properties":{"d":"2025-04-06","w":6,"t":"Battles","s":"Armed clash","c":"Nigeria","l":"Buni Yadi","a":"Yobe","f":10}},{"type":"Feature","geometry":{"type":"Point","coordinates":[34.475,31.513]},"properties":{"d":"2025-03-31","w":6,"t":"Explosions/Remote violence","s":"Air/drone strike","c":"Palestine","l":"Gaza - At Tuffah","a":"Gaza Strip","f":10}},{"type":"Feature","geometry":{"type":"Point","coordinates":[34.308,31.35]},"properties":{"d":"2025-03-31","w":6,"t":"Explosions/Remote violence","s":"Air/drone strike","c":"Palestine","l":"Khan Yunis - Unspecified","a":"Gaza Strip","f":10}},{"type":"Feature","geometry":{"type":"Point","coordinates":[34.309,31.364]},"properties":{"d":"2025-04-02","w":6,"t":"Explosions/Remote violence","s":"Air/drone strike","c":"Palestine","l":"Khan Yunis - Al Kateebeh","a":"Gaza Strip","f":10}},{"type":"Feature","geometry":{"type":"Point","coordinates":[35.948,32.873]},"properties":{"d":"2025-04-02","w":6,"t":"Battles","s":"Armed clash","c":"Syria","l":"Jabaliyeh","a":"Dara","f":10}},{"type":"Feature","geometry":{"type":"Point","coordinates":[37.265,48.225]},"properties":{"d":"2025-04-01","w":6,"t":"Battles","s":"Armed clash","c":"Ukraine","l":"Lysivka","a":"Donetsk","f":10}},{"type":"Feature","geometry":{"type":"Point","coordinates":[36.965,48.199]},"properties":{"d":"2025-04-01","w":6,"t":"Battles","s":"Armed clash","c":"Ukraine","l":"Novoserhiivka","a":"Donetsk","f":10}},{"type":"Feature","geometry":{"type":"Point","coordinates":[37.181,48.281]},"properties":{"d":"2025-04-01","w":6,"t":"Battles","s":"Armed clash","c":"Ukraine","l":"Pokrovsk","a":"Donetsk","f":10}},{"type":"Feature","geometry":{"type":"Point","coordinates":[37.506,48.336]},"properties":{"d":"2025-04-01","w":6,"t":"Battles","s":"Armed clash","c":"Ukraine","l":"Vodiane Druhe","a":"Donetsk","f":10}},{"type":"Feature","geometry":{"type":"Point","coordinates":[37.449,48.303]},"properties":{"d":"2025-04-01","w":6,"t":"Battles","s":"Armed clash","c":"Ukraine","l":"Yelyzavetivka","a":"Donetsk","f":10}},{"type":"Feature","geometry":{"type":"Point","coordinates":[37.007,48.143]},"properties":{"d":"2025-04-03","w":6,"t":"Battles","s":"Armed clash","c":"Ukraine","l":"Nadiivka","a":"Donetsk","f":10}},{"type":"Feature","geometry":{"type":"Point","coordinates":[36.965,48.199]},"properties":{"d":"2025-04-03","w":6,"t":"Battles","s":"Armed clash","c":"Ukraine","l":"Novoserhiivka","a":"Donetsk","f":10}},{"type":"Feature","geometry":{"type":"Point","coordinates":[37.775,48.282]},"properties":{"d":"2025-04-03","w":6,"t":"Battles","s":"Non-state actor overtakes territory","c":"Ukraine","l":"Oleksandropil","a":"Donetsk","f":10}},{"type":"Feature","geometry":{"type":"Point","coordinates":[37.926,49.37]},"properties":{"d":"2025-04-07","w":7,"t":"Battles","s":"Armed clash","c":"Ukraine","l":"Nadiia","a":"Luhansk","f":143}},{"type":"Feature","geometry":{"type":"Point","coordinates":[32.618,46.656]},"properties":{"d":"2025-04-07","w":7,"t":"Battles","s":"Armed clash","c":"Ukraine","l":"Kherson","a":"Kherson","f":95}},{"type":"Feature","geometry":{"type":"Point","coordinates":[32.618,46.656]},"properties":{"d":"2025-04-09","w":7,"t":"Battles","s":"Armed clash","c":"Ukraine","l":"Kherson","a":"Kherson","f":92}},{"type":"Feature","geometry":{"type":"Point","coordinates":[25.356,13.626]},"properties":{"d":"2025-04-11","w":7,"t":"Battles","s":"Armed clash","c":"Sudan","l":"El Fasher","a":"North Darfur","f":92}},{"type":"Feature","geometry":{"type":"Point","coordinates":[32.618,46.656]},"properties":{"d":"2025-04-08","w":7,"t":"Battles","s":"Armed clash","c":"Ukraine","l":"Kherson","a":"Kherson","f":75}},{"type":"Feature","geometry":{"type":"Point","coordinates":[45.681,4.01]},"properties":{"d":"2025-04-08","w":7,"t":"Battles","s":"Government regains territory","c":"Somalia","l":"Aborey","a":"Hiraan","f":73}},{"type":"Feature","geometry":{"type":"Point","coordinates":[25.369,13.674]},"properties":{"d":"2025-04-12","w":7,"t":"Explosions/Remote violence","s":"Shelling/artillery/missile attack","c":"Sudan","l":"Abu Shouk IDP Camp","a":"North Darfur","f":57}},{"type":"Feature","geometry":{"type":"Point","coordinates":[26.691,13.602]},"properties":{"d":"2025-04-11","w":7,"t":"Battles","s":"Non-state actor overtakes territory","c":"Sudan","l":"Umm Keddada","a":"North Darfur","f":52}},{"type":"Feature","geometry":{"type":"Point","coordinates":[25.308,13.484]},"properties":{"d":"2025-04-11","w":7,"t":"Battles","s":"Armed clash","c":"Sudan","l":"Zamzam IDP camp","a":"North Darfur","f":52}},{"type":"Feature","geometry":{"type":"Point","coordinates":[32.618,46.656]},"properties":{"d":"2025-04-07","w":7,"t":"Battles","s":"Armed clash","c":"Ukraine","l":"Kherson","a":"Kherson","f":49}},{"type":"Feature","geometry":{"type":"Point","coordinates":[32.618,46.656]},"properties":{"d":"2025-04-11","w":7,"t":"Battles","s":"Armed clash","c":"Ukraine","l":"Kherson","a":"Kherson","f":47}},{"type":"Feature","geometry":{"type":"Point","coordinates":[34.47,31.499]},"properties":{"d":"2025-04-09","w":7,"t":"Explosions/Remote violence","s":"Air/drone strike","c":"Palestine","l":"Gaza - Shujaiyya","a":"Gaza Strip","f":42}},{"type":"Feature","geometry":{"type":"Point","coordinates":[32.618,46.656]},"properties":{"d":"2025-04-08","w":7,"t":"Battles","s":"Armed clash","c":"Ukraine","l":"Kherson","a":"Kherson","f":42}},{"type":"Feature","geometry":{"type":"Point","coordinates":[32.618,46.656]},"properties":{"d":"2025-04-09","w":7,"t":"Battles","s":"Armed clash","c":"Ukraine","l":"Kherson","a":"Kherson","f":39}},{"type":"Feature","geometry":{"type":"Point","coordinates":[32.618,46.656]},"properties":{"d":"2025-04-10","w":7,"t":"Battles","s":"Armed clash","c":"Ukraine","l":"Kherson","a":"Kherson","f":38}},{"type":"Feature","geometry":{"type":"Point","coordinates":[31.686,14.257]},"properties":{"d":"2025-04-10","w":7,"t":"Battles","s":"Non-state actor overtakes territory","c":"Sudan","l":"Al Hilba","a":"White Nile","f":37}},{"type":"Feature","geometry":{"type":"Point","coordinates":[32.618,46.656]},"properties":{"d":"2025-04-11","w":7,"t":"Battles","s":"Armed clash","c":"Ukraine","l":"Kherson","a":"Kherson","f":36}},{"type":"Feature","geometry":{"type":"Point","coordinates":[32.618,46.656]},"properties":{"d":"2025-04-10","w":7,"t":"Battles","s":"Armed clash","c":"Ukraine","l":"Kherson","a":"Kherson","f":36}},{"type":"Feature","geometry":{"type":"Point","coordinates":[34.8,50.922]},"properties":{"d":"2025-04-13","w":7,"t":"Explosions/Remote violence","s":"Shelling/artillery/missile attack","c":"Ukraine","l":"Sumy","a":"Sumy","f":35}},{"type":"Feature","geometry":{"type":"Point","coordinates":[46.287,2.982]},"properties":{"d":"2025-04-09","w":7,"t":"Battles","s":"Government regains territory","c":"Somalia","l":"Geel Gub","a":"Middle Shabelle","f":35}},{"type":"Feature","geometry":{"type":"Point","coordinates":[25.308,13.484]},"properties":{"d":"2025-04-12","w":7,"t":"Battles","s":"Armed clash","c":"Sudan","l":"Zamzam IDP camp","a":"North Darfur","f":27}},{"type":"Feature","geometry":{"type":"Point","coordinates":[25.356,13.626]},"properties":{"d":"2025-04-13","w":7,"t":"Battles","s":"Armed clash","c":"Sudan","l":"El Fasher","a":"North Darfur","f":26}},{"type":"Feature","geometry":{"type":"Point","coordinates":[25.356,13.626]},"properties":{"d":"2025-04-12","w":7,"t":"Battles","s":"Armed clash","c":"Sudan","l":"El Fasher","a":"North Darfur","f":25}},{"type":"Feature","geometry":{"type":"Point","coordinates":[45.681,4.01]},"properties":{"d":"2025-04-09","w":7,"t":"Battles","s":"Armed clash","c":"Somalia","l":"Aborey","a":"Hiraan","f":25}},{"type":"Feature","geometry":{"type":"Point","coordinates":[25.356,13.626]},"properties":{"d":"2025-04-09","w":7,"t":"Battles","s":"Armed clash","c":"Sudan","l":"El Fasher","a":"North Darfur","f":22}},{"type":"Feature","geometry":{"type":"Point","coordinates":[7.27,11.843]},"properties":{"d":"2025-04-10","w":7,"t":"Battles","s":"Armed clash","c":"Nigeria","l":"Mununu","a":"Katsina","f":21}},{"type":"Feature","geometry":{"type":"Point","coordinates":[7.215,11.759]},"properties":{"d":"2025-04-10","w":7,"t":"Battles","s":"Armed clash","c":"Nigeria","l":"Ruwan Godiya","a":"Katsina","f":20}},{"type":"Feature","geometry":{"type":"Point","coordinates":[7.407,12.038]},"properties":{"d":"2025-04-10","w":7,"t":"Battles","s":"Armed clash","c":"Nigeria","l":"Gurbi","a":"Katsina","f":20}},{"type":"Feature","geometry":{"type":"Point","coordinates":[7.33,11.93]},"properties":{"d":"2025-04-10","w":7,"t":"Battles","s":"Armed clash","c":"Nigeria","l":"Jekareda","a":"Katsina","f":20}},{"type":"Feature","geometry":{"type":"Point","coordinates":[7.268,11.953]},"properties":{"d":"2025-04-10","w":7,"t":"Battles","s":"Armed clash","c":"Nigeria","l":"Zango","a":"Katsina","f":20}},{"type":"Feature","geometry":{"type":"Point","coordinates":[25.356,13.626]},"properties":{"d":"2025-04-10","w":7,"t":"Explosions/Remote violence","s":"Air/drone strike","c":"Sudan","l":"El Fasher","a":"North Darfur","f":20}},{"type":"Feature","geometry":{"type":"Point","coordinates":[29.315,11.133]},"properties":{"d":"2025-04-10","w":7,"t":"Battles","s":"Armed clash","c":"Sudan","l":"Umm Adara","a":"West Kordofan","f":20}},{"type":"Feature","geometry":{"type":"Point","coordinates":[-3.028,15.105]},"properties":{"d":"2025-04-10","w":7,"t":"Violence against civilians","s":"Attack","c":"Mali","l":"Bondokoli","a":"Mopti","f":20}},{"type":"Feature","geometry":{"type":"Point","coordinates":[93.698,19.548]},"properties":{"d":"2025-04-09","w":7,"t":"Battles","s":"Armed clash","c":"Myanmar","l":"Pyin Shey","a":"Rakhine","f":20}},{"type":"Feature","geometry":{"type":"Point","coordinates":[95.88,23.996]},"properties":{"d":"2025-04-09","w":7,"t":"Explosions/Remote violence","s":"Air/drone strike","c":"Myanmar","l":"Nan Khan Ywar Ma","a":"Sagaing","f":20}},{"type":"Feature","geometry":{"type":"Point","coordinates":[35.963,35.198]},"properties":{"d":"2025-04-09","w":7,"t":"Violence against civilians","s":"Attack","c":"Syria","l":"Banyas","a":"Tartous","f":17}},{"type":"Feature","geometry":{"type":"Point","coordinates":[25.356,13.626]},"properties":{"d":"2025-04-07","w":7,"t":"Battles","s":"Armed clash","c":"Sudan","l":"El Fasher","a":"North Darfur","f":17}},{"type":"Feature","geometry":{"type":"Point","coordinates":[25.308,13.484]},"properties":{"d":"2025-04-13","w":7,"t":"Battles","s":"Non-state actor overtakes territory","c":"Sudan","l":"Zamzam IDP camp","a":"North Darfur","f":17}},{"type":"Feature","geometry":{"type":"Point","coordinates":[25.369,13.674]},"properties":{"d":"2025-04-13","w":7,"t":"Explosions/Remote violence","s":"Shelling/artillery/missile attack","c":"Sudan","l":"Abu Shouk IDP Camp","a":"North Darfur","f":17}},{"type":"Feature","geometry":{"type":"Point","coordinates":[25.369,13.674]},"properties":{"d":"2025-04-11","w":7,"t":"Explosions/Remote violence","s":"Shelling/artillery/missile attack","c":"Sudan","l":"Abu Shouk IDP Camp","a":"North Darfur","f":17}},{"type":"Feature","geometry":{"type":"Point","coordinates":[49.743,10.855]},"properties":{"d":"2025-04-07","w":7,"t":"Battles","s":"Armed clash","c":"Somalia","l":"Buuraha Cali Miskat","a":"Bari","f":16}},{"type":"Feature","geometry":{"type":"Point","coordinates":[25.129,13.418]},"properties":{"d":"2025-04-13","w":7,"t":"Violence against civilians","s":"Attack","c":"Sudan","l":"Gallab","a":"North Darfur","f":15}},{"type":"Feature","geometry":{"type":"Point","coordinates":[25.369,13.674]},"properties":{"d":"2025-04-10","w":7,"t":"Explosions/Remote violence","s":"Shelling/artillery/missile attack","c":"Sudan","l":"Abu Shouk IDP Camp","a":"North Darfur","f":15}},{"type":"Feature","geometry":{"type":"Point","coordinates":[46.435,3.181]},"properties":{"d":"2025-04-08","w":7,"t":"Explosions/Remote violence","s":"Air/drone strike","c":"Somalia","l":"Masjid Cali Gaduud","a":"Middle Shabelle","f":15}},{"type":"Feature","geometry":{"type":"Point","coordinates":[-1.642,14.088]},"properties":{"d":"2025-04-10","w":7,"t":"Battles","s":"Armed clash","c":"Burkina Faso","l":"Djibo","a":"Sahel","f":15}},{"type":"Feature","geometry":{"type":"Point","coordinates":[94.082,22.773]},"properties":{"d":"2025-04-11","w":7,"t":"Battles","s":"Armed clash","c":"Myanmar","l":"Kyan Thar","a":"Sagaing","f":15}},{"type":"Feature","geometry":{"type":"Point","coordinates":[25.356,13.626]},"properties":{"d":"2025-04-08","w":7,"t":"Battles","s":"Armed clash","c":"Sudan","l":"El Fasher","a":"North Darfur","f":14}},{"type":"Feature","geometry":{"type":"Point","coordinates":[34.378,31.41]},"properties":{"d":"2025-04-07","w":7,"t":"Explosions/Remote violence","s":"Air/drone strike","c":"Palestine","l":"Al Musaddar","a":"Gaza Strip","f":13}},{"type":"Feature","geometry":{"type":"Point","coordinates":[37.551,48.349]},"properties":{"d":"2025-04-11","w":7,"t":"Battles","s":"Armed clash","c":"Ukraine","l":"Tarasivka","a":"Donetsk","f":13}},{"type":"Feature","geometry":{"type":"Point","coordinates":[37.145,48.22]},"properties":{"d":"2025-04-08","w":7,"t":"Battles","s":"Armed clash","c":"Ukraine","l":"Shevchenko","a":"Donetsk","f":13}},{"type":"Feature","geometry":{"type":"Point","coordinates":[37.551,48.349]},"properties":{"d":"2025-04-13","w":7,"t":"Battles","s":"Armed clash","c":"Ukraine","l":"Tarasivka","a":"Donetsk","f":13}},{"type":"Feature","geometry":{"type":"Point","coordinates":[0.942,13.957]},"properties":{"d":"2025-04-07","w":7,"t":"Battles","s":"Armed clash","c":"Niger","l":"Gounday","a":"Tillaberi","f":13}},{"type":"Feature","geometry":{"type":"Point","coordinates":[42.976,14.753]},"properties":{"d":"2025-04-08","w":7,"t":"Explosions/Remote violence","s":"Air/drone strike","c":"Yemen","l":"Al Hudaydah - Al Hudaydah International Airport","a":"Al Hudaydah","f":12}},{"type":"Feature","geometry":{"type":"Point","coordinates":[34.26,31.287]},"properties":{"d":"2025-04-13","w":7,"t":"Explosions/Remote violence","s":"Air/drone strike","c":"Palestine","l":"Rafah","a":"Gaza Strip","f":12}},{"type":"Feature","geometry":{"type":"Point","coordinates":[37.057,48.022]},"properties":{"d":"2025-04-11","w":7,"t":"Battles","s":"Armed clash","c":"Ukraine","l":"Andriivka","a":"Donetsk","f":12}},{"type":"Feature","geometry":{"type":"Point","coordinates":[37.007,48.143]},"properties":{"d":"2025-04-11","w":7,"t":"Battles","s":"Armed clash","c":"Ukraine","l":"Nadiivka","a":"Donetsk","f":12}},{"type":"Feature","geometry":{"type":"Point","coordinates":[37.11,48.233]},"properties":{"d":"2025-04-11","w":7,"t":"Battles","s":"Armed clash","c":"Ukraine","l":"Pishchane","a":"Donetsk","f":12}},{"type":"Feature","geometry":{"type":"Point","coordinates":[36.981,48.115]},"properties":{"d":"2025-04-11","w":7,"t":"Battles","s":"Armed clash","c":"Ukraine","l":"Preobrazhenka","a":"Donetsk","f":12}},{"type":"Feature","geometry":{"type":"Point","coordinates":[36.991,48.24]},"properties":{"d":"2025-04-11","w":7,"t":"Battles","s":"Armed clash","c":"Ukraine","l":"Udachne","a":"Donetsk","f":12}},{"type":"Feature","geometry":{"type":"Point","coordinates":[37.449,48.303]},"properties":{"d":"2025-04-11","w":7,"t":"Battles","s":"Armed clash","c":"Ukraine","l":"Yelyzavetivka","a":"Donetsk","f":12}},{"type":"Feature","geometry":{"type":"Point","coordinates":[36.967,48.09]},"properties":{"d":"2025-04-08","w":7,"t":"Battles","s":"Armed clash","c":"Ukraine","l":"Bohdanivka","a":"Donetsk","f":12}},{"type":"Feature","geometry":{"type":"Point","coordinates":[36.934,48.141]},"properties":{"d":"2025-04-08","w":7,"t":"Battles","s":"Armed clash","c":"Ukraine","l":"Kotliarivka","a":"Donetsk","f":12}},{"type":"Feature","geometry":{"type":"Point","coordinates":[36.991,48.24]},"properties":{"d":"2025-04-08","w":7,"t":"Battles","s":"Armed clash","c":"Ukraine","l":"Udachne","a":"Donetsk","f":12}},{"type":"Feature","geometry":{"type":"Point","coordinates":[37.449,48.303]},"properties":{"d":"2025-04-08","w":7,"t":"Battles","s":"Armed clash","c":"Ukraine","l":"Yelyzavetivka","a":"Donetsk","f":12}},{"type":"Feature","geometry":{"type":"Point","coordinates":[37.126,48.25]},"properties":{"d":"2025-04-08","w":7,"t":"Battles","s":"Armed clash","c":"Ukraine","l":"Zvirove","a":"Donetsk","f":12}},{"type":"Feature","geometry":{"type":"Point","coordinates":[37.05,48.255]},"properties":{"d":"2025-04-13","w":7,"t":"Battles","s":"Armed clash","c":"Ukraine","l":"Kotlyne","a":"Donetsk","f":12}},{"type":"Feature","geometry":{"type":"Point","coordinates":[37.654,48.297]},"properties":{"d":"2025-04-11","w":7,"t":"Battles","s":"Non-state actor overtakes territory","c":"Ukraine","l":"Kalynove","a":"Donetsk","f":12}},{"type":"Feature","geometry":{"type":"Point","coordinates":[37.654,48.297]},"properties":{"d":"2025-04-08","w":7,"t":"Battles","s":"Armed clash","c":"Ukraine","l":"Kalynove","a":"Donetsk","f":12}},{"type":"Feature","geometry":{"type":"Point","coordinates":[37.737,10.85]},"properties":{"d":"2025-04-13","w":7,"t":"Battles","s":"Armed clash","c":"Ethiopia","l":"Digo Tsion","a":"Amhara","f":12}},{"type":"Feature","geometry":{"type":"Point","coordinates":[28.416,-1.234]},"properties":{"d":"2025-04-10","w":7,"t":"Violence against civilians","s":"Attack","c":"Democratic Republic of Congo","l":"Kibua","a":"Nord-Kivu","f":12}},{"type":"Feature","geometry":{"type":"Point","coordinates":[96.884,17.642]},"properties":{"d":"2025-04-11","w":7,"t":"Battles","s":"Armed clash","c":"Myanmar","l":"Nyaung Chay Htauk","a":"Bago-East","f":12}},{"type":"Feature","geometry":{"type":"Point","coordinates":[34.255,31.348]},"properties":{"d":"2025-04-07","w":7,"t":"Explosions/Remote violence","s":"Air/drone strike","c":"Palestine","l":"Al Mawasi (Khan Yunis)","a":"Gaza Strip","f":11}},{"type":"Feature","geometry":{"type":"Point","coordinates":[35.79,35.539]},"properties":{"d":"2025-04-08","w":7,"t":"Battles","s":"Armed clash","c":"Syria","l":"Lattakia - Unspecified","a":"Lattakia","f":11}},{"type":"Feature","geometry":{"type":"Point","coordinates":[37.057,48.022]},"properties":{"d":"2025-04-08","w":7,"t":"Battles","s":"Armed clash","c":"Ukraine","l":"Andriivka","a":"Donetsk","f":11}},{"type":"Feature","geometry":{"type":"Point","coordinates":[37.265,48.225]},"properties":{"d":"2025-04-08","w":7,"t":"Battles","s":"Armed clash","c":"Ukraine","l":"Lysivka","a":"Donetsk","f":11}},{"type":"Feature","geometry":{"type":"Point","coordinates":[37.559,48.28]},"properties":{"d":"2025-04-08","w":7,"t":"Battles","s":"Armed clash","c":"Ukraine","l":"Novooleksandrivka","a":"Donetsk","f":11}},{"type":"Feature","geometry":{"type":"Point","coordinates":[36.934,48.141]},"properties":{"d":"2025-04-07","w":7,"t":"Battles","s":"Armed clash","c":"Ukraine","l":"Kotliarivka","a":"Donetsk","f":11}},{"type":"Feature","geometry":{"type":"Point","coordinates":[37.05,48.255]},"properties":{"d":"2025-04-07","w":7,"t":"Battles","s":"Armed clash","c":"Ukraine","l":"Kotlyne","a":"Donetsk","f":11}},{"type":"Feature","geometry":{"type":"Point","coordinates":[37.449,48.303]},"properties":{"d":"2025-04-07","w":7,"t":"Battles","s":"Armed clash","c":"Ukraine","l":"Yelyzavetivka","a":"Donetsk","f":11}},{"type":"Feature","geometry":{"type":"Point","coordinates":[37.057,48.022]},"properties":{"d":"2025-04-13","w":7,"t":"Battles","s":"Armed clash","c":"Ukraine","l":"Andriivka","a":"Donetsk","f":11}},{"type":"Feature","geometry":{"type":"Point","coordinates":[36.967,48.09]},"properties":{"d":"2025-04-13","w":7,"t":"Battles","s":"Armed clash","c":"Ukraine","l":"Bohdanivka","a":"Donetsk","f":11}},{"type":"Feature","geometry":{"type":"Point","coordinates":[36.965,48.199]},"properties":{"d":"2025-04-13","w":7,"t":"Battles","s":"Armed clash","c":"Ukraine","l":"Novoserhiivka","a":"Donetsk","f":11}},{"type":"Feature","geometry":{"type":"Point","coordinates":[37.506,48.336]},"properties":{"d":"2025-04-13","w":7,"t":"Battles","s":"Armed clash","c":"Ukraine","l":"Vodiane Druhe","a":"Donetsk","f":11}},{"type":"Feature","geometry":{"type":"Point","coordinates":[37.449,48.303]},"properties":{"d":"2025-04-13","w":7,"t":"Battles","s":"Armed clash","c":"Ukraine","l":"Yelyzavetivka","a":"Donetsk","f":11}},{"type":"Feature","geometry":{"type":"Point","coordinates":[37.76,48.322]},"properties":{"d":"2025-04-13","w":7,"t":"Battles","s":"Armed clash","c":"Ukraine","l":"Sukha Balka","a":"Donetsk","f":11}},{"type":"Feature","geometry":{"type":"Point","coordinates":[37.022,48.2]},"properties":{"d":"2025-04-11","w":7,"t":"Battles","s":"Armed clash","c":"Ukraine","l":"Uspenivka","a":"Donetsk","f":11}},{"type":"Feature","geometry":{"type":"Point","coordinates":[37.022,48.2]},"properties":{"d":"2025-04-08","w":7,"t":"Battles","s":"Armed clash","c":"Ukraine","l":"Uspenivka","a":"Donetsk","f":11}},{"type":"Feature","geometry":{"type":"Point","coordinates":[24.891,12.056]},"properties":{"d":"2025-04-13","w":7,"t":"Battles","s":"Armed clash","c":"Sudan","l":"Nyala","a":"South Darfur","f":11}},{"type":"Feature","geometry":{"type":"Point","coordinates":[38.255,11.633]},"properties":{"d":"2025-04-11","w":7,"t":"Battles","s":"Armed clash","c":"Ethiopia","l":"Welela Bahir","a":"Amhara","f":11}},{"type":"Feature","geometry":{"type":"Point","coordinates":[45.681,4.01]},"properties":{"d":"2025-04-10","w":7,"t":"Battles","s":"Armed clash","c":"Somalia","l":"Aborey","a":"Hiraan","f":11}},{"type":"Feature","geometry":{"type":"Point","coordinates":[29.423,0.295]},"properties":{"d":"2025-04-07","w":7,"t":"Violence against civilians","s":"Attack","c":"Democratic Republic of Congo","l":"Mbongya","a":"Nord-Kivu","f":11}},{"type":"Feature","geometry":{"type":"Point","coordinates":[-99.4,17.096]},"properties":{"d":"2025-04-09","w":7,"t":"Battles","s":"Armed clash","c":"Mexico","l":"Rancho Viejo","a":"Guerrero","f":11}},{"type":"Feature","geometry":{"type":"Point","coordinates":[5.475,11.818]},"properties":{"d":"2025-04-07","w":7,"t":"Battles","s":"Armed clash","c":"Nigeria","l":"Adabka","a":"Zamfara","f":10}},{"type":"Feature","geometry":{"type":"Point","coordinates":[5.475,11.818]},"properties":{"d":"2025-04-08","w":7,"t":"Battles","s":"Armed clash","c":"Nigeria","l":"Adabka","a":"Zamfara","f":10}},{"type":"Feature","geometry":{"type":"Point","coordinates":[13.693,11.084]},"properties":{"d":"2025-04-11","w":7,"t":"Battles","s":"Armed clash","c":"Nigeria","l":"Gwoza","a":"Borno","f":10}},{"type":"Feature","geometry":{"type":"Point","coordinates":[7.417,11.28]},"properties":{"d":"2025-04-08","w":7,"t":"Battles","s":"Armed clash","c":"Nigeria","l":"Giwa","a":"Kaduna","f":10}},{"type":"Feature","geometry":{"type":"Point","coordinates":[34.316,31.356]},"properties":{"d":"2025-04-11","w":7,"t":"Explosions/Remote violence","s":"Air/drone strike","c":"Palestine","l":"Khan Yunis - Al Mahattah","a":"Gaza Strip","f":10}},{"type":"Feature","geometry":{"type":"Point","coordinates":[34.35,31.418]},"properties":{"d":"2025-04-13","w":7,"t":"Explosions/Remote violence","s":"Air/drone strike","c":"Palestine","l":"Deir al Balah","a":"Gaza Strip","f":10}},{"type":"Feature","geometry":{"type":"Point","coordinates":[37.679,48.329]},"properties":{"d":"2025-04-13","w":7,"t":"Battles","s":"Armed clash","c":"Ukraine","l":"Stara Mykolaivka","a":"Donetsk","f":10}},{"type":"Feature","geometry":{"type":"Point","coordinates":[33.695,11.117]},"properties":{"d":"2025-04-08","w":7,"t":"Battles","s":"Government regains territory","c":"Sudan","l":"Al Slik","a":"Blue Nile","f":10}},{"type":"Feature","geometry":{"type":"Point","coordinates":[26.6,18.184]},"properties":{"d":"2025-04-09","w":7,"t":"Battles","s":"Non-state actor overtakes territory","c":"Sudan","l":"Al Atrun","a":"North Darfur","f":10}},{"type":"Feature","geometry":{"type":"Point","coordinates":[26.691,13.602]},"properties":{"d":"2025-04-10","w":7,"t":"Battles","s":"Armed clash","c":"Sudan","l":"Umm Keddada","a":"North Darfur","f":10}},{"type":"Feature","geometry":{"type":"Point","coordinates":[25.308,13.484]},"properties":{"d":"2025-04-08","w":7,"t":"Battles","s":"Armed clash","c":"Sudan","l":"Zamzam IDP camp","a":"North Darfur","f":10}},{"type":"Feature","geometry":{"type":"Point","coordinates":[26.691,13.602]},"properties":{"d":"2025-04-08","w":7,"t":"Battles","s":"Armed clash","c":"Sudan","l":"Umm Keddada","a":"North Darfur","f":10}},{"type":"Feature","geometry":{"type":"Point","coordinates":[31.137,14.394]},"properties":{"d":"2025-04-13","w":7,"t":"Explosions/Remote violence","s":"Air/drone strike","c":"Sudan","l":"Um Sayalah","a":"North Kordofan","f":10}},{"type":"Feature","geometry":{"type":"Point","coordinates":[24.891,12.056]},"properties":{"d":"2025-04-12","w":7,"t":"Battles","s":"Armed clash","c":"Sudan","l":"Nyala","a":"South Darfur","f":10}},{"type":"Feature","geometry":{"type":"Point","coordinates":[28.575,10.319]},"properties":{"d":"2025-04-12","w":7,"t":"Battles","s":"Armed clash","c":"Sudan","l":"Nama","a":"West Kordofan","f":10}},{"type":"Feature","geometry":{"type":"Point","coordinates":[30.753,11.84]},"properties":{"d":"2025-04-12","w":7,"t":"Battles","s":"Government regains territory","c":"Sudan","l":"Ambir","a":"South Kordofan","f":10}},{"type":"Feature","geometry":{"type":"Point","coordinates":[26.691,13.602]},"properties":{"d":"2025-04-08","w":7,"t":"Battles","s":"Armed clash","c":"Sudan","l":"Umm Keddada","a":"North Darfur","f":10}},{"type":"Feature","geometry":{"type":"Point","coordinates":[39.545,11.275]},"properties":{"d":"2025-04-07","w":7,"t":"Battles","s":"Armed clash","c":"Ethiopia","l":"Kutaber","a":"Amhara","f":10}},{"type":"Feature","geometry":{"type":"Point","coordinates":[37.097,10.895]},"properties":{"d":"2025-04-10","w":7,"t":"Battles","s":"Armed clash","c":"Ethiopia","l":"Ashifa","a":"Amhara","f":10}},{"type":"Feature","geometry":{"type":"Point","coordinates":[42.614,15.243]},"properties":{"d":"2025-04-17","w":8,"t":"Explosions/Remote violence","s":"Air/drone strike","c":"Yemen","l":"Ras Isa Oil Facility","a":"Al Hudaydah","f":130}},{"type":"Feature","geometry":{"type":"Point","coordinates":[36.835,47.845]},"properties":{"d":"2025-04-15","w":8,"t":"Explosions/Remote violence","s":"Air/drone strike","c":"Ukraine","l":"Velyka Novosilka","a":"Donetsk","f":100}},{"type":"Feature","geometry":{"type":"Point","coordinates":[36.762,47.933]},"properties":{"d":"2025-04-15","w":8,"t":"Battles","s":"Armed clash","c":"Ukraine","l":"Vesele","a":"Donetsk","f":100}},{"type":"Feature","geometry":{"type":"Point","coordinates":[38.359,10.602]},"properties":{"d":"2025-04-17","w":8,"t":"Explosions/Remote violence","s":"Air/drone strike","c":"Ethiopia","l":"Gedeb","a":"Amhara","f":100}},{"type":"Feature","geometry":{"type":"Point","coordinates":[32.618,46.656]},"properties":{"d":"2025-04-16","w":8,"t":"Battles","s":"Armed clash","c":"Ukraine","l":"Kherson","a":"Kherson","f":91}},{"type":"Feature","geometry":{"type":"Point","coordinates":[32.618,46.656]},"properties":{"d":"2025-04-15","w":8,"t":"Battles","s":"Armed clash","c":"Ukraine","l":"Kherson","a":"Kherson","f":84}},{"type":"Feature","geometry":{"type":"Point","coordinates":[32.618,46.656]},"properties":{"d":"2025-04-14","w":8,"t":"Battles","s":"Armed clash","c":"Ukraine","l":"Kherson","a":"Kherson","f":82}},{"type":"Feature","geometry":{"type":"Point","coordinates":[25.356,13.626]},"properties":{"d":"2025-04-16","w":8,"t":"Battles","s":"Armed clash","c":"Sudan","l":"El Fasher","a":"North Darfur","f":67}},{"type":"Feature","geometry":{"type":"Point","coordinates":[46.25,3.774]},"properties":{"d":"2025-04-16","w":8,"t":"Battles","s":"Non-state actor overtakes territory","c":"Somalia","l":"Adan Yabaal","a":"Middle Shabelle","f":58}},{"type":"Feature","geometry":{"type":"Point","coordinates":[32.618,46.656]},"properties":{"d":"2025-04-17","w":8,"t":"Battles","s":"Armed clash","c":"Ukraine","l":"Kherson","a":"Kherson","f":55}},{"type":"Feature","geometry":{"type":"Point","coordinates":[32.618,46.656]},"properties":{"d":"2025-04-14","w":8,"t":"Battles","s":"Armed clash","c":"Ukraine","l":"Kherson","a":"Kherson","f":54}},{"type":"Feature","geometry":{"type":"Point","coordinates":[30.371,13.699]},"properties":{"d":"2025-04-16","w":8,"t":"Explosions/Remote violence","s":"Air/drone strike","c":"Sudan","l":"Bara","a":"North Kordofan","f":50}},{"type":"Feature","geometry":{"type":"Point","coordinates":[8.674,9.772]},"properties":{"d":"2025-04-14","w":8,"t":"Violence against civilians","s":"Attack","c":"Nigeria","l":"Kimakpa","a":"Plateau","f":49}},{"type":"Feature","geometry":{"type":"Point","coordinates":[32.618,46.656]},"properties":{"d":"2025-04-17","w":8,"t":"Battles","s":"Armed clash","c":"Ukraine","l":"Kherson","a":"Kherson","f":47}},{"type":"Feature","geometry":{"type":"Point","coordinates":[43.595,3.025]},"properties":{"d":"2025-04-17","w":8,"t":"Battles","s":"Armed clash","c":"Somalia","l":"Burjeedka","a":"Bay","f":45}},{"type":"Feature","geometry":{"type":"Point","coordinates":[32.618,46.656]},"properties":{"d":"2025-04-18","w":8,"t":"Battles","s":"Armed clash","c":"Ukraine","l":"Kherson","a":"Kherson","f":43}},{"type":"Feature","geometry":{"type":"Point","coordinates":[-8.042,14.152]},"properties":{"d":"2025-04-17","w":8,"t":"Violence against civilians","s":"Attack","c":"Mali","l":"Kwala","a":"Koulikoro","f":43}},{"type":"Feature","geometry":{"type":"Point","coordinates":[34.313,31.315]},"properties":{"d":"2025-04-19","w":8,"t":"Explosions/Remote violence","s":"Air/drone strike","c":"Palestine","l":"Al Kharaba","a":"Gaza Strip","f":40}},{"type":"Feature","geometry":{"type":"Point","coordinates":[32.618,46.656]},"properties":{"d":"2025-04-15","w":8,"t":"Battles","s":"Armed clash","c":"Ukraine","l":"Kherson","a":"Kherson","f":39}},{"type":"Feature","geometry":{"type":"Point","coordinates":[32.618,46.656]},"properties":{"d":"2025-04-16","w":8,"t":"Battles","s":"Armed clash","c":"Ukraine","l":"Kherson","a":"Kherson","f":39}},{"type":"Feature","geometry":{"type":"Point","coordinates":[37.506,48.336]},"properties":{"d":"2025-04-17","w":8,"t":"Battles","s":"Armed clash","c":"Ukraine","l":"Vodiane Druhe","a":"Donetsk","f":35}},{"type":"Feature","geometry":{"type":"Point","coordinates":[37.577,48.329]},"properties":{"d":"2025-04-17","w":8,"t":"Battles","s":"Armed clash","c":"Ukraine","l":"Zelene Pole","a":"Donetsk","f":35}},{"type":"Feature","geometry":{"type":"Point","coordinates":[37.76,48.322]},"properties":{"d":"2025-04-17","w":8,"t":"Battles","s":"Armed clash","c":"Ukraine","l":"Sukha Balka","a":"Donetsk","f":35}},{"type":"Feature","geometry":{"type":"Point","coordinates":[37.679,48.329]},"properties":{"d":"2025-04-17","w":8,"t":"Battles","s":"Armed clash","c":"Ukraine","l":"Stara Mykolaivka","a":"Donetsk","f":35}},{"type":"Feature","geometry":{"type":"Point","coordinates":[37.057,48.022]},"properties":{"d":"2025-04-17","w":8,"t":"Battles","s":"Armed clash","c":"Ukraine","l":"Andriivka","a":"Donetsk","f":34}},{"type":"Feature","geometry":{"type":"Point","coordinates":[37.05,48.255]},"properties":{"d":"2025-04-17","w":8,"t":"Battles","s":"Armed clash","c":"Ukraine","l":"Kotlyne","a":"Donetsk","f":34}},{"type":"Feature","geometry":{"type":"Point","coordinates":[37.265,48.225]},"properties":{"d":"2025-04-17","w":8,"t":"Battles","s":"Armed clash","c":"Ukraine","l":"Lysivka","a":"Donetsk","f":34}},{"type":"Feature","geometry":{"type":"Point","coordinates":[37.38,48.299]},"properties":{"d":"2025-04-17","w":8,"t":"Battles","s":"Armed clash","c":"Ukraine","l":"Myroliubivka","a":"Donetsk","f":34}},{"type":"Feature","geometry":{"type":"Point","coordinates":[37.413,48.289]},"properties":{"d":"2025-04-17","w":8,"t":"Battles","s":"Armed clash","c":"Ukraine","l":"Novotoretske","a":"Donetsk","f":34}},{"type":"Feature","geometry":{"type":"Point","coordinates":[36.981,48.115]},"properties":{"d":"2025-04-17","w":8,"t":"Battles","s":"Non-state actor overtakes territory","c":"Ukraine","l":"Preobrazhenka","a":"Donetsk","f":34}},{"type":"Feature","geometry":{"type":"Point","coordinates":[37.318,48.269]},"properties":{"d":"2025-04-17","w":8,"t":"Battles","s":"Armed clash","c":"Ukraine","l":"Promin","a":"Donetsk","f":34}},{"type":"Feature","geometry":{"type":"Point","coordinates":[36.991,48.24]},"properties":{"d":"2025-04-17","w":8,"t":"Battles","s":"Armed clash","c":"Ukraine","l":"Udachne","a":"Donetsk","f":34}},{"type":"Feature","geometry":{"type":"Point","coordinates":[37.449,48.303]},"properties":{"d":"2025-04-17","w":8,"t":"Battles","s":"Armed clash","c":"Ukraine","l":"Yelyzavetivka","a":"Donetsk","f":34}},{"type":"Feature","geometry":{"type":"Point","coordinates":[37.022,48.2]},"properties":{"d":"2025-04-17","w":8,"t":"Battles","s":"Armed clash","c":"Ukraine","l":"Uspenivka","a":"Donetsk","f":34}},{"type":"Feature","geometry":{"type":"Point","coordinates":[32.618,46.656]},"properties":{"d":"2025-04-18","w":8,"t":"Battles","s":"Armed clash","c":"Ukraine","l":"Kherson","a":"Kherson","f":32}},{"type":"Feature","geometry":{"type":"Point","coordinates":[29.995,12.592]},"properties":{"d":"2025-04-17","w":8,"t":"Explosions/Remote violence","s":"Air/drone strike","c":"Sudan","l":"Al Hamadi","a":"South Kordofan","f":30}},{"type":"Feature","geometry":{"type":"Point","coordinates":[25.356,13.626]},"properties":{"d":"2025-04-14","w":8,"t":"Battles","s":"Armed clash","c":"Sudan","l":"El Fasher","a":"North Darfur","f":25}},{"type":"Feature","geometry":{"type":"Point","coordinates":[96.053,22.771]},"properties":{"d":"2025-04-19","w":8,"t":"Explosions/Remote violence","s":"Air/drone strike","c":"Myanmar","l":"Yae Htwet","a":"Mandalay","f":24}},{"type":"Feature","geometry":{"type":"Point","coordinates":[37.05,48.255]},"properties":{"d":"2025-04-14","w":8,"t":"Battles","s":"Armed clash","c":"Ukraine","l":"Kotlyne","a":"Donetsk","f":23}},{"type":"Feature","geometry":{"type":"Point","coordinates":[37.265,48.225]},"properties":{"d":"2025-04-14","w":8,"t":"Battles","s":"Armed clash","c":"Ukraine","l":"Lysivka","a":"Donetsk","f":23}},{"type":"Feature","geometry":{"type":"Point","coordinates":[36.991,48.24]},"properties":{"d":"2025-04-14","w":8,"t":"Battles","s":"Armed clash","c":"Ukraine","l":"Udachne","a":"Donetsk","f":23}},{"type":"Feature","geometry":{"type":"Point","coordinates":[36.967,48.09]},"properties":{"d":"2025-04-14","w":8,"t":"Battles","s":"Armed clash","c":"Ukraine","l":"Bohdanivka","a":"Donetsk","f":21}},{"type":"Feature","geometry":{"type":"Point","coordinates":[36.934,48.141]},"properties":{"d":"2025-04-14","w":8,"t":"Battles","s":"Armed clash","c":"Ukraine","l":"Kotliarivka","a":"Donetsk","f":21}},{"type":"Feature","geometry":{"type":"Point","coordinates":[37.449,48.303]},"properties":{"d":"2025-04-14","w":8,"t":"Battles","s":"Armed clash","c":"Ukraine","l":"Yelyzavetivka","a":"Donetsk","f":21}},{"type":"Feature","geometry":{"type":"Point","coordinates":[37.76,48.322]},"properties":{"d":"2025-04-14","w":8,"t":"Battles","s":"Armed clash","c":"Ukraine","l":"Sukha Balka","a":"Donetsk","f":21}},{"type":"Feature","geometry":{"type":"Point","coordinates":[25.356,13.626]},"properties":{"d":"2025-04-20","w":8,"t":"Battles","s":"Armed clash","c":"Sudan","l":"El Fasher","a":"North Darfur","f":21}},{"type":"Feature","geometry":{"type":"Point","coordinates":[37.057,48.022]},"properties":{"d":"2025-04-14","w":8,"t":"Battles","s":"Armed clash","c":"Ukraine","l":"Andriivka","a":"Donetsk","f":20}},{"type":"Feature","geometry":{"type":"Point","coordinates":[34.284,51.273]},"properties":{"d":"2025-04-19","w":8,"t":"Explosions/Remote violence","s":"Air/drone strike","c":"Russia","l":"Tyotkino","a":"Kursk","f":20}},{"type":"Feature","geometry":{"type":"Point","coordinates":[0.445,11.794]},"properties":{"d":"2025-04-14","w":8,"t":"Battles","s":"Armed clash","c":"Burkina Faso","l":"Nagare","a":"Est","f":20}},{"type":"Feature","geometry":{"type":"Point","coordinates":[3.886,9.916]},"properties":{"d":"2025-04-20","w":8,"t":"Battles","s":"Armed clash","c":"Nigeria","l":"Kemanji","a":"Kwara","f":19}},{"type":"Feature","geometry":{"type":"Point","coordinates":[3.948,9.623]},"properties":{"d":"2025-04-20","w":8,"t":"Battles","s":"Armed clash","c":"Nigeria","l":"Kaiama","a":"Kwara","f":19}},{"type":"Feature","geometry":{"type":"Point","coordinates":[25.356,13.626]},"properties":{"d":"2025-04-18","w":8,"t":"Battles","s":"Armed clash","c":"Sudan","l":"El Fasher","a":"North Darfur","f":19}},{"type":"Feature","geometry":{"type":"Point","coordinates":[36.941,50.291]},"properties":{"d":"2025-04-19","w":8,"t":"Battles","s":"Armed clash","c":"Ukraine","l":"Vovchansk","a":"Kharkiv","f":18}},{"type":"Feature","geometry":{"type":"Point","coordinates":[30.25,13.064]},"properties":{"d":"2025-04-14","w":8,"t":"Violence against civilians","s":"Attack","c":"Sudan","l":"Khor Umm Shawa","a":"North Kordofan","f":18}},{"type":"Feature","geometry":{"type":"Point","coordinates":[49.873,11.471]},"properties":{"d":"2025-04-18","w":8,"t":"Battles","s":"Armed clash","c":"Somalia","l":"Qandala","a":"Bari","f":18}},{"type":"Feature","geometry":{"type":"Point","coordinates":[49.743,10.855]},"properties":{"d":"2025-04-18","w":8,"t":"Battles","s":"Armed clash","c":"Somalia","l":"Buuraha Cali Miskat","a":"Bari","f":18}},{"type":"Feature","geometry":{"type":"Point","coordinates":[25.356,13.626]},"properties":{"d":"2025-04-19","w":8,"t":"Battles","s":"Armed clash","c":"Sudan","l":"El Fasher","a":"North Darfur","f":17}},{"type":"Feature","geometry":{"type":"Point","coordinates":[49.876,11.128]},"properties":{"d":"2025-04-18","w":8,"t":"Battles","s":"Armed clash","c":"Somalia","l":"Dhaadaar","a":"Bari","f":17}},{"type":"Feature","geometry":{"type":"Point","coordinates":[50.124,10.975]},"properties":{"d":"2025-04-18","w":8,"t":"Battles","s":"Armed clash","c":"Somalia","l":"Dharin","a":"Bari","f":17}},{"type":"Feature","geometry":{"type":"Point","coordinates":[34.255,31.348]},"properties":{"d":"2025-04-16","w":8,"t":"Explosions/Remote violence","s":"Air/drone strike","c":"Palestine","l":"Al Mawasi (Khan Yunis)","a":"Gaza Strip","f":16}},{"type":"Feature","geometry":{"type":"Point","coordinates":[30.429,1.971]},"properties":{"d":"2025-04-20","w":8,"t":"Battles","s":"Armed clash","c":"Democratic Republic of Congo","l":"Budu","a":"Ituri","f":16}},{"type":"Feature","geometry":{"type":"Point","coordinates":[3.886,9.916]},"properties":{"d":"2025-04-16","w":8,"t":"Battles","s":"Armed clash","c":"Nigeria","l":"Kemanji","a":"Kwara","f":15}},{"type":"Feature","geometry":{"type":"Point","coordinates":[25.356,13.626]},"properties":{"d":"2025-04-17","w":8,"t":"Battles","s":"Armed clash","c":"Sudan","l":"El Fasher","a":"North Darfur","f":15}},{"type":"Feature","geometry":{"type":"Point","coordinates":[-0.312,14.413]},"properties":{"d":"2025-04-15","w":8,"t":"Violence against civilians","s":"Attack","c":"Burkina Faso","l":"Timboulel","a":"Sahel","f":15}},{"type":"Feature","geometry":{"type":"Point","coordinates":[8.089,7.109]},"properties":{"d":"2025-04-15","w":8,"t":"Violence against civilians","s":"Attack","c":"Nigeria","l":"Otobi","a":"Benue","f":13}},{"type":"Feature","geometry":{"type":"Point","coordinates":[34.475,31.513]},"properties":{"d":"2025-04-16","w":8,"t":"Explosions/Remote violence","s":"Air/drone strike","c":"Palestine","l":"Gaza - At Tuffah","a":"Gaza Strip","f":13}},{"type":"Feature","geometry":{"type":"Point","coordinates":[34.325,31.342]},"properties":{"d":"2025-04-18","w":8,"t":"Explosions/Remote violence","s":"Air/drone strike","c":"Palestine","l":"Bani Suheila","a":"Gaza Strip","f":13}},{"type":"Feature","geometry":{"type":"Point","coordinates":[96.041,22.785]},"properties":{"d":"2025-04-18","w":8,"t":"Explosions/Remote violence","s":"Air/drone strike","c":"Myanmar","l":"Leik Kya","a":"Mandalay","f":13}},{"type":"Feature","geometry":{"type":"Point","coordinates":[44.215,15.364]},"properties":{"d":"2025-04-20","w":8,"t":"Explosions/Remote violence","s":"Air/drone strike","c":"Yemen","l":"Sanaa - Farwah","a":"Amanat al Asimah","f":12}},{"type":"Feature","geometry":{"type":"Point","coordinates":[37.057,48.022]},"properties":{"d":"2025-04-20","w":8,"t":"Battles","s":"Armed clash","c":"Ukraine","l":"Andriivka","a":"Donetsk","f":12}},{"type":"Feature","geometry":{"type":"Point","coordinates":[37.05,48.255]},"properties":{"d":"2025-04-20","w":8,"t":"Battles","s":"Armed clash","c":"Ukraine","l":"Kotlyne","a":"Donetsk","f":12}},{"type":"Feature","geometry":{"type":"Point","coordinates":[37.265,48.225]},"properties":{"d":"2025-04-20","w":8,"t":"Battles","s":"Armed clash","c":"Ukraine","l":"Lysivka","a":"Donetsk","f":12}},{"type":"Feature","geometry":{"type":"Point","coordinates":[37.38,48.299]},"properties":{"d":"2025-04-20","w":8,"t":"Battles","s":"Armed clash","c":"Ukraine","l":"Myroliubivka","a":"Donetsk","f":12}},{"type":"Feature","geometry":{"type":"Point","coordinates":[36.981,48.115]},"properties":{"d":"2025-04-20","w":8,"t":"Battles","s":"Armed clash","c":"Ukraine","l":"Preobrazhenka","a":"Donetsk","f":12}},{"type":"Feature","geometry":{"type":"Point","coordinates":[36.991,48.24]},"properties":{"d":"2025-04-20","w":8,"t":"Battles","s":"Armed clash","c":"Ukraine","l":"Udachne","a":"Donetsk","f":12}},{"type":"Feature","geometry":{"type":"Point","coordinates":[37.449,48.303]},"properties":{"d":"2025-04-20","w":8,"t":"Battles","s":"Armed clash","c":"Ukraine","l":"Yelyzavetivka","a":"Donetsk","f":12}},{"type":"Feature","geometry":{"type":"Point","coordinates":[37.76,48.322]},"properties":{"d":"2025-04-20","w":8,"t":"Battles","s":"Armed clash","c":"Ukraine","l":"Sukha Balka","a":"Donetsk","f":12}},{"type":"Feature","geometry":{"type":"Point","coordinates":[37.022,48.2]},"properties":{"d":"2025-04-20","w":8,"t":"Battles","s":"Armed clash","c":"Ukraine","l":"Uspenivka","a":"Donetsk","f":12}},{"type":"Feature","geometry":{"type":"Point","coordinates":[36.997,48.189]},"properties":{"d":"2025-04-20","w":8,"t":"Battles","s":"Armed clash","c":"Ukraine","l":"Novooleksandrivka","a":"Donetsk","f":12}},{"type":"Feature","geometry":{"type":"Point","coordinates":[32.448,15.271]},"properties":{"d":"2025-04-19","w":8,"t":"Violence against civilians","s":"Attack","c":"Sudan","l":"Eid Al Hadd","a":"Khartoum","f":12}},{"type":"Feature","geometry":{"type":"Point","coordinates":[46.25,3.774]},"properties":{"d":"2025-04-16","w":8,"t":"Explosions/Remote violence","s":"Air/drone strike","c":"Somalia","l":"Adan Yabaal","a":"Middle Shabelle","f":12}},{"type":"Feature","geometry":{"type":"Point","coordinates":[34.504,31.537]},"properties":{"d":"2025-04-18","w":8,"t":"Explosions/Remote violence","s":"Air/drone strike","c":"Palestine","l":"Jabalya - Tel-Zaatar","a":"Gaza Strip","f":11}},{"type":"Feature","geometry":{"type":"Point","coordinates":[36.967,48.09]},"properties":{"d":"2025-04-18","w":8,"t":"Battles","s":"Armed clash","c":"Ukraine","l":"Bohdanivka","a":"Donetsk","f":11}},{"type":"Feature","geometry":{"type":"Point","coordinates":[37.265,48.225]},"properties":{"d":"2025-04-18","w":8,"t":"Battles","s":"Armed clash","c":"Ukraine","l":"Lysivka","a":"Donetsk","f":11}},{"type":"Feature","geometry":{"type":"Point","coordinates":[36.999,47.972]},"properties":{"d":"2025-04-20","w":8,"t":"Battles","s":"Armed clash","c":"Ukraine","l":"Rozlyv","a":"Donetsk","f":11}},{"type":"Feature","geometry":{"type":"Point","coordinates":[32.387,15.648]},"properties":{"d":"2025-04-20","w":8,"t":"Battles","s":"Armed clash","c":"Sudan","l":"Ombada","a":"Khartoum","f":11}},{"type":"Feature","geometry":{"type":"Point","coordinates":[-5.553,15.28]},"properties":{"d":"2025-04-20","w":8,"t":"Battles","s":"Armed clash","c":"Mali","l":"Nampala","a":"Segou","f":11}},{"type":"Feature","geometry":{"type":"Point","coordinates":[1.392,12.001]},"properties":{"d":"2025-04-17","w":8,"t":"Explosions/Remote violence","s":"Air/drone strike","c":"Burkina Faso","l":"Boungou","a":"Est","f":11}},{"type":"Feature","geometry":{"type":"Point","coordinates":[30.608,1.6]},"properties":{"d":"2025-04-14","w":8,"t":"Battles","s":"Armed clash","c":"Democratic Republic of Congo","l":"Joo","a":"Ituri","f":11}},{"type":"Feature","geometry":{"type":"Point","coordinates":[95.216,21.432]},"properties":{"d":"2025-04-20","w":8,"t":"Battles","s":"Armed clash","c":"Myanmar","l":"Ba La Ba","a":"Magway","f":11}},{"type":"Feature","geometry":{"type":"Point","coordinates":[13.51,11.122]},"properties":{"d":"2025-04-17","w":8,"t":"Battles","s":"Armed clash","c":"Nigeria","l":"Yamtaji","a":"Borno","f":10}},{"type":"Feature","geometry":{"type":"Point","coordinates":[6.001,11.546]},"properties":{"d":"2025-04-17","w":8,"t":"Battles","s":"Armed clash","c":"Nigeria","l":"Dankurmi","a":"Zamfara","f":10}},{"type":"Feature","geometry":{"type":"Point","coordinates":[13.264,13.617]},"properties":{"d":"2025-04-15","w":8,"t":"Explosions/Remote violence","s":"Air/drone strike","c":"Nigeria","l":"Abadam","a":"Borno","f":10}},{"type":"Feature","geometry":{"type":"Point","coordinates":[13.654,11.373]},"properties":{"d":"2025-04-15","w":8,"t":"Explosions/Remote violence","s":"Air/drone strike","c":"Nigeria","l":"Arra","a":"Borno","f":10}},{"type":"Feature","geometry":{"type":"Point","coordinates":[9.529,7.646]},"properties":{"d":"2025-04-18","w":8,"t":"Violence against civilians","s":"Attack","c":"Nigeria","l":"Gbagir","a":"Benue","f":10}},{"type":"Feature","geometry":{"type":"Point","coordinates":[37.057,48.022]},"properties":{"d":"2025-04-15","w":8,"t":"Battles","s":"Armed clash","c":"Ukraine","l":"Andriivka","a":"Donetsk","f":10}},{"type":"Feature","geometry":{"type":"Point","coordinates":[36.967,48.09]},"properties":{"d":"2025-04-15","w":8,"t":"Battles","s":"Armed clash","c":"Ukraine","l":"Bohdanivka","a":"Donetsk","f":10}},{"type":"Feature","geometry":{"type":"Point","coordinates":[37.265,48.225]},"properties":{"d":"2025-04-15","w":8,"t":"Battles","s":"Armed clash","c":"Ukraine","l":"Lysivka","a":"Donetsk","f":10}},{"type":"Feature","geometry":{"type":"Point","coordinates":[37.858,48.263]},"properties":{"d":"2025-04-15","w":8,"t":"Battles","s":"Armed clash","c":"Ukraine","l":"Troitske","a":"Donetsk","f":10}},{"type":"Feature","geometry":{"type":"Point","coordinates":[36.991,48.24]},"properties":{"d":"2025-04-15","w":8,"t":"Battles","s":"Armed clash","c":"Ukraine","l":"Udachne","a":"Donetsk","f":10}},{"type":"Feature","geometry":{"type":"Point","coordinates":[37.506,48.336]},"properties":{"d":"2025-04-15","w":8,"t":"Battles","s":"Armed clash","c":"Ukraine","l":"Vodiane Druhe","a":"Donetsk","f":10}},{"type":"Feature","geometry":{"type":"Point","coordinates":[37.449,48.303]},"properties":{"d":"2025-04-15","w":8,"t":"Battles","s":"Armed clash","c":"Ukraine","l":"Yelyzavetivka","a":"Donetsk","f":10}},{"type":"Feature","geometry":{"type":"Point","coordinates":[37.577,48.329]},"properties":{"d":"2025-04-15","w":8,"t":"Battles","s":"Armed clash","c":"Ukraine","l":"Zelene Pole","a":"Donetsk","f":10}},{"type":"Feature","geometry":{"type":"Point","coordinates":[37.38,48.299]},"properties":{"d":"2025-04-18","w":8,"t":"Battles","s":"Armed clash","c":"Ukraine","l":"Myroliubivka","a":"Donetsk","f":10}},{"type":"Feature","geometry":{"type":"Point","coordinates":[37.559,48.28]},"properties":{"d":"2025-04-18","w":8,"t":"Battles","s":"Armed clash","c":"Ukraine","l":"Novooleksandrivka","a":"Donetsk","f":10}},{"type":"Feature","geometry":{"type":"Point","coordinates":[37.413,48.289]},"properties":{"d":"2025-04-18","w":8,"t":"Battles","s":"Armed clash","c":"Ukraine","l":"Novotoretske","a":"Donetsk","f":10}},{"type":"Feature","geometry":{"type":"Point","coordinates":[37.551,48.349]},"properties":{"d":"2025-04-18","w":8,"t":"Battles","s":"Armed clash","c":"Ukraine","l":"Tarasivka","a":"Donetsk","f":10}},{"type":"Feature","geometry":{"type":"Point","coordinates":[37.449,48.303]},"properties":{"d":"2025-04-18","w":8,"t":"Battles","s":"Armed clash","c":"Ukraine","l":"Yelyzavetivka","a":"Donetsk","f":10}},{"type":"Feature","geometry":{"type":"Point","coordinates":[37.845,48.393]},"properties":{"d":"2025-04-20","w":8,"t":"Battles","s":"Armed clash","c":"Ukraine","l":"Toretsk","a":"Donetsk","f":10}},{"type":"Feature","geometry":{"type":"Point","coordinates":[37.76,48.322]},"properties":{"d":"2025-04-15","w":8,"t":"Battles","s":"Armed clash","c":"Ukraine","l":"Sukha Balka","a":"Donetsk","f":10}},{"type":"Feature","geometry":{"type":"Point","coordinates":[37.76,48.322]},"properties":{"d":"2025-04-18","w":8,"t":"Battles","s":"Armed clash","c":"Ukraine","l":"Sukha Balka","a":"Donetsk","f":10}},{"type":"Feature","geometry":{"type":"Point","coordinates":[32.618,46.656]},"properties":{"d":"2025-04-21","w":9,"t":"Battles","s":"Armed clash","c":"Ukraine","l":"Kherson","a":"Kherson","f":113}},{"type":"Feature","geometry":{"type":"Point","coordinates":[32.618,46.656]},"properties":{"d":"2025-04-22","w":9,"t":"Battles","s":"Armed clash","c":"Ukraine","l":"Kherson","a":"Kherson","f":91}},{"type":"Feature","geometry":{"type":"Point","coordinates":[32.618,46.656]},"properties":{"d":"2025-04-23","w":9,"t":"Battles","s":"Armed clash","c":"Ukraine","l":"Kherson","a":"Kherson","f":88}},{"type":"Feature","geometry":{"type":"Point","coordinates":[46.568,3.203]},"properties":{"d":"2025-04-24","w":9,"t":"Battles","s":"Armed clash","c":"Somalia","l":"Wargaadhi","a":"Middle Shabelle","f":80}},{"type":"Feature","geometry":{"type":"Point","coordinates":[28.217,12.048]},"properties":{"d":"2025-04-22","w":9,"t":"Violence against civilians","s":"Attack","c":"Sudan","l":"El Udayyah","a":"West Kordofan","f":74}},{"type":"Feature","geometry":{"type":"Point","coordinates":[32.618,46.656]},"properties":{"d":"2025-04-24","w":9,"t":"Battles","s":"Armed clash","c":"Ukraine","l":"Kherson","a":"Kherson","f":59}},{"type":"Feature","geometry":{"type":"Point","coordinates":[32.618,46.656]},"properties":{"d":"2025-04-25","w":9,"t":"Battles","s":"Armed clash","c":"Ukraine","l":"Kherson","a":"Kherson","f":57}},{"type":"Feature","geometry":{"type":"Point","coordinates":[70.308,33.205]},"properties":{"d":"2025-04-26","w":9,"t":"Battles","s":"Armed clash","c":"Pakistan","l":"Hassan Khel","a":"Khyber Pakhtunkhwa","f":54}},{"type":"Feature","geometry":{"type":"Point","coordinates":[25.356,13.626]},"properties":{"d":"2025-04-21","w":9,"t":"Battles","s":"Armed clash","c":"Sudan","l":"El Fasher","a":"North Darfur","f":47}},{"type":"Feature","geometry":{"type":"Point","coordinates":[30.371,13.699]},"properties":{"d":"2025-04-21","w":9,"t":"Explosions/Remote violence","s":"Air/drone strike","c":"Sudan","l":"Bara","a":"North Kordofan","f":41}},{"type":"Feature","geometry":{"type":"Point","coordinates":[34.483,31.527]},"properties":{"d":"2025-04-24","w":9,"t":"Explosions/Remote violence","s":"Air/drone strike","c":"Palestine","l":"Jabalya","a":"Gaza Strip","f":40}},{"type":"Feature","geometry":{"type":"Point","coordinates":[-2.655,13.803]},"properties":{"d":"2025-04-25","w":9,"t":"Battles","s":"Armed clash","c":"Burkina Faso","l":"Thiou","a":"Nord","f":40}},{"type":"Feature","geometry":{"type":"Point","coordinates":[32.618,46.656]},"properties":{"d":"2025-04-22","w":9,"t":"Battles","s":"Armed clash","c":"Ukraine","l":"Kherson","a":"Kherson","f":39}},{"type":"Feature","geometry":{"type":"Point","coordinates":[-4.593,13.6]},"properties":{"d":"2025-04-23","w":9,"t":"Explosions/Remote violence","s":"Air/drone strike","c":"Mali","l":"Baramandougou","a":"Segou","f":37}},{"type":"Feature","geometry":{"type":"Point","coordinates":[32.618,46.656]},"properties":{"d":"2025-04-25","w":9,"t":"Battles","s":"Armed clash","c":"Ukraine","l":"Kherson","a":"Kherson","f":36}},{"type":"Feature","geometry":{"type":"Point","coordinates":[32.618,46.656]},"properties":{"d":"2025-04-23","w":9,"t":"Battles","s":"Armed clash","c":"Ukraine","l":"Kherson","a":"Kherson","f":36}},{"type":"Feature","geometry":{"type":"Point","coordinates":[32.618,46.656]},"properties":{"d":"2025-04-24","w":9,"t":"Battles","s":"Armed clash","c":"Ukraine","l":"Kherson","a":"Kherson","f":36}},{"type":"Feature","geometry":{"type":"Point","coordinates":[-3.415,13.169]},"properties":{"d":"2025-04-23","w":9,"t":"Battles","s":"Armed clash","c":"Burkina Faso","l":"Di","a":"Boucle du Mouhoun","f":36}},{"type":"Feature","geometry":{"type":"Point","coordinates":[32.426,15.541]},"properties":{"d":"2025-04-27","w":9,"t":"Violence against civilians","s":"Sexual violence","c":"Sudan","l":"Omdurman - Al Salha","a":"Khartoum","f":31}},{"type":"Feature","geometry":{"type":"Point","coordinates":[43.591,17.154]},"properties":{"d":"2025-04-25","w":9,"t":"Explosions/Remote violence","s":"Air/drone strike","c":"Yemen","l":"Takhyah","a":"Sadah","f":30}},{"type":"Feature","geometry":{"type":"Point","coordinates":[95.813,17.922]},"properties":{"d":"2025-04-27","w":9,"t":"Battles","s":"Armed clash","c":"Myanmar","l":"Za Yit Hmyaung","a":"Bago-West","f":30}},{"type":"Feature","geometry":{"type":"Point","coordinates":[-3.56,13.07]},"properties":{"d":"2025-04-25","w":9,"t":"Battles","s":"Armed clash","c":"Burkina Faso","l":"Waribere","a":"Boucle du Mouhoun","f":28}},{"type":"Feature","geometry":{"type":"Point","coordinates":[14.472,12.283]},"properties":{"d":"2025-04-25","w":9,"t":"Explosions/Remote violence","s":"Remote explosive/landmine/IED","c":"Nigeria","l":"Rann","a":"Borno","f":26}},{"type":"Feature","geometry":{"type":"Point","coordinates":[75.332,34.004]},"properties":{"d":"2025-04-22","w":9,"t":"Violence against civilians","s":"Attack","c":"India","l":"Baisaran","a":"Jammu and Kashmir","f":26}},{"type":"Feature","geometry":{"type":"Point","coordinates":[32.618,46.656]},"properties":{"d":"2025-04-21","w":9,"t":"Battles","s":"Armed clash","c":"Ukraine","l":"Kherson","a":"Kherson","f":23}},{"type":"Feature","geometry":{"type":"Point","coordinates":[25.356,13.626]},"properties":{"d":"2025-04-23","w":9,"t":"Battles","s":"Armed clash","c":"Sudan","l":"El Fasher","a":"North Darfur","f":23}},{"type":"Feature","geometry":{"type":"Point","coordinates":[44.722,2.583]},"properties":{"d":"2025-04-25","w":9,"t":"Battles","s":"Armed clash","c":"Somalia","l":"Balad Amiin","a":"Lower Shabelle","f":23}},{"type":"Feature","geometry":{"type":"Point","coordinates":[34.449,31.509]},"properties":{"d":"2025-04-26","w":9,"t":"Explosions/Remote violence","s":"Air/drone strike","c":"Palestine","l":"Gaza - Sabra","a":"Gaza Strip","f":22}},{"type":"Feature","geometry":{"type":"Point","coordinates":[6.381,11.71]},"properties":{"d":"2025-04-24","w":9,"t":"Battles","s":"Armed clash","c":"Nigeria","l":"Gobirawa","a":"Zamfara","f":20}},{"type":"Feature","geometry":{"type":"Point","coordinates":[46.485,3.222]},"properties":{"d":"2025-04-24","w":9,"t":"Battles","s":"Armed clash","c":"Somalia","l":"Lebi- goley","a":"Middle Shabelle","f":20}},{"type":"Feature","geometry":{"type":"Point","coordinates":[95.927,22.1]},"properties":{"d":"2025-04-25","w":9,"t":"Battles","s":"Armed clash","c":"Myanmar","l":"Pa Du","a":"Sagaing","f":20}},{"type":"Feature","geometry":{"type":"Point","coordinates":[94.082,22.773]},"properties":{"d":"2025-04-27","w":9,"t":"Battles","s":"Armed clash","c":"Myanmar","l":"Kyan Thar","a":"Sagaing","f":20}},{"type":"Feature","geometry":{"type":"Point","coordinates":[12.614,13.262]},"properties":{"d":"2025-04-27","w":9,"t":"Violence against civilians","s":"Attack","c":"Nigeria","l":"Duji","a":"Borno","f":18}},{"type":"Feature","geometry":{"type":"Point","coordinates":[0.327,11.201]},"properties":{"d":"2025-04-23","w":9,"t":"Battles","s":"Armed clash","c":"Burkina Faso","l":"Soudougui","a":"Centre-Est","f":18}},{"type":"Feature","geometry":{"type":"Point","coordinates":[70.308,33.205]},"properties":{"d":"2025-04-27","w":9,"t":"Battles","s":"Armed clash","c":"Pakistan","l":"Hassan Khel","a":"Khyber Pakhtunkhwa","f":17}},{"type":"Feature","geometry":{"type":"Point","coordinates":[-4.253,9.786]},"properties":{"d":"2025-04-27","w":9,"t":"Battles","s":"Armed clash","c":"Burkina Faso","l":"Pounouroukou","a":"Cascades","f":17}},{"type":"Feature","geometry":{"type":"Point","coordinates":[25.356,13.626]},"properties":{"d":"2025-04-24","w":9,"t":"Battles","s":"Armed clash","c":"Sudan","l":"El Fasher","a":"North Darfur","f":15}},{"type":"Feature","geometry":{"type":"Point","coordinates":[36.867,9.95]},"properties":{"d":"2025-04-22","w":9,"t":"Battles","s":"Armed clash","c":"Ethiopia","l":"Kiremu","a":"Oromia","f":15}},{"type":"Feature","geometry":{"type":"Point","coordinates":[1.8,20.26]},"properties":{"d":"2025-04-21","w":9,"t":"Explosions/Remote violence","s":"Air/drone strike","c":"Mali","l":"Talhandak","a":"Kidal","f":15}},{"type":"Feature","geometry":{"type":"Point","coordinates":[34.464,31.517]},"properties":{"d":"2025-04-23","w":9,"t":"Explosions/Remote violence","s":"Air/drone strike","c":"Palestine","l":"Gaza - Ad Darraj","a":"Gaza Strip","f":13}},{"type":"Feature","geometry":{"type":"Point","coordinates":[30.338,50.47]},"properties":{"d":"2025-04-24","w":9,"t":"Explosions/Remote violence","s":"Air/drone strike","c":"Ukraine","l":"Kyiv - Sviatoshynskyi","a":"Kyiv City","f":13}},{"type":"Feature","geometry":{"type":"Point","coordinates":[-3.409,12.983]},"properties":{"d":"2025-04-21","w":9,"t":"Battles","s":"Armed clash","c":"Burkina Faso","l":"Lanfiera","a":"Boucle du Mouhoun","f":13}},{"type":"Feature","geometry":{"type":"Point","coordinates":[44.775,15.85]},"properties":{"d":"2025-04-25","w":9,"t":"Explosions/Remote violence","s":"Air/drone strike","c":"Yemen","l":"Majzar","a":"Marib","f":12}},{"type":"Feature","geometry":{"type":"Point","coordinates":[37.845,48.393]},"properties":{"d":"2025-04-21","w":9,"t":"Battles","s":"Armed clash","c":"Ukraine","l":"Toretsk","a":"Donetsk","f":12}},{"type":"Feature","geometry":{"type":"Point","coordinates":[33.985,17.695]},"properties":{"d":"2025-04-25","w":9,"t":"Explosions/Remote violence","s":"Air/drone strike","c":"Sudan","l":"Atbara","a":"River Nile","f":12}},{"type":"Feature","geometry":{"type":"Point","coordinates":[1.3,14.314]},"properties":{"d":"2025-04-25","w":9,"t":"Battles","s":"Armed clash","c":"Niger","l":"Dangala","a":"Tillaberi","f":12}},{"type":"Feature","geometry":{"type":"Point","coordinates":[7.46,12.422]},"properties":{"d":"2025-04-23","w":9,"t":"Battles","s":"Armed clash","c":"Nigeria","l":"Kagara","a":"Katsina","f":11}},{"type":"Feature","geometry":{"type":"Point","coordinates":[9.487,7.754]},"properties":{"d":"2025-04-22","w":9,"t":"Violence against civilians","s":"Attack","c":"Nigeria","l":"Afia","a":"Benue","f":11}},{"type":"Feature","geometry":{"type":"Point","coordinates":[34.308,31.35]},"properties":{"d":"2025-04-22","w":9,"t":"Explosions/Remote violence","s":"Air/drone strike","c":"Palestine","l":"Khan Yunis - Unspecified","a":"Gaza Strip","f":11}},{"type":"Feature","geometry":{"type":"Point","coordinates":[34.475,31.513]},"properties":{"d":"2025-04-23","w":9,"t":"Explosions/Remote violence","s":"Air/drone strike","c":"Palestine","l":"Gaza - At Tuffah","a":"Gaza Strip","f":11}},{"type":"Feature","geometry":{"type":"Point","coordinates":[30.371,13.699]},"properties":{"d":"2025-04-22","w":9,"t":"Explosions/Remote violence","s":"Air/drone strike","c":"Sudan","l":"Bara","a":"North Kordofan","f":11}},{"type":"Feature","geometry":{"type":"Point","coordinates":[95.735,18.271]},"properties":{"d":"2025-04-24","w":9,"t":"Battles","s":"Armed clash","c":"Myanmar","l":"Taung Boet Pyaung","a":"Bago-West","f":11}},{"type":"Feature","geometry":{"type":"Point","coordinates":[94.388,20.991]},"properties":{"d":"2025-04-27","w":9,"t":"Battles","s":"Armed clash","c":"Myanmar","l":"Tha Pyay Pin","a":"Magway","f":11}},{"type":"Feature","geometry":{"type":"Point","coordinates":[45.442,15.248]},"properties":{"d":"2025-04-24","w":9,"t":"Explosions/Remote violence","s":"Air/drone strike","c":"Yemen","l":"Jabal Balaq","a":"Marib","f":10}},{"type":"Feature","geometry":{"type":"Point","coordinates":[45.386,15.307]},"properties":{"d":"2025-04-25","w":9,"t":"Battles","s":"Armed clash","c":"Yemen","l":"Jabal al Balaq ash Sharqi","a":"Marib","f":10}},{"type":"Feature","geometry":{"type":"Point","coordinates":[12.847,10.467]},"properties":{"d":"2025-04-26","w":9,"t":"Battles","s":"Armed clash","c":"Nigeria","l":"Kopre","a":"Adamawa","f":10}},{"type":"Feature","geometry":{"type":"Point","coordinates":[13.791,11.127]},"properties":{"d":"2025-04-26","w":9,"t":"Violence against civilians","s":"Attack","c":"Nigeria","l":"Ngoshe","a":"Borno","f":10}},{"type":"Feature","geometry":{"type":"Point","coordinates":[34.474,31.505]},"properties":{"d":"2025-04-24","w":9,"t":"Explosions/Remote violence","s":"Air/drone strike","c":"Palestine","l":"Gaza - Unspecified","a":"Gaza Strip","f":10}},{"type":"Feature","geometry":{"type":"Point","coordinates":[34.333,31.295]},"properties":{"d":"2025-04-25","w":9,"t":"Explosions/Remote violence","s":"Air/drone strike","c":"Palestine","l":"Al Fukhari","a":"Gaza Strip","f":10}},{"type":"Feature","geometry":{"type":"Point","coordinates":[36.939,47.993]},"properties":{"d":"2025-04-21","w":9,"t":"Explosions/Remote violence","s":"Shelling/artillery/missile attack","c":"Ukraine","l":"Bahatyr","a":"Donetsk","f":10}},{"type":"Feature","geometry":{"type":"Point","coordinates":[35.233,50.728]},"properties":{"d":"2025-04-21","w":9,"t":"Explosions/Remote violence","s":"Shelling/artillery/missile attack","c":"Ukraine","l":"Khmelivka","a":"Sumy","f":10}},{"type":"Feature","geometry":{"type":"Point","coordinates":[37.615,49.711]},"properties":{"d":"2025-04-21","w":9,"t":"Battles","s":"Armed clash","c":"Ukraine","l":"Kupiansk","a":"Kharkiv","f":10}},{"type":"Feature","geometry":{"type":"Point","coordinates":[37.38,48.299]},"properties":{"d":"2025-04-21","w":9,"t":"Battles","s":"Armed clash","c":"Ukraine","l":"Myroliubivka","a":"Donetsk","f":10}},{"type":"Feature","geometry":{"type":"Point","coordinates":[36.948,48.017]},"properties":{"d":"2025-04-21","w":9,"t":"Explosions/Remote violence","s":"Shelling/artillery/missile attack","c":"Ukraine","l":"Oleksiivka","a":"Donetsk","f":10}},{"type":"Feature","geometry":{"type":"Point","coordinates":[35.213,51.056]},"properties":{"d":"2025-04-21","w":9,"t":"Battles","s":"Armed clash","c":"Russia","l":"Gornal","a":"Kursk","f":10}},{"type":"Feature","geometry":{"type":"Point","coordinates":[35.266,51.093]},"properties":{"d":"2025-04-22","w":9,"t":"Battles","s":"Armed clash","c":"Russia","l":"Guevo","a":"Kursk","f":10}},{"type":"Feature","geometry":{"type":"Point","coordinates":[25.356,13.626]},"properties":{"d":"2025-04-23","w":9,"t":"Battles","s":"Armed clash","c":"Sudan","l":"El Fasher","a":"North Darfur","f":10}},{"type":"Feature","geometry":{"type":"Point","coordinates":[25.374,13.721]},"properties":{"d":"2025-04-23","w":9,"t":"Battles","s":"Armed clash","c":"Sudan","l":"Tabaldia","a":"North Darfur","f":10}},{"type":"Feature","geometry":{"type":"Point","coordinates":[25.369,13.674]},"properties":{"d":"2025-04-24","w":9,"t":"Explosions/Remote violence","s":"Shelling/artillery/missile attack","c":"Sudan","l":"Abu Shouk IDP Camp","a":"North Darfur","f":10}},{"type":"Feature","geometry":{"type":"Point","coordinates":[25.308,13.484]},"properties":{"d":"2025-04-21","w":9,"t":"Violence against civilians","s":"Attack","c":"Sudan","l":"Zamzam IDP camp","a":"North Darfur","f":10}},{"type":"Feature","geometry":{"type":"Point","coordinates":[36.554,11.74]},"properties":{"d":"2025-04-24","w":9,"t":"Battles","s":"Armed clash","c":"Ethiopia","l":"Jahemala","a":"Amhara","f":10}},{"type":"Feature","geometry":{"type":"Point","coordinates":[38.839,10.053]},"properties":{"d":"2025-04-27","w":9,"t":"Battles","s":"Armed clash","c":"Ethiopia","l":"Merhabete","a":"Amhara","f":10}},{"type":"Feature","geometry":{"type":"Point","coordinates":[98.207,14.156]},"properties":{"d":"2025-04-26","w":9,"t":"Battles","s":"Armed clash","c":"Myanmar","l":"Maung Mei Shaung","a":"Tanintharyi","f":10}},{"type":"Feature","geometry":{"type":"Point","coordinates":[95.216,21.432]},"properties":{"d":"2025-04-21","w":9,"t":"Battles","s":"Armed clash","c":"Myanmar","l":"Ba La Ba","a":"Magway","f":10}},{"type":"Feature","geometry":{"type":"Point","coordinates":[4.262,10.308]},"properties":{"d":"2025-04-26","w":9,"t":"Battles","s":"Armed clash","c":"Nigeria","l":"Luma Sanke","a":"Niger","f":9}},{"type":"Feature","geometry":{"type":"Point","coordinates":[34.35,31.418]},"properties":{"d":"2025-04-27","w":9,"t":"Explosions/Remote violence","s":"Air/drone strike","c":"Palestine","l":"Deir al Balah","a":"Gaza Strip","f":9}},{"type":"Feature","geometry":{"type":"Point","coordinates":[34.3,31.331]},"properties":{"d":"2025-04-27","w":9,"t":"Explosions/Remote violence","s":"Air/drone strike","c":"Palestine","l":"Khan Yunis - Jourat Al-Loot","a":"Gaza Strip","f":9}},{"type":"Feature","geometry":{"type":"Point","coordinates":[34.628,47.635]},"properties":{"d":"2025-04-23","w":9,"t":"Explosions/Remote violence","s":"Air/drone strike","c":"Ukraine","l":"Marhanets","a":"Dnipropetrovsk","f":9}},{"type":"Feature","geometry":{"type":"Point","coordinates":[37.559,48.28]},"properties":{"d":"2025-04-22","w":9,"t":"Battles","s":"Armed clash","c":"Ukraine","l":"Novooleksandrivka","a":"Donetsk","f":9}},{"type":"Feature","geometry":{"type":"Point","coordinates":[36.991,48.24]},"properties":{"d":"2025-04-22","w":9,"t":"Battles","s":"Armed clash","c":"Ukraine","l":"Udachne","a":"Donetsk","f":9}},{"type":"Feature","geometry":{"type":"Point","coordinates":[37.265,48.225]},"properties":{"d":"2025-04-21","w":9,"t":"Battles","s":"Armed clash","c":"Ukraine","l":"Lysivka","a":"Donetsk","f":9}},{"type":"Feature","geometry":{"type":"Point","coordinates":[37.265,48.225]},"properties":{"d":"2025-04-27","w":9,"t":"Battles","s":"Armed clash","c":"Ukraine","l":"Lysivka","a":"Donetsk","f":9}},{"type":"Feature","geometry":{"type":"Point","coordinates":[36.991,48.24]},"properties":{"d":"2025-04-27","w":9,"t":"Battles","s":"Armed clash","c":"Ukraine","l":"Udachne","a":"Donetsk","f":9}},{"type":"Feature","geometry":{"type":"Point","coordinates":[67.128,30.493]},"properties":{"d":"2025-04-25","w":9,"t":"Battles","s":"Armed clash","c":"Pakistan","l":"Khanai Baba","a":"Balochistan","f":9}},{"type":"Feature","geometry":{"type":"Point","coordinates":[36.554,11.74]},"properties":{"d":"2025-04-24","w":9,"t":"Explosions/Remote violence","s":"Air/drone strike","c":"Ethiopia","l":"Jahemala","a":"Amhara","f":9}},{"type":"Feature","geometry":{"type":"Point","coordinates":[42.59,0.074]},"properties":{"d":"2025-04-22","w":9,"t":"Battles","s":"Armed clash","c":"Somalia","l":"Kamjaroon","a":"Lower Juba","f":9}},{"type":"Feature","geometry":{"type":"Point","coordinates":[94.621,20.591]},"properties":{"d":"2025-04-24","w":9,"t":"Battles","s":"Armed clash","c":"Myanmar","l":"Auk Hlaing","a":"Magway","f":9}},{"type":"Feature","geometry":{"type":"Point","coordinates":[44.149,15.44]},"properties":{"d":"2025-04-27","w":9,"t":"Explosions/Remote violence","s":"Air/drone strike","c":"Yemen","l":"Thaqban","a":"Amanat al Asimah","f":8}},{"type":"Feature","geometry":{"type":"Point","coordinates":[4.157,10.555]},"properties":{"d":"2025-04-27","w":9,"t":"Battles","s":"Armed clash","c":"Nigeria","l":"Kanu","a":"Niger","f":8}},{"type":"Feature","geometry":{"type":"Point","coordinates":[34.475,31.513]},"properties":{"d":"2025-04-27","w":9,"t":"Explosions/Remote violence","s":"Air/drone strike","c":"Palestine","l":"Gaza - At Tuffah","a":"Gaza Strip","f":8}},{"type":"Feature","geometry":{"type":"Point","coordinates":[34.319,31.375]},"properties":{"d":"2025-04-27","w":9,"t":"Explosions/Remote violence","s":"Air/drone strike","c":"Palestine","l":"Hamad","a":"Gaza Strip","f":8}},{"type":"Feature","geometry":{"type":"Point","coordinates":[34.255,31.348]},"properties":{"d":"2025-04-27","w":9,"t":"Explosions/Remote violence","s":"Air/drone strike","c":"Palestine","l":"Al Mawasi (Khan Yunis)","a":"Gaza Strip","f":8}},{"type":"Feature","geometry":{"type":"Point","coordinates":[34.47,31.499]},"properties":{"d":"2025-04-23","w":9,"t":"Explosions/Remote violence","s":"Air/drone strike","c":"Palestine","l":"Gaza - Shujaiyya","a":"Gaza Strip","f":8}},{"type":"Feature","geometry":{"type":"Point","coordinates":[37.76,48.322]},"properties":{"d":"2025-04-21","w":9,"t":"Battles","s":"Non-state actor overtakes territory","c":"Ukraine","l":"Sukha Balka","a":"Donetsk","f":8}},{"type":"Feature","geometry":{"type":"Point","coordinates":[36.967,48.09]},"properties":{"d":"2025-04-27","w":9,"t":"Battles","s":"Armed clash","c":"Ukraine","l":"Bohdanivka","a":"Donetsk","f":8}},{"type":"Feature","geometry":{"type":"Point","coordinates":[37.429,48.336]},"properties":{"d":"2025-04-22","w":9,"t":"Battles","s":"Armed clash","c":"Ukraine","l":"Malynivka","a":"Donetsk","f":8}},{"type":"Feature","geometry":{"type":"Point","coordinates":[71.094,33.117]},"properties":{"d":"2025-04-26","w":9,"t":"Battles","s":"Armed clash","c":"Pakistan","l":"Karak","a":"Khyber Pakhtunkhwa","f":8}},{"type":"Feature","geometry":{"type":"Point","coordinates":[85.75,23.748]},"properties":{"d":"2025-04-21","w":9,"t":"Battles","s":"Armed clash","c":"India","l":"Lalpania","a":"Jharkhand","f":8}},{"type":"Feature","geometry":{"type":"Point","coordinates":[25.356,13.626]},"properties":{"d":"2025-04-22","w":9,"t":"Battles","s":"Armed clash","c":"Sudan","l":"El Fasher","a":"North Darfur","f":8}},{"type":"Feature","geometry":{"type":"Point","coordinates":[25.257,13.63]},"properties":{"d":"2025-04-27","w":9,"t":"Violence against civilians","s":"Sexual violence","c":"Sudan","l":"Shagarah","a":"North Darfur","f":8}},{"type":"Feature","geometry":{"type":"Point","coordinates":[38.05,12.133]},"properties":{"d":"2025-04-21","w":9,"t":"Battles","s":"Armed clash","c":"Ethiopia","l":"Ibnat","a":"Amhara","f":8}},{"type":"Feature","geometry":{"type":"Point","coordinates":[38.839,10.053]},"properties":{"d":"2025-04-24","w":9,"t":"Violence against civilians","s":"Attack","c":"Ethiopia","l":"Merhabete","a":"Amhara","f":8}},{"type":"Feature","geometry":{"type":"Point","coordinates":[-7.415,14.456]},"properties":{"d":"2025-04-26","w":9,"t":"Violence against civilians","s":"Attack","c":"Mali","l":"Douabougou","a":"Koulikoro","f":8}},{"type":"Feature","geometry":{"type":"Point","coordinates":[95.66,19.497]},"properties":{"d":"2025-04-23","w":9,"t":"Battles","s":"Armed clash","c":"Myanmar","l":"War Sayt Myaung","a":"Magway","f":8}},{"type":"Feature","geometry":{"type":"Point","coordinates":[94.648,20.573]},"properties":{"d":"2025-04-26","w":9,"t":"Battles","s":"Armed clash","c":"Myanmar","l":"Shan Ywar Kone","a":"Magway","f":8}},{"type":"Feature","geometry":{"type":"Point","coordinates":[95.749,17.945]},"properties":{"d":"2025-04-22","w":9,"t":"Battles","s":"Armed clash","c":"Myanmar","l":"Ah Nyar Tan Gyi","a":"Bago-West","f":8}},{"type":"Feature","geometry":{"type":"Point","coordinates":[8.209,7.589]},"properties":{"d":"2025-04-25","w":9,"t":"Violence against civilians","s":"Attack","c":"Nigeria","l":"Naka","a":"Benue","f":7}},{"type":"Feature","geometry":{"type":"Point","coordinates":[3.948,9.623]},"properties":{"d":"2025-04-21","w":9,"t":"Battles","s":"Armed clash","c":"Nigeria","l":"Kaiama","a":"Kwara","f":7}},{"type":"Feature","geometry":{"type":"Point","coordinates":[3.948,9.623]},"properties":{"d":"2025-04-21","w":9,"t":"Battles","s":"Armed clash","c":"Nigeria","l":"Kaiama","a":"Kwara","f":7}},{"type":"Feature","geometry":{"type":"Point","coordinates":[34.392,31.449]},"properties":{"d":"2025-04-27","w":9,"t":"Explosions/Remote violence","s":"Air/drone strike","c":"Palestine","l":"An Nusayrat - Unspecified","a":"Gaza Strip","f":7}},{"type":"Feature","geometry":{"type":"Point","coordinates":[34.264,31.264]},"properties":{"d":"2025-04-24","w":9,"t":"Explosions/Remote violence","s":"Air/drone strike","c":"Palestine","l":"Al Junainah","a":"Gaza Strip","f":7}},{"type":"Feature","geometry":{"type":"Point","coordinates":[32.618,46.656]},"properties":{"d":"2025-04-28","w":10,"t":"Battles","s":"Armed clash","c":"Ukraine","l":"Kherson","a":"Kherson","f":103}},{"type":"Feature","geometry":{"type":"Point","coordinates":[32.618,46.656]},"properties":{"d":"2025-05-01","w":10,"t":"Battles","s":"Armed clash","c":"Ukraine","l":"Kherson","a":"Kherson","f":82}},{"type":"Feature","geometry":{"type":"Point","coordinates":[32.618,46.656]},"properties":{"d":"2025-04-29","w":10,"t":"Battles","s":"Armed clash","c":"Ukraine","l":"Kherson","a":"Kherson","f":79}},{"type":"Feature","geometry":{"type":"Point","coordinates":[32.618,46.656]},"properties":{"d":"2025-05-02","w":10,"t":"Battles","s":"Armed clash","c":"Ukraine","l":"Kherson","a":"Kherson","f":63}},{"type":"Feature","geometry":{"type":"Point","coordinates":[28.423,12.694]},"properties":{"d":"2025-05-02","w":10,"t":"Battles","s":"Non-state actor overtakes territory","c":"Sudan","l":"An Nahud","a":"West Kordofan","f":60}},{"type":"Feature","geometry":{"type":"Point","coordinates":[25.356,13.626]},"properties":{"d":"2025-04-28","w":10,"t":"Battles","s":"Armed clash","c":"Sudan","l":"El Fasher","a":"North Darfur","f":58}},{"type":"Feature","geometry":{"type":"Point","coordinates":[24.953,12.056]},"properties":{"d":"2025-05-02","w":10,"t":"Explosions/Remote violence","s":"Air/drone strike","c":"Sudan","l":"Nyala Airport","a":"South Darfur","f":54}},{"type":"Feature","geometry":{"type":"Point","coordinates":[32.618,46.656]},"properties":{"d":"2025-05-01","w":10,"t":"Battles","s":"Armed clash","c":"Ukraine","l":"Kherson","a":"Kherson","f":53}},{"type":"Feature","geometry":{"type":"Point","coordinates":[32.618,46.656]},"properties":{"d":"2025-04-30","w":10,"t":"Battles","s":"Armed clash","c":"Ukraine","l":"Kherson","a":"Kherson","f":51}},{"type":"Feature","geometry":{"type":"Point","coordinates":[28.423,12.694]},"properties":{"d":"2025-05-01","w":10,"t":"Battles","s":"Armed clash","c":"Sudan","l":"An Nahud","a":"West Kordofan","f":50}},{"type":"Feature","geometry":{"type":"Point","coordinates":[43.764,16.94]},"properties":{"d":"2025-04-28","w":10,"t":"Explosions/Remote violence","s":"Air/drone strike","c":"Yemen","l":"Sadah - Unspecified","a":"Sadah","f":47}},{"type":"Feature","geometry":{"type":"Point","coordinates":[32.618,46.656]},"properties":{"d":"2025-05-02","w":10,"t":"Battles","s":"Armed clash","c":"Ukraine","l":"Kherson","a":"Kherson","f":46}},{"type":"Feature","geometry":{"type":"Point","coordinates":[32.618,46.656]},"properties":{"d":"2025-04-29","w":10,"t":"Battles","s":"Armed clash","c":"Ukraine","l":"Kherson","a":"Kherson","f":43}},{"type":"Feature","geometry":{"type":"Point","coordinates":[36.482,33.185]},"properties":{"d":"2025-04-30","w":10,"t":"Battles","s":"Armed clash","c":"Syria","l":"Buraq","a":"Dara","f":38}},{"type":"Feature","geometry":{"type":"Point","coordinates":[32.618,46.656]},"properties":{"d":"2025-04-30","w":10,"t":"Battles","s":"Armed clash","c":"Ukraine","l":"Kherson","a":"Kherson","f":36}},{"type":"Feature","geometry":{"type":"Point","coordinates":[36.245,33.436]},"properties":{"d":"2025-04-30","w":10,"t":"Battles","s":"Armed clash","c":"Syria","l":"Ashrafiet Sahnaya","a":"Rural Damascus","f":30}},{"type":"Feature","geometry":{"type":"Point","coordinates":[98.074,16.581]},"properties":{"d":"2025-04-30","w":10,"t":"Battles","s":"Armed clash","c":"Myanmar","l":"Nwar Chan Kone","a":"Kayin","f":30}},{"type":"Feature","geometry":{"type":"Point","coordinates":[94.652,20.724]},"properties":{"d":"2025-05-04","w":10,"t":"Battles","s":"Armed clash","c":"Myanmar","l":"Koke Ko Tan","a":"Magway","f":27}},{"type":"Feature","geometry":{"type":"Point","coordinates":[32.618,46.656]},"properties":{"d":"2025-04-28","w":10,"t":"Battles","s":"Armed clash","c":"Ukraine","l":"Kherson","a":"Kherson","f":26}},{"type":"Feature","geometry":{"type":"Point","coordinates":[10.793,9.577]},"properties":{"d":"2025-05-04","w":10,"t":"Battles","s":"Armed clash","c":"Nigeria","l":"Gwana","a":"Bauchi","f":25}},{"type":"Feature","geometry":{"type":"Point","coordinates":[32.667,13.149]},"properties":{"d":"2025-05-01","w":10,"t":"Explosions/Remote violence","s":"Air/drone strike","c":"Sudan","l":"Kosti","a":"White Nile","f":25}},{"type":"Feature","geometry":{"type":"Point","coordinates":[35.44,46.947]},"properties":{"d":"2025-05-02","w":10,"t":"Explosions/Remote violence","s":"Shelling/artillery/missile attack","c":"Ukraine","l":"Myrne","a":"Zaporizhia","f":22}},{"type":"Feature","geometry":{"type":"Point","coordinates":[4.355,14.382]},"properties":{"d":"2025-05-04","w":10,"t":"Battles","s":"Armed clash","c":"Niger","l":"Toudoun Jaka","a":"Dosso","f":22}},{"type":"Feature","geometry":{"type":"Point","coordinates":[-8.208,14.374]},"properties":{"d":"2025-04-28","w":10,"t":"Battles","s":"Government regains territory","c":"Mali","l":"Sebabougou","a":"Kayes","f":21}},{"type":"Feature","geometry":{"type":"Point","coordinates":[25.369,13.674]},"properties":{"d":"2025-04-28","w":10,"t":"Battles","s":"Armed clash","c":"Sudan","l":"Abu Shouk IDP Camp","a":"North Darfur","f":20}},{"type":"Feature","geometry":{"type":"Point","coordinates":[28.908,12.749]},"properties":{"d":"2025-05-02","w":10,"t":"Violence against civilians","s":"Attack","c":"Sudan","l":"Khamas Al Donki","a":"West Kordofan","f":20}},{"type":"Feature","geometry":{"type":"Point","coordinates":[28.951,12.751]},"properties":{"d":"2025-05-02","w":10,"t":"Violence against civilians","s":"Attack","c":"Sudan","l":"Khamas Hajar","a":"West Kordofan","f":20}},{"type":"Feature","geometry":{"type":"Point","coordinates":[45.792,2.936]},"properties":{"d":"2025-04-30","w":10,"t":"Explosions/Remote violence","s":"Air/drone strike","c":"Somalia","l":"Biyo Cadde","a":"Middle Shabelle","f":20}},{"type":"Feature","geometry":{"type":"Point","coordinates":[37.449,48.303]},"properties":{"d":"2025-05-02","w":10,"t":"Battles","s":"Armed clash","c":"Ukraine","l":"Yelyzavetivka","a":"Donetsk","f":19}},{"type":"Feature","geometry":{"type":"Point","coordinates":[28.897,12.701]},"properties":{"d":"2025-05-02","w":10,"t":"Violence against civilians","s":"Attack","c":"Sudan","l":"Khamas Halab","a":"West Kordofan","f":19}},{"type":"Feature","geometry":{"type":"Point","coordinates":[37.265,48.225]},"properties":{"d":"2025-05-02","w":10,"t":"Battles","s":"Armed clash","c":"Ukraine","l":"Lysivka","a":"Donetsk","f":18}},{"type":"Feature","geometry":{"type":"Point","coordinates":[37.413,48.289]},"properties":{"d":"2025-05-02","w":10,"t":"Battles","s":"Armed clash","c":"Ukraine","l":"Novotoretske","a":"Donetsk","f":18}},{"type":"Feature","geometry":{"type":"Point","coordinates":[37.506,48.336]},"properties":{"d":"2025-05-02","w":10,"t":"Battles","s":"Armed clash","c":"Ukraine","l":"Vodiane Druhe","a":"Donetsk","f":18}},{"type":"Feature","geometry":{"type":"Point","coordinates":[6.052,12.178]},"properties":{"d":"2025-05-01","w":10,"t":"Battles","s":"Armed clash","c":"Nigeria","l":"Maikonaga","a":"Zamfara","f":17}},{"type":"Feature","geometry":{"type":"Point","coordinates":[34.475,31.513]},"properties":{"d":"2025-05-04","w":10,"t":"Explosions/Remote violence","s":"Air/drone strike","c":"Palestine","l":"Gaza - At Tuffah","a":"Gaza Strip","f":17}},{"type":"Feature","geometry":{"type":"Point","coordinates":[37.145,48.22]},"properties":{"d":"2025-04-29","w":10,"t":"Battles","s":"Armed clash","c":"Ukraine","l":"Shevchenko","a":"Donetsk","f":17}},{"type":"Feature","geometry":{"type":"Point","coordinates":[37.551,48.349]},"properties":{"d":"2025-04-29","w":10,"t":"Battles","s":"Armed clash","c":"Ukraine","l":"Tarasivka","a":"Donetsk","f":17}},{"type":"Feature","geometry":{"type":"Point","coordinates":[37.057,48.022]},"properties":{"d":"2025-05-02","w":10,"t":"Battles","s":"Armed clash","c":"Ukraine","l":"Andriivka","a":"Donetsk","f":17}},{"type":"Feature","geometry":{"type":"Point","coordinates":[37.219,48.213]},"properties":{"d":"2025-05-02","w":10,"t":"Battles","s":"Armed clash","c":"Ukraine","l":"Dachenske","a":"Donetsk","f":17}},{"type":"Feature","geometry":{"type":"Point","coordinates":[36.934,48.141]},"properties":{"d":"2025-05-02","w":10,"t":"Battles","s":"Armed clash","c":"Ukraine","l":"Kotliarivka","a":"Donetsk","f":17}},{"type":"Feature","geometry":{"type":"Point","coordinates":[37.05,48.255]},"properties":{"d":"2025-05-02","w":10,"t":"Battles","s":"Armed clash","c":"Ukraine","l":"Kotlyne","a":"Donetsk","f":17}},{"type":"Feature","geometry":{"type":"Point","coordinates":[37.007,48.143]},"properties":{"d":"2025-05-02","w":10,"t":"Battles","s":"Armed clash","c":"Ukraine","l":"Nadiivka","a":"Donetsk","f":17}},{"type":"Feature","geometry":{"type":"Point","coordinates":[36.981,48.115]},"properties":{"d":"2025-05-02","w":10,"t":"Battles","s":"Armed clash","c":"Ukraine","l":"Preobrazhenka","a":"Donetsk","f":17}},{"type":"Feature","geometry":{"type":"Point","coordinates":[37.145,48.22]},"properties":{"d":"2025-05-02","w":10,"t":"Battles","s":"Armed clash","c":"Ukraine","l":"Shevchenko","a":"Donetsk","f":17}},{"type":"Feature","geometry":{"type":"Point","coordinates":[36.991,48.24]},"properties":{"d":"2025-05-02","w":10,"t":"Battles","s":"Armed clash","c":"Ukraine","l":"Udachne","a":"Donetsk","f":17}},{"type":"Feature","geometry":{"type":"Point","coordinates":[37.679,48.329]},"properties":{"d":"2025-04-29","w":10,"t":"Battles","s":"Armed clash","c":"Ukraine","l":"Stara Mykolaivka","a":"Donetsk","f":17}},{"type":"Feature","geometry":{"type":"Point","coordinates":[37.554,48.818]},"properties":{"d":"2025-04-29","w":10,"t":"Battles","s":"Armed clash","c":"Ukraine","l":"Sukhanivka","a":"Donetsk","f":16}},{"type":"Feature","geometry":{"type":"Point","coordinates":[36.934,48.141]},"properties":{"d":"2025-04-29","w":10,"t":"Battles","s":"Armed clash","c":"Ukraine","l":"Kotliarivka","a":"Donetsk","f":16}},{"type":"Feature","geometry":{"type":"Point","coordinates":[37.265,48.225]},"properties":{"d":"2025-04-29","w":10,"t":"Battles","s":"Armed clash","c":"Ukraine","l":"Lysivka","a":"Donetsk","f":16}},{"type":"Feature","geometry":{"type":"Point","coordinates":[37.007,48.143]},"properties":{"d":"2025-04-29","w":10,"t":"Battles","s":"Armed clash","c":"Ukraine","l":"Nadiivka","a":"Donetsk","f":16}},{"type":"Feature","geometry":{"type":"Point","coordinates":[37.413,48.289]},"properties":{"d":"2025-04-29","w":10,"t":"Battles","s":"Armed clash","c":"Ukraine","l":"Novotoretske","a":"Donetsk","f":16}},{"type":"Feature","geometry":{"type":"Point","coordinates":[37.858,48.263]},"properties":{"d":"2025-04-29","w":10,"t":"Battles","s":"Armed clash","c":"Ukraine","l":"Troitske","a":"Donetsk","f":16}},{"type":"Feature","geometry":{"type":"Point","coordinates":[37.449,48.303]},"properties":{"d":"2025-04-29","w":10,"t":"Battles","s":"Armed clash","c":"Ukraine","l":"Yelyzavetivka","a":"Donetsk","f":16}},{"type":"Feature","geometry":{"type":"Point","coordinates":[37.022,48.2]},"properties":{"d":"2025-04-29","w":10,"t":"Battles","s":"Armed clash","c":"Ukraine","l":"Uspenivka","a":"Donetsk","f":16}},{"type":"Feature","geometry":{"type":"Point","coordinates":[25.356,13.626]},"properties":{"d":"2025-05-01","w":10,"t":"Battles","s":"Armed clash","c":"Sudan","l":"El Fasher","a":"North Darfur","f":16}},{"type":"Feature","geometry":{"type":"Point","coordinates":[12.847,10.866]},"properties":{"d":"2025-04-28","w":10,"t":"Violence against civilians","s":"Attack","c":"Nigeria","l":"Chibok","a":"Borno","f":14}},{"type":"Feature","geometry":{"type":"Point","coordinates":[34.264,31.264]},"properties":{"d":"2025-05-03","w":10,"t":"Battles","s":"Armed clash","c":"Palestine","l":"Al Junainah","a":"Gaza Strip","f":14}},{"type":"Feature","geometry":{"type":"Point","coordinates":[34.255,31.348]},"properties":{"d":"2025-05-04","w":10,"t":"Explosions/Remote violence","s":"Air/drone strike","c":"Palestine","l":"Al Mawasi (Khan Yunis)","a":"Gaza Strip","f":14}},{"type":"Feature","geometry":{"type":"Point","coordinates":[36.348,33.488]},"properties":{"d":"2025-04-29","w":10,"t":"Battles","s":"Armed clash","c":"Syria","l":"Jaramana","a":"Rural Damascus","f":14}},{"type":"Feature","geometry":{"type":"Point","coordinates":[25.356,13.626]},"properties":{"d":"2025-04-30","w":10,"t":"Battles","s":"Armed clash","c":"Sudan","l":"El Fasher","a":"North Darfur","f":14}},{"type":"Feature","geometry":{"type":"Point","coordinates":[25.356,13.626]},"properties":{"d":"2025-05-02","w":10,"t":"Battles","s":"Armed clash","c":"Sudan","l":"El Fasher","a":"North Darfur","f":14}},{"type":"Feature","geometry":{"type":"Point","coordinates":[5.12,13.491]},"properties":{"d":"2025-05-01","w":10,"t":"Battles","s":"Armed clash","c":"Nigeria","l":"Salewa","a":"Sokoto","f":13}},{"type":"Feature","geometry":{"type":"Point","coordinates":[34.502,31.554]},"properties":{"d":"2025-04-28","w":10,"t":"Explosions/Remote violence","s":"Air/drone strike","c":"Palestine","l":"Beit Lahiya - Unspecified","a":"Gaza Strip","f":13}},{"type":"Feature","geometry":{"type":"Point","coordinates":[34.308,31.35]},"properties":{"d":"2025-05-03","w":10,"t":"Explosions/Remote violence","s":"Air/drone strike","c":"Palestine","l":"Khan Yunis - Unspecified","a":"Gaza Strip","f":13}},{"type":"Feature","geometry":{"type":"Point","coordinates":[96.793,25.547]},"properties":{"d":"2025-05-01","w":10,"t":"Battles","s":"Armed clash","c":"Myanmar","l":"La War","a":"Kachin","f":13}},{"type":"Feature","geometry":{"type":"Point","coordinates":[34.475,31.513]},"properties":{"d":"2025-05-03","w":10,"t":"Explosions/Remote violence","s":"Air/drone strike","c":"Palestine","l":"Gaza - At Tuffah","a":"Gaza Strip","f":12}},{"type":"Feature","geometry":{"type":"Point","coordinates":[69.58,32.301]},"properties":{"d":"2025-04-28","w":10,"t":"Explosions/Remote violence","s":"Remote explosive/landmine/IED","c":"Pakistan","l":"Wana","a":"Khyber Pakhtunkhwa","f":12}},{"type":"Feature","geometry":{"type":"Point","coordinates":[24.891,12.056]},"properties":{"d":"2025-05-03","w":10,"t":"Violence against civilians","s":"Attack","c":"Sudan","l":"Nyala","a":"South Darfur","f":12}},{"type":"Feature","geometry":{"type":"Point","coordinates":[-4.148,13.962]},"properties":{"d":"2025-05-01","w":10,"t":"Battles","s":"Armed clash","c":"Mali","l":"Koulebala","a":"Mopti","f":12}},{"type":"Feature","geometry":{"type":"Point","coordinates":[-3.907,13.031]},"properties":{"d":"2025-05-02","w":10,"t":"Battles","s":"Armed clash","c":"Burkina Faso","l":"Gombele","a":"Boucle du Mouhoun","f":12}},{"type":"Feature","geometry":{"type":"Point","coordinates":[34.47,31.499]},"properties":{"d":"2025-05-02","w":10,"t":"Explosions/Remote violence","s":"Air/drone strike","c":"Palestine","l":"Gaza - Shujaiyya","a":"Gaza Strip","f":11}},{"type":"Feature","geometry":{"type":"Point","coordinates":[32.667,13.149]},"properties":{"d":"2025-04-30","w":10,"t":"Battles","s":"Armed clash","c":"Sudan","l":"Kosti","a":"White Nile","f":11}},{"type":"Feature","geometry":{"type":"Point","coordinates":[25.356,13.626]},"properties":{"d":"2025-05-04","w":10,"t":"Battles","s":"Armed clash","c":"Sudan","l":"El Fasher","a":"North Darfur","f":11}},{"type":"Feature","geometry":{"type":"Point","coordinates":[32.426,15.541]},"properties":{"d":"2025-05-02","w":10,"t":"Battles","s":"Armed clash","c":"Sudan","l":"Omdurman - Al Salha","a":"Khartoum","f":11}},{"type":"Feature","geometry":{"type":"Point","coordinates":[45.368,13.972]},"properties":{"d":"2025-05-03","w":10,"t":"Battles","s":"Armed clash","c":"Yemen","l":"Rayshan","a":"Lahij","f":10}},{"type":"Feature","geometry":{"type":"Point","coordinates":[45.403,14.833]},"properties":{"d":"2025-05-03","w":10,"t":"Battles","s":"Armed clash","c":"Yemen","l":"Al Jafrah","a":"Marib","f":10}},{"type":"Feature","geometry":{"type":"Point","coordinates":[6.068,12.195]},"properties":{"d":"2025-05-02","w":10,"t":"Battles","s":"Armed clash","c":"Nigeria","l":"Jangebe","a":"Zamfara","f":10}},{"type":"Feature","geometry":{"type":"Point","coordinates":[3.228,9.551]},"properties":{"d":"2025-04-29","w":10,"t":"Battles","s":"Armed clash","c":"Nigeria","l":"Kosubosu","a":"Kwara","f":10}},{"type":"Feature","geometry":{"type":"Point","coordinates":[3.948,9.623]},"properties":{"d":"2025-04-29","w":10,"t":"Battles","s":"Armed clash","c":"Nigeria","l":"Kaiama","a":"Kwara","f":10}},{"type":"Feature","geometry":{"type":"Point","coordinates":[3.421,8.912]},"properties":{"d":"2025-05-04","w":10,"t":"Battles","s":"Armed clash","c":"Nigeria","l":"Ilesha-Ibariba","a":"Kwara","f":10}},{"type":"Feature","geometry":{"type":"Point","coordinates":[34.491,31.536]},"properties":{"d":"2025-04-28","w":10,"t":"Explosions/Remote violence","s":"Air/drone strike","c":"Palestine","l":"Jabalya Camp","a":"Gaza Strip","f":10}},{"type":"Feature","geometry":{"type":"Point","coordinates":[34.403,31.439]},"properties":{"d":"2025-05-02","w":10,"t":"Explosions/Remote violence","s":"Air/drone strike","c":"Palestine","l":"Al Burayj","a":"Gaza Strip","f":10}},{"type":"Feature","geometry":{"type":"Point","coordinates":[38.955,36.698]},"properties":{"d":"2025-05-01","w":10,"t":"Explosions/Remote violence","s":"Remote explosive/landmine/IED","c":"Syria","l":"Tell Abiad","a":"Ar Raqqa","f":10}},{"type":"Feature","geometry":{"type":"Point","coordinates":[29.451,13.36]},"properties":{"d":"2025-05-03","w":10,"t":"Violence against civilians","s":"Attack","c":"Sudan","l":"Al Sirdaba","a":"West Kordofan","f":10}},{"type":"Feature","geometry":{"type":"Point","coordinates":[28.423,12.694]},"properties":{"d":"2025-05-03","w":10,"t":"Violence against civilians","s":"Attack","c":"Sudan","l":"An Nahud","a":"West Kordofan","f":10}},{"type":"Feature","geometry":{"type":"Point","coordinates":[29.217,13.089]},"properties":{"d":"2025-05-02","w":10,"t":"Battles","s":"Non-state actor overtakes territory","c":"Sudan","l":"Al Khowai","a":"West Kordofan","f":10}},{"type":"Feature","geometry":{"type":"Point","coordinates":[29.8,12.512]},"properties":{"d":"2025-04-28","w":10,"t":"Explosions/Remote violence","s":"Air/drone strike","c":"Sudan","l":"Dibebad","a":"South Kordofan","f":10}},{"type":"Feature","geometry":{"type":"Point","coordinates":[46.25,3.774]},"properties":{"d":"2025-05-02","w":10,"t":"Battles","s":"Armed clash","c":"Somalia","l":"Adan Yabaal","a":"Middle Shabelle","f":10}},{"type":"Feature","geometry":{"type":"Point","coordinates":[45.396,2.255]},"properties":{"d":"2025-05-02","w":10,"t":"Battles","s":"Armed clash","c":"Somalia","l":"Hareri-Madoobe","a":"Middle Shabelle","f":10}},{"type":"Feature","geometry":{"type":"Point","coordinates":[46.134,4.062]},"properties":{"d":"2025-05-02","w":10,"t":"Battles","s":"Armed clash","c":"Somalia","l":"Moqokori","a":"Hiraan","f":10}},{"type":"Feature","geometry":{"type":"Point","coordinates":[0.233,12.15]},"properties":{"d":"2025-04-28","w":10,"t":"Battles","s":"Armed clash","c":"Burkina Faso","l":"Komanpergou","a":"Est","f":10}},{"type":"Feature","geometry":{"type":"Point","coordinates":[95.98,21.879]},"properties":{"d":"2025-04-29","w":10,"t":"Battles","s":"Armed clash","c":"Myanmar","l":"Sagaing","a":"Sagaing","f":10}},{"type":"Feature","geometry":{"type":"Point","coordinates":[93.478,19.366]},"properties":{"d":"2025-04-28","w":10,"t":"Battles","s":"Armed clash","c":"Myanmar","l":"Leik Kha Maw Haung","a":"Rakhine","f":10}},{"type":"Feature","geometry":{"type":"Point","coordinates":[4.158,10.591]},"properties":{"d":"2025-05-03","w":10,"t":"Battles","s":"Armed clash","c":"Nigeria","l":"Sokonbara","a":"Niger","f":9}},{"type":"Feature","geometry":{"type":"Point","coordinates":[45.966,3.568]},"properties":{"d":"2025-05-02","w":10,"t":"Battles","s":"Armed clash","c":"Somalia","l":"Tarda","a":"Hiraan","f":9}},{"type":"Feature","geometry":{"type":"Point","coordinates":[46.073,3.971]},"properties":{"d":"2025-05-02","w":10,"t":"Battles","s":"Armed clash","c":"Somalia","l":"Cel Qoxle","a":"Hiraan","f":9}},{"type":"Feature","geometry":{"type":"Point","coordinates":[-8.208,14.374]},"properties":{"d":"2025-04-28","w":10,"t":"Battles","s":"Armed clash","c":"Mali","l":"Sebabougou","a":"Kayes","f":9}},{"type":"Feature","geometry":{"type":"Point","coordinates":[94.45,19.892]},"properties":{"d":"2025-04-30","w":10,"t":"Battles","s":"Armed clash","c":"Myanmar","l":"Pa Zi","a":"Magway","f":9}},{"type":"Feature","geometry":{"type":"Point","coordinates":[94.884,21.524]},"properties":{"d":"2025-05-02","w":10,"t":"Battles","s":"Armed clash","c":"Myanmar","l":"Lay Tan","a":"Magway","f":9}},{"type":"Feature","geometry":{"type":"Point","coordinates":[34.45,31.524]},"properties":{"d":"2025-04-28","w":10,"t":"Explosions/Remote violence","s":"Air/drone strike","c":"Palestine","l":"Gaza - Northern Remal","a":"Gaza Strip","f":8}},{"type":"Feature","geometry":{"type":"Point","coordinates":[34.323,31.364]},"properties":{"d":"2025-04-28","w":10,"t":"Explosions/Remote violence","s":"Air/drone strike","c":"Palestine","l":"Khan Yunis - As Sater","a":"Gaza Strip","f":8}},{"type":"Feature","geometry":{"type":"Point","coordinates":[34.483,31.527]},"properties":{"d":"2025-04-29","w":10,"t":"Explosions/Remote violence","s":"Air/drone strike","c":"Palestine","l":"Jabalya","a":"Gaza Strip","f":8}},{"type":"Feature","geometry":{"type":"Point","coordinates":[34.296,31.348]},"properties":{"d":"2025-05-01","w":10,"t":"Explosions/Remote violence","s":"Air/drone strike","c":"Palestine","l":"Khan Yunis - West (Municipal Stadium)","a":"Gaza Strip","f":8}},{"type":"Feature","geometry":{"type":"Point","coordinates":[34.474,31.505]},"properties":{"d":"2025-05-02","w":10,"t":"Explosions/Remote violence","s":"Air/drone strike","c":"Palestine","l":"Gaza - Unspecified","a":"Gaza Strip","f":8}},{"type":"Feature","geometry":{"type":"Point","coordinates":[34.483,31.527]},"properties":{"d":"2025-05-02","w":10,"t":"Explosions/Remote violence","s":"Air/drone strike","c":"Palestine","l":"Jabalya","a":"Gaza Strip","f":8}},{"type":"Feature","geometry":{"type":"Point","coordinates":[36.939,47.993]},"properties":{"d":"2025-05-04","w":10,"t":"Battles","s":"Armed clash","c":"Ukraine","l":"Bahatyr","a":"Donetsk","f":8}},{"type":"Feature","geometry":{"type":"Point","coordinates":[25.369,13.674]},"properties":{"d":"2025-05-04","w":10,"t":"Explosions/Remote violence","s":"Shelling/artillery/missile attack","c":"Sudan","l":"Abu Shouk IDP Camp","a":"North Darfur","f":8}},{"type":"Feature","geometry":{"type":"Point","coordinates":[28.431,9.682]},"properties":{"d":"2025-05-04","w":10,"t":"Violence against civilians","s":"Attack","c":"Sudan","l":"Noong","a":"Abyei","f":8}},{"type":"Feature","geometry":{"type":"Point","coordinates":[96.434,18.943]},"properties":{"d":"2025-04-30","w":10,"t":"Battles","s":"Armed clash","c":"Myanmar","l":"Taungoo","a":"Bago-East","f":8}},{"type":"Feature","geometry":{"type":"Point","coordinates":[45.405,14.941]},"properties":{"d":"2025-05-03","w":10,"t":"Battles","s":"Armed clash","c":"Yemen","l":"Jabal al Yahmum","a":"Marib","f":7}},{"type":"Feature","geometry":{"type":"Point","coordinates":[34.447,31.535]},"properties":{"d":"2025-04-28","w":10,"t":"Explosions/Remote violence","s":"Air/drone strike","c":"Palestine","l":"Gaza - Ash Shati' Camp","a":"Gaza Strip","f":7}},{"type":"Feature","geometry":{"type":"Point","coordinates":[32.618,46.656]},"properties":{"d":"2025-05-05","w":11,"t":"Battles","s":"Armed clash","c":"Ukraine","l":"Kherson","a":"Kherson","f":213}},{"type":"Feature","geometry":{"type":"Point","coordinates":[-1.642,14.088]},"properties":{"d":"2025-05-11","w":11,"t":"Battles","s":"Armed clash","c":"Burkina Faso","l":"Djibo","a":"Sahel","f":210}},{"type":"Feature","geometry":{"type":"Point","coordinates":[32.618,46.656]},"properties":{"d":"2025-05-06","w":11,"t":"Battles","s":"Armed clash","c":"Ukraine","l":"Kherson","a":"Kherson","f":109}},{"type":"Feature","geometry":{"type":"Point","coordinates":[32.618,46.656]},"properties":{"d":"2025-05-08","w":11,"t":"Battles","s":"Armed clash","c":"Ukraine","l":"Kherson","a":"Kherson","f":91}},{"type":"Feature","geometry":{"type":"Point","coordinates":[32.618,46.656]},"properties":{"d":"2025-05-09","w":11,"t":"Battles","s":"Armed clash","c":"Ukraine","l":"Kherson","a":"Kherson","f":83}},{"type":"Feature","geometry":{"type":"Point","coordinates":[32.618,46.656]},"properties":{"d":"2025-05-07","w":11,"t":"Battles","s":"Armed clash","c":"Ukraine","l":"Kherson","a":"Kherson","f":71}},{"type":"Feature","geometry":{"type":"Point","coordinates":[32.618,46.656]},"properties":{"d":"2025-05-06","w":11,"t":"Battles","s":"Armed clash","c":"Ukraine","l":"Kherson","a":"Kherson","f":69}},{"type":"Feature","geometry":{"type":"Point","coordinates":[32.618,46.656]},"properties":{"d":"2025-05-05","w":11,"t":"Battles","s":"Armed clash","c":"Ukraine","l":"Kherson","a":"Kherson","f":62}},{"type":"Feature","geometry":{"type":"Point","coordinates":[32.618,46.656]},"properties":{"d":"2025-05-09","w":11,"t":"Battles","s":"Armed clash","c":"Ukraine","l":"Kherson","a":"Kherson","f":62}},{"type":"Feature","geometry":{"type":"Point","coordinates":[-2.114,14.122]},"properties":{"d":"2025-05-11","w":11,"t":"Battles","s":"Armed clash","c":"Burkina Faso","l":"Solle","a":"Nord","f":60}},{"type":"Feature","geometry":{"type":"Point","coordinates":[32.618,46.656]},"properties":{"d":"2025-05-08","w":11,"t":"Battles","s":"Armed clash","c":"Ukraine","l":"Kherson","a":"Kherson","f":56}},{"type":"Feature","geometry":{"type":"Point","coordinates":[32.618,46.656]},"properties":{"d":"2025-05-07","w":11,"t":"Battles","s":"Armed clash","c":"Ukraine","l":"Kherson","a":"Kherson","f":55}},{"type":"Feature","geometry":{"type":"Point","coordinates":[96.884,17.642]},"properties":{"d":"2025-05-08","w":11,"t":"Battles","s":"Non-state actor overtakes territory","c":"Myanmar","l":"Nyaung Chay Htauk","a":"Bago-East","f":38}},{"type":"Feature","geometry":{"type":"Point","coordinates":[34.403,31.439]},"properties":{"d":"2025-05-06","w":11,"t":"Explosions/Remote violence","s":"Air/drone strike","c":"Palestine","l":"Al Burayj","a":"Gaza Strip","f":30}},{"type":"Feature","geometry":{"type":"Point","coordinates":[95.242,21.634]},"properties":{"d":"2025-05-09","w":11,"t":"Battles","s":"Armed clash","c":"Myanmar","l":"Yesagyo","a":"Magway","f":28}},{"type":"Feature","geometry":{"type":"Point","coordinates":[34.435,31.517]},"properties":{"d":"2025-05-07","w":11,"t":"Explosions/Remote violence","s":"Air/drone strike","c":"Palestine","l":"Gaza - Southern Remal","a":"Gaza Strip","f":25}},{"type":"Feature","geometry":{"type":"Point","coordinates":[7.093,11.383]},"properties":{"d":"2025-05-11","w":11,"t":"Violence against civilians","s":"Attack","c":"Nigeria","l":"Damari","a":"Katsina","f":24}},{"type":"Feature","geometry":{"type":"Point","coordinates":[80.816,18.794]},"properties":{"d":"2025-05-07","w":11,"t":"Battles","s":"Armed clash","c":"India","l":"Bijapur","a":"Chhattisgarh","f":22}},{"type":"Feature","geometry":{"type":"Point","coordinates":[37.219,48.213]},"properties":{"d":"2025-05-08","w":11,"t":"Battles","s":"Armed clash","c":"Ukraine","l":"Dachenske","a":"Donetsk","f":21}},{"type":"Feature","geometry":{"type":"Point","coordinates":[37.379,48.263]},"properties":{"d":"2025-05-08","w":11,"t":"Battles","s":"Armed clash","c":"Ukraine","l":"Hrodivka","a":"Donetsk","f":21}},{"type":"Feature","geometry":{"type":"Point","coordinates":[37.38,48.299]},"properties":{"d":"2025-05-08","w":11,"t":"Battles","s":"Armed clash","c":"Ukraine","l":"Myroliubivka","a":"Donetsk","f":21}},{"type":"Feature","geometry":{"type":"Point","coordinates":[37.392,48.012]},"properties":{"d":"2025-05-08","w":11,"t":"Battles","s":"Armed clash","c":"Ukraine","l":"Oleksandropil","a":"Donetsk","f":21}},{"type":"Feature","geometry":{"type":"Point","coordinates":[37.449,48.303]},"properties":{"d":"2025-05-08","w":11,"t":"Battles","s":"Armed clash","c":"Ukraine","l":"Yelyzavetivka","a":"Donetsk","f":21}},{"type":"Feature","geometry":{"type":"Point","coordinates":[98.826,12.262]},"properties":{"d":"2025-05-06","w":11,"t":"Battles","s":"Armed clash","c":"Myanmar","l":"War Yit Myan Mar Su","a":"Tanintharyi","f":21}},{"type":"Feature","geometry":{"type":"Point","coordinates":[36.934,48.141]},"properties":{"d":"2025-05-08","w":11,"t":"Battles","s":"Armed clash","c":"Ukraine","l":"Kotliarivka","a":"Donetsk","f":20}},{"type":"Feature","geometry":{"type":"Point","coordinates":[37.05,48.255]},"properties":{"d":"2025-05-08","w":11,"t":"Battles","s":"Armed clash","c":"Ukraine","l":"Kotlyne","a":"Donetsk","f":20}},{"type":"Feature","geometry":{"type":"Point","coordinates":[37.559,48.28]},"properties":{"d":"2025-05-08","w":11,"t":"Battles","s":"Armed clash","c":"Ukraine","l":"Novooleksandrivka","a":"Donetsk","f":20}},{"type":"Feature","geometry":{"type":"Point","coordinates":[36.981,48.115]},"properties":{"d":"2025-05-08","w":11,"t":"Battles","s":"Armed clash","c":"Ukraine","l":"Preobrazhenka","a":"Donetsk","f":20}},{"type":"Feature","geometry":{"type":"Point","coordinates":[36.991,48.24]},"properties":{"d":"2025-05-08","w":11,"t":"Battles","s":"Armed clash","c":"Ukraine","l":"Udachne","a":"Donetsk","f":20}},{"type":"Feature","geometry":{"type":"Point","coordinates":[37.126,48.25]},"properties":{"d":"2025-05-08","w":11,"t":"Battles","s":"Armed clash","c":"Ukraine","l":"Zvirove","a":"Donetsk","f":20}},{"type":"Feature","geometry":{"type":"Point","coordinates":[29.217,13.089]},"properties":{"d":"2025-05-11","w":11,"t":"Battles","s":"Government regains territory","c":"Sudan","l":"Al Khowai","a":"West Kordofan","f":20}},{"type":"Feature","geometry":{"type":"Point","coordinates":[34.475,31.513]},"properties":{"d":"2025-05-07","w":11,"t":"Explosions/Remote violence","s":"Air/drone strike","c":"Palestine","l":"Gaza - At Tuffah","a":"Gaza Strip","f":19}},{"type":"Feature","geometry":{"type":"Point","coordinates":[30.217,13.184]},"properties":{"d":"2025-05-10","w":11,"t":"Explosions/Remote violence","s":"Air/drone strike","c":"Sudan","l":"El Obeid","a":"North Kordofan","f":19}},{"type":"Feature","geometry":{"type":"Point","coordinates":[28.786,0.169]},"properties":{"d":"2025-05-08","w":11,"t":"Violence against civilians","s":"Attack","c":"Democratic Republic of Congo","l":"Fungula","a":"Nord-Kivu","f":18}},{"type":"Feature","geometry":{"type":"Point","coordinates":[37.38,48.299]},"properties":{"d":"2025-05-11","w":11,"t":"Battles","s":"Armed clash","c":"Ukraine","l":"Myroliubivka","a":"Donetsk","f":17}},{"type":"Feature","geometry":{"type":"Point","coordinates":[37.489,48.364]},"properties":{"d":"2025-05-11","w":11,"t":"Battles","s":"Armed clash","c":"Ukraine","l":"Nova Poltavka","a":"Donetsk","f":17}},{"type":"Feature","geometry":{"type":"Point","coordinates":[37.506,48.336]},"properties":{"d":"2025-05-11","w":11,"t":"Battles","s":"Armed clash","c":"Ukraine","l":"Vodiane Druhe","a":"Donetsk","f":17}},{"type":"Feature","geometry":{"type":"Point","coordinates":[25.356,13.626]},"properties":{"d":"2025-05-11","w":11,"t":"Battles","s":"Armed clash","c":"Sudan","l":"El Fasher","a":"North Darfur","f":17}},{"type":"Feature","geometry":{"type":"Point","coordinates":[37.057,48.022]},"properties":{"d":"2025-05-11","w":11,"t":"Battles","s":"Armed clash","c":"Ukraine","l":"Andriivka","a":"Donetsk","f":16}},{"type":"Feature","geometry":{"type":"Point","coordinates":[36.939,47.993]},"properties":{"d":"2025-05-11","w":11,"t":"Battles","s":"Armed clash","c":"Ukraine","l":"Bahatyr","a":"Donetsk","f":16}},{"type":"Feature","geometry":{"type":"Point","coordinates":[36.934,48.141]},"properties":{"d":"2025-05-11","w":11,"t":"Battles","s":"Armed clash","c":"Ukraine","l":"Kotliarivka","a":"Donetsk","f":16}},{"type":"Feature","geometry":{"type":"Point","coordinates":[37.05,48.255]},"properties":{"d":"2025-05-11","w":11,"t":"Battles","s":"Armed clash","c":"Ukraine","l":"Kotlyne","a":"Donetsk","f":16}},{"type":"Feature","geometry":{"type":"Point","coordinates":[37.265,48.225]},"properties":{"d":"2025-05-11","w":11,"t":"Battles","s":"Armed clash","c":"Ukraine","l":"Lysivka","a":"Donetsk","f":16}},{"type":"Feature","geometry":{"type":"Point","coordinates":[37.559,48.28]},"properties":{"d":"2025-05-11","w":11,"t":"Battles","s":"Armed clash","c":"Ukraine","l":"Novooleksandrivka","a":"Donetsk","f":16}},{"type":"Feature","geometry":{"type":"Point","coordinates":[37.858,48.263]},"properties":{"d":"2025-05-11","w":11,"t":"Battles","s":"Armed clash","c":"Ukraine","l":"Troitske","a":"Donetsk","f":16}},{"type":"Feature","geometry":{"type":"Point","coordinates":[37.449,48.303]},"properties":{"d":"2025-05-11","w":11,"t":"Battles","s":"Armed clash","c":"Ukraine","l":"Yelyzavetivka","a":"Donetsk","f":16}},{"type":"Feature","geometry":{"type":"Point","coordinates":[37.679,48.329]},"properties":{"d":"2025-05-11","w":11,"t":"Battles","s":"Armed clash","c":"Ukraine","l":"Stara Mykolaivka","a":"Donetsk","f":16}},{"type":"Feature","geometry":{"type":"Point","coordinates":[7.296,5.8]},"properties":{"d":"2025-05-08","w":11,"t":"Violence against civilians","s":"Attack","c":"Nigeria","l":"Amuro","a":"Imo","f":15}},{"type":"Feature","geometry":{"type":"Point","coordinates":[34.447,31.535]},"properties":{"d":"2025-05-05","w":11,"t":"Explosions/Remote violence","s":"Air/drone strike","c":"Palestine","l":"Gaza - Ash Shati' Camp","a":"Gaza Strip","f":15}},{"type":"Feature","geometry":{"type":"Point","coordinates":[25.356,13.626]},"properties":{"d":"2025-05-08","w":11,"t":"Battles","s":"Armed clash","c":"Sudan","l":"El Fasher","a":"North Darfur","f":15}},{"type":"Feature","geometry":{"type":"Point","coordinates":[25.356,13.626]},"properties":{"d":"2025-05-10","w":11,"t":"Battles","s":"Armed clash","c":"Sudan","l":"El Fasher","a":"North Darfur","f":15}},{"type":"Feature","geometry":{"type":"Point","coordinates":[0.108,11.551]},"properties":{"d":"2025-05-08","w":11,"t":"Violence against civilians","s":"Attack","c":"Burkina Faso","l":"Niorgo-Yanga","a":"Centre-Est","f":15}},{"type":"Feature","geometry":{"type":"Point","coordinates":[97.234,24.253]},"properties":{"d":"2025-05-08","w":11,"t":"Explosions/Remote violence","s":"Air/drone strike","c":"Myanmar","l":"Bhamo","a":"Kachin","f":15}},{"type":"Feature","geometry":{"type":"Point","coordinates":[25.369,13.674]},"properties":{"d":"2025-05-09","w":11,"t":"Explosions/Remote violence","s":"Shelling/artillery/missile attack","c":"Sudan","l":"Abu Shouk IDP Camp","a":"North Darfur","f":14}},{"type":"Feature","geometry":{"type":"Point","coordinates":[-4.729,13.594]},"properties":{"d":"2025-05-08","w":11,"t":"Battles","s":"Armed clash","c":"Mali","l":"Nienou","a":"Segou","f":14}},{"type":"Feature","geometry":{"type":"Point","coordinates":[0.12,11.557]},"properties":{"d":"2025-05-08","w":11,"t":"Battles","s":"Armed clash","c":"Burkina Faso","l":"Boussougou","a":"Centre-Est","f":14}},{"type":"Feature","geometry":{"type":"Point","coordinates":[12.617,-4.95]},"properties":{"d":"2025-05-05","w":11,"t":"Battles","s":"Armed clash","c":"Angola","l":"Necuto","a":"Cabinda","f":13}},{"type":"Feature","geometry":{"type":"Point","coordinates":[37.413,48.289]},"properties":{"d":"2025-05-05","w":11,"t":"Battles","s":"Armed clash","c":"Ukraine","l":"Novotoretske","a":"Donetsk","f":13}},{"type":"Feature","geometry":{"type":"Point","coordinates":[37.145,48.22]},"properties":{"d":"2025-05-05","w":11,"t":"Battles","s":"Armed clash","c":"Ukraine","l":"Shevchenko","a":"Donetsk","f":13}},{"type":"Feature","geometry":{"type":"Point","coordinates":[37.76,48.322]},"properties":{"d":"2025-05-05","w":11,"t":"Battles","s":"Armed clash","c":"Ukraine","l":"Sukha Balka","a":"Donetsk","f":13}},{"type":"Feature","geometry":{"type":"Point","coordinates":[36.991,48.24]},"properties":{"d":"2025-05-05","w":11,"t":"Battles","s":"Armed clash","c":"Ukraine","l":"Udachne","a":"Donetsk","f":13}},{"type":"Feature","geometry":{"type":"Point","coordinates":[37.506,48.336]},"properties":{"d":"2025-05-05","w":11,"t":"Battles","s":"Armed clash","c":"Ukraine","l":"Vodiane Druhe","a":"Donetsk","f":13}},{"type":"Feature","geometry":{"type":"Point","coordinates":[37.679,48.329]},"properties":{"d":"2025-05-05","w":11,"t":"Battles","s":"Armed clash","c":"Ukraine","l":"Stara Mykolaivka","a":"Donetsk","f":13}},{"type":"Feature","geometry":{"type":"Point","coordinates":[37.022,48.2]},"properties":{"d":"2025-05-05","w":11,"t":"Battles","s":"Armed clash","c":"Ukraine","l":"Uspenivka","a":"Donetsk","f":13}},{"type":"Feature","geometry":{"type":"Point","coordinates":[64.035,26.929]},"properties":{"d":"2025-05-09","w":11,"t":"Battles","s":"Armed clash","c":"Pakistan","l":"Bonistan Bazar","a":"Balochistan","f":13}},{"type":"Feature","geometry":{"type":"Point","coordinates":[71.258,29.143]},"properties":{"d":"2025-05-07","w":11,"t":"Explosions/Remote violence","s":"Air/drone strike","c":"Pakistan","l":"Ahmadpur East","a":"Punjab","f":13}},{"type":"Feature","geometry":{"type":"Point","coordinates":[-3.553,12.848]},"properties":{"d":"2025-05-06","w":11,"t":"Battles","s":"Armed clash","c":"Burkina Faso","l":"Sampopo","a":"Boucle du Mouhoun","f":13}},{"type":"Feature","geometry":{"type":"Point","coordinates":[-0.064,12.655]},"properties":{"d":"2025-05-08","w":11,"t":"Battles","s":"Armed clash","c":"Burkina Faso","l":"Kouri","a":"Est","f":13}},{"type":"Feature","geometry":{"type":"Point","coordinates":[-2.401,13.659]},"properties":{"d":"2025-05-11","w":11,"t":"Battles","s":"Armed clash","c":"Burkina Faso","l":"Yabonsgo","a":"Nord","f":13}},{"type":"Feature","geometry":{"type":"Point","coordinates":[6.001,11.546]},"properties":{"d":"2025-05-05","w":11,"t":"Violence against civilians","s":"Attack","c":"Nigeria","l":"Dankurmi","a":"Zamfara","f":12}},{"type":"Feature","geometry":{"type":"Point","coordinates":[37.057,48.022]},"properties":{"d":"2025-05-05","w":11,"t":"Battles","s":"Armed clash","c":"Ukraine","l":"Andriivka","a":"Donetsk","f":12}},{"type":"Feature","geometry":{"type":"Point","coordinates":[36.967,48.09]},"properties":{"d":"2025-05-05","w":11,"t":"Battles","s":"Armed clash","c":"Ukraine","l":"Bohdanivka","a":"Donetsk","f":12}},{"type":"Feature","geometry":{"type":"Point","coordinates":[36.934,48.141]},"properties":{"d":"2025-05-05","w":11,"t":"Battles","s":"Armed clash","c":"Ukraine","l":"Kotliarivka","a":"Donetsk","f":12}},{"type":"Feature","geometry":{"type":"Point","coordinates":[37.858,48.263]},"properties":{"d":"2025-05-05","w":11,"t":"Battles","s":"Armed clash","c":"Ukraine","l":"Troitske","a":"Donetsk","f":12}},{"type":"Feature","geometry":{"type":"Point","coordinates":[36.965,48.199]},"properties":{"d":"2025-05-06","w":11,"t":"Battles","s":"Armed clash","c":"Ukraine","l":"Novoserhiivka","a":"Donetsk","f":12}},{"type":"Feature","geometry":{"type":"Point","coordinates":[25.356,13.626]},"properties":{"d":"2025-05-05","w":11,"t":"Battles","s":"Armed clash","c":"Sudan","l":"El Fasher","a":"North Darfur","f":12}},{"type":"Feature","geometry":{"type":"Point","coordinates":[-3.409,12.983]},"properties":{"d":"2025-05-06","w":11,"t":"Battles","s":"Armed clash","c":"Burkina Faso","l":"Lanfiera","a":"Boucle du Mouhoun","f":12}},{"type":"Feature","geometry":{"type":"Point","coordinates":[0.114,11.54]},"properties":{"d":"2025-05-08","w":11,"t":"Battles","s":"Armed clash","c":"Burkina Faso","l":"Salembaore","a":"Centre-Est","f":12}},{"type":"Feature","geometry":{"type":"Point","coordinates":[29.244,0.458]},"properties":{"d":"2025-05-09","w":11,"t":"Violence against civilians","s":"Attack","c":"Democratic Republic of Congo","l":"Cantine","a":"Nord-Kivu","f":12}},{"type":"Feature","geometry":{"type":"Point","coordinates":[37.38,48.299]},"properties":{"d":"2025-05-06","w":11,"t":"Battles","s":"Armed clash","c":"Ukraine","l":"Myroliubivka","a":"Donetsk","f":11}},{"type":"Feature","geometry":{"type":"Point","coordinates":[36.948,48.017]},"properties":{"d":"2025-05-06","w":11,"t":"Battles","s":"Armed clash","c":"Ukraine","l":"Oleksiivka","a":"Donetsk","f":11}},{"type":"Feature","geometry":{"type":"Point","coordinates":[40.076,-11.851]},"properties":{"d":"2025-05-09","w":11,"t":"Battles","s":"Armed clash","c":"Mozambique","l":"Miangalewa","a":"Cabo Delgado","f":11}},{"type":"Feature","geometry":{"type":"Point","coordinates":[45.368,13.972]},"properties":{"d":"2025-05-05","w":11,"t":"Battles","s":"Armed clash","c":"Yemen","l":"Rayshan","a":"Lahij","f":10}},{"type":"Feature","geometry":{"type":"Point","coordinates":[13.339,13.675]},"properties":{"d":"2025-05-07","w":11,"t":"Battles","s":"Armed clash","c":"Nigeria","l":"Malam Fatori","a":"Borno","f":10}},{"type":"Feature","geometry":{"type":"Point","coordinates":[12.284,11.169]},"properties":{"d":"2025-05-07","w":11,"t":"Explosions/Remote violence","s":"Air/drone strike","c":"Nigeria","l":"Ajigin","a":"Borno","f":10}},{"type":"Feature","geometry":{"type":"Point","coordinates":[12.316,11.227]},"properties":{"d":"2025-05-07","w":11,"t":"Explosions/Remote violence","s":"Air/drone strike","c":"Nigeria","l":"Talala","a":"Borno","f":10}},{"type":"Feature","geometry":{"type":"Point","coordinates":[37.219,48.213]},"properties":{"d":"2025-05-06","w":11,"t":"Battles","s":"Armed clash","c":"Ukraine","l":"Dachenske","a":"Donetsk","f":10}},{"type":"Feature","geometry":{"type":"Point","coordinates":[37.441,48.139]},"properties":{"d":"2025-05-06","w":11,"t":"Battles","s":"Armed clash","c":"Ukraine","l":"Kalynove","a":"Donetsk","f":10}},{"type":"Feature","geometry":{"type":"Point","coordinates":[37.05,48.255]},"properties":{"d":"2025-05-06","w":11,"t":"Battles","s":"Armed clash","c":"Ukraine","l":"Kotlyne","a":"Donetsk","f":10}},{"type":"Feature","geometry":{"type":"Point","coordinates":[37.265,48.225]},"properties":{"d":"2025-05-06","w":11,"t":"Battles","s":"Armed clash","c":"Ukraine","l":"Lysivka","a":"Donetsk","f":10}},{"type":"Feature","geometry":{"type":"Point","coordinates":[37.318,48.269]},"properties":{"d":"2025-05-06","w":11,"t":"Battles","s":"Armed clash","c":"Ukraine","l":"Promin","a":"Donetsk","f":10}},{"type":"Feature","geometry":{"type":"Point","coordinates":[37.145,48.22]},"properties":{"d":"2025-05-06","w":11,"t":"Battles","s":"Armed clash","c":"Ukraine","l":"Shevchenko","a":"Donetsk","f":10}},{"type":"Feature","geometry":{"type":"Point","coordinates":[36.991,48.24]},"properties":{"d":"2025-05-06","w":11,"t":"Battles","s":"Armed clash","c":"Ukraine","l":"Udachne","a":"Donetsk","f":10}},{"type":"Feature","geometry":{"type":"Point","coordinates":[37.822,49.16]},"properties":{"d":"2025-05-09","w":11,"t":"Battles","s":"Armed clash","c":"Ukraine","l":"Lypove","a":"Donetsk","f":10}},{"type":"Feature","geometry":{"type":"Point","coordinates":[37.762,48.312]},"properties":{"d":"2025-05-09","w":11,"t":"Battles","s":"Armed clash","c":"Ukraine","l":"Valentynivka","a":"Donetsk","f":10}},{"type":"Feature","geometry":{"type":"Point","coordinates":[34.284,51.273]},"properties":{"d":"2025-05-08","w":11,"t":"Battles","s":"Armed clash","c":"Russia","l":"Tyotkino","a":"Kursk","f":10}},{"type":"Feature","geometry":{"type":"Point","coordinates":[69.627,32.482]},"properties":{"d":"2025-05-09","w":11,"t":"Battles","s":"Armed clash","c":"Pakistan","l":"Shakai Valley","a":"Khyber Pakhtunkhwa","f":10}},{"type":"Feature","geometry":{"type":"Point","coordinates":[25.369,13.674]},"properties":{"d":"2025-05-07","w":11,"t":"Explosions/Remote violence","s":"Shelling/artillery/missile attack","c":"Sudan","l":"Abu Shouk IDP Camp","a":"North Darfur","f":10}},{"type":"Feature","geometry":{"type":"Point","coordinates":[25.356,13.626]},"properties":{"d":"2025-05-06","w":11,"t":"Battles","s":"Armed clash","c":"Sudan","l":"El Fasher","a":"North Darfur","f":10}},{"type":"Feature","geometry":{"type":"Point","coordinates":[25.356,13.626]},"properties":{"d":"2025-05-07","w":11,"t":"Battles","s":"Armed clash","c":"Sudan","l":"El Fasher","a":"North Darfur","f":10}},{"type":"Feature","geometry":{"type":"Point","coordinates":[29.477,11.273]},"properties":{"d":"2025-05-07","w":11,"t":"Battles","s":"Armed clash","c":"Sudan","l":"Hillat Barno","a":"South Kordofan","f":10}},{"type":"Feature","geometry":{"type":"Point","coordinates":[31.867,13.017]},"properties":{"d":"2025-05-08","w":11,"t":"Battles","s":"Armed clash","c":"Sudan","l":"Tandalti","a":"White Nile","f":10}},{"type":"Feature","geometry":{"type":"Point","coordinates":[33.717,13.3]},"properties":{"d":"2025-05-11","w":11,"t":"Violence against civilians","s":"Attack","c":"Sudan","l":"Al Shigeg","a":"Sennar","f":10}},{"type":"Feature","geometry":{"type":"Point","coordinates":[29.621,13.126]},"properties":{"d":"2025-05-10","w":11,"t":"Battles","s":"Government regains territory","c":"Sudan","l":"Umm Sumeima","a":"North Kordofan","f":10}},{"type":"Feature","geometry":{"type":"Point","coordinates":[32.153,14.764]},"properties":{"d":"2025-05-10","w":11,"t":"Explosions/Remote violence","s":"Air/drone strike","c":"Sudan","l":"Al Alaga","a":"White Nile","f":10}},{"type":"Feature","geometry":{"type":"Point","coordinates":[30.371,13.699]},"properties":{"d":"2025-05-08","w":11,"t":"Explosions/Remote violence","s":"Air/drone strike","c":"Sudan","l":"Bara","a":"North Kordofan","f":10}},{"type":"Feature","geometry":{"type":"Point","coordinates":[36.458,11.566]},"properties":{"d":"2025-05-06","w":11,"t":"Battles","s":"Armed clash","c":"Ethiopia","l":"Fendika","a":"Amhara","f":10}},{"type":"Feature","geometry":{"type":"Point","coordinates":[36.458,11.566]},"properties":{"d":"2025-05-07","w":11,"t":"Battles","s":"Armed clash","c":"Ethiopia","l":"Fendika","a":"Amhara","f":10}},{"type":"Feature","geometry":{"type":"Point","coordinates":[36.945,11.697]},"properties":{"d":"2025-05-11","w":11,"t":"Battles","s":"Armed clash","c":"Ethiopia","l":"Liben","a":"Amhara","f":10}},{"type":"Feature","geometry":{"type":"Point","coordinates":[-0.074,14.877]},"properties":{"d":"2025-05-10","w":11,"t":"Battles","s":"Armed clash","c":"Burkina Faso","l":"Tin-Zalayanane","a":"Sahel","f":10}},{"type":"Feature","geometry":{"type":"Point","coordinates":[28.908,0.427]},"properties":{"d":"2025-05-08","w":11,"t":"Violence against civilians","s":"Attack","c":"Democratic Republic of Congo","l":"Kambau","a":"Nord-Kivu","f":10}},{"type":"Feature","geometry":{"type":"Point","coordinates":[32.618,46.656]},"properties":{"d":"2025-05-12","w":12,"t":"Battles","s":"Armed clash","c":"Ukraine","l":"Kherson","a":"Kherson","f":137}},{"type":"Feature","geometry":{"type":"Point","coordinates":[32.618,46.656]},"properties":{"d":"2025-05-13","w":12,"t":"Battles","s":"Armed clash","c":"Ukraine","l":"Kherson","a":"Kherson","f":114}},{"type":"Feature","geometry":{"type":"Point","coordinates":[32.618,46.656]},"properties":{"d":"2025-05-12","w":12,"t":"Battles","s":"Armed clash","c":"Ukraine","l":"Kherson","a":"Kherson","f":93}},{"type":"Feature","geometry":{"type":"Point","coordinates":[46.134,4.062]},"properties":{"d":"2025-05-18","w":12,"t":"Battles","s":"Armed clash","c":"Somalia","l":"Moqokori","a":"Hiraan","f":82}},{"type":"Feature","geometry":{"type":"Point","coordinates":[32.618,46.656]},"properties":{"d":"2025-05-13","w":12,"t":"Battles","s":"Armed clash","c":"Ukraine","l":"Kherson","a":"Kherson","f":66}},{"type":"Feature","geometry":{"type":"Point","coordinates":[13.823,13.095]},"properties":{"d":"2025-05-15","w":12,"t":"Violence against civilians","s":"Attack","c":"Nigeria","l":"Baga","a":"Borno","f":57}},{"type":"Feature","geometry":{"type":"Point","coordinates":[32.618,46.656]},"properties":{"d":"2025-05-16","w":12,"t":"Battles","s":"Armed clash","c":"Ukraine","l":"Kherson","a":"Kherson","f":54}},{"type":"Feature","geometry":{"type":"Point","coordinates":[46.134,4.062]},"properties":{"d":"2025-05-17","w":12,"t":"Battles","s":"Armed clash","c":"Somalia","l":"Moqokori","a":"Hiraan","f":54}},{"type":"Feature","geometry":{"type":"Point","coordinates":[29.245,-1.642]},"properties":{"d":"2025-05-13","w":12,"t":"Violence against civilians","s":"Sexual violence","c":"Democratic Republic of Congo","l":"Ngangi II","a":"Nord-Kivu","f":54}},{"type":"Feature","geometry":{"type":"Point","coordinates":[29.213,-1.641]},"properties":{"d":"2025-05-13","w":12,"t":"Violence against civilians","s":"Sexual violence","c":"Democratic Republic of Congo","l":"Ngangi III","a":"Nord-Kivu","f":53}},{"type":"Feature","geometry":{"type":"Point","coordinates":[1.788,12.073]},"properties":{"d":"2025-05-13","w":12,"t":"Battles","s":"Non-state actor overtakes territory","c":"Burkina Faso","l":"Diapaga","a":"Est","f":52}},{"type":"Feature","geometry":{"type":"Point","coordinates":[32.618,46.656]},"properties":{"d":"2025-05-15","w":12,"t":"Battles","s":"Armed clash","c":"Ukraine","l":"Kherson","a":"Kherson","f":50}},{"type":"Feature","geometry":{"type":"Point","coordinates":[32.618,46.656]},"properties":{"d":"2025-05-14","w":12,"t":"Battles","s":"Armed clash","c":"Ukraine","l":"Kherson","a":"Kherson","f":49}},{"type":"Feature","geometry":{"type":"Point","coordinates":[32.618,46.656]},"properties":{"d":"2025-05-15","w":12,"t":"Battles","s":"Armed clash","c":"Ukraine","l":"Kherson","a":"Kherson","f":43}},{"type":"Feature","geometry":{"type":"Point","coordinates":[32.618,46.656]},"properties":{"d":"2025-05-14","w":12,"t":"Battles","s":"Armed clash","c":"Ukraine","l":"Kherson","a":"Kherson","f":42}},{"type":"Feature","geometry":{"type":"Point","coordinates":[15.383,8.759]},"properties":{"d":"2025-05-14","w":12,"t":"Violence against civilians","s":"Attack","c":"Chad","l":"Mandakao","a":"Logone Occidental","f":42}},{"type":"Feature","geometry":{"type":"Point","coordinates":[34.255,31.348]},"properties":{"d":"2025-05-18","w":12,"t":"Explosions/Remote violence","s":"Air/drone strike","c":"Palestine","l":"Al Mawasi (Khan Yunis)","a":"Gaza Strip","f":40}},{"type":"Feature","geometry":{"type":"Point","coordinates":[32.618,46.656]},"properties":{"d":"2025-05-16","w":12,"t":"Battles","s":"Armed clash","c":"Ukraine","l":"Kherson","a":"Kherson","f":38}},{"type":"Feature","geometry":{"type":"Point","coordinates":[34.333,31.295]},"properties":{"d":"2025-05-13","w":12,"t":"Explosions/Remote violence","s":"Air/drone strike","c":"Palestine","l":"Al Fukhari","a":"Gaza Strip","f":35}},{"type":"Feature","geometry":{"type":"Point","coordinates":[34.502,31.554]},"properties":{"d":"2025-05-15","w":12,"t":"Explosions/Remote violence","s":"Air/drone strike","c":"Palestine","l":"Beit Lahiya - Unspecified","a":"Gaza Strip","f":30}},{"type":"Feature","geometry":{"type":"Point","coordinates":[34.284,51.273]},"properties":{"d":"2025-05-18","w":12,"t":"Battles","s":"Armed clash","c":"Russia","l":"Tyotkino","a":"Kursk","f":30}},{"type":"Feature","geometry":{"type":"Point","coordinates":[34.491,31.536]},"properties":{"d":"2025-05-14","w":12,"t":"Explosions/Remote violence","s":"Air/drone strike","c":"Palestine","l":"Jabalya Camp","a":"Gaza Strip","f":29}},{"type":"Feature","geometry":{"type":"Point","coordinates":[95.209,22.652]},"properties":{"d":"2025-05-12","w":12,"t":"Explosions/Remote violence","s":"Air/drone strike","c":"Myanmar","l":"Oe Htein Kwin (North)","a":"Sagaing","f":24}},{"type":"Feature","geometry":{"type":"Point","coordinates":[-4.21,12.194]},"properties":{"d":"2025-05-16","w":12,"t":"Battles","s":"Armed clash","c":"Burkina Faso","l":"Lekoro","a":"Boucle du Mouhoun","f":23}},{"type":"Feature","geometry":{"type":"Point","coordinates":[34.333,31.295]},"properties":{"d":"2025-05-14","w":12,"t":"Explosions/Remote violence","s":"Air/drone strike","c":"Palestine","l":"Al Fukhari","a":"Gaza Strip","f":22}},{"type":"Feature","geometry":{"type":"Point","coordinates":[34.483,31.527]},"properties":{"d":"2025-05-18","w":12,"t":"Explosions/Remote violence","s":"Air/drone strike","c":"Palestine","l":"Jabalya","a":"Gaza Strip","f":22}},{"type":"Feature","geometry":{"type":"Point","coordinates":[45.306,2.038]},"properties":{"d":"2025-05-18","w":12,"t":"Explosions/Remote violence","s":"Suicide bomb","c":"Somalia","l":"Mogadishu - Hodan","a":"Banadir","f":22}},{"type":"Feature","geometry":{"type":"Point","coordinates":[-5.017,14.141]},"properties":{"d":"2025-05-12","w":12,"t":"Violence against civilians","s":"Attack","c":"Mali","l":"Diafarabe","a":"Mopti","f":22}},{"type":"Feature","geometry":{"type":"Point","coordinates":[12.767,-4.65]},"properties":{"d":"2025-05-15","w":12,"t":"Battles","s":"Armed clash","c":"Angola","l":"Belize","a":"Cabinda","f":21}},{"type":"Feature","geometry":{"type":"Point","coordinates":[10.689,9.409]},"properties":{"d":"2025-05-16","w":12,"t":"Battles","s":"Armed clash","c":"Nigeria","l":"Garau","a":"Taraba","f":20}},{"type":"Feature","geometry":{"type":"Point","coordinates":[29.217,13.089]},"properties":{"d":"2025-05-13","w":12,"t":"Battles","s":"Armed clash","c":"Sudan","l":"Al Khowai","a":"West Kordofan","f":20}},{"type":"Feature","geometry":{"type":"Point","coordinates":[49.824,11.17]},"properties":{"d":"2025-05-14","w":12,"t":"Battles","s":"Armed clash","c":"Somalia","l":"Dasaan","a":"Bari","f":20}},{"type":"Feature","geometry":{"type":"Point","coordinates":[7.22,12.3]},"properties":{"d":"2025-05-17","w":12,"t":"Violence against civilians","s":"Attack","c":"Nigeria","l":"Gobirawa","a":"Katsina","f":19}},{"type":"Feature","geometry":{"type":"Point","coordinates":[34.35,31.418]},"properties":{"d":"2025-05-17","w":12,"t":"Explosions/Remote violence","s":"Air/drone strike","c":"Palestine","l":"Deir al Balah","a":"Gaza Strip","f":18}},{"type":"Feature","geometry":{"type":"Point","coordinates":[29.995,12.592]},"properties":{"d":"2025-05-15","w":12,"t":"Violence against civilians","s":"Attack","c":"Sudan","l":"Al Hamadi","a":"South Kordofan","f":18}},{"type":"Feature","geometry":{"type":"Point","coordinates":[96.966,20.059]},"properties":{"d":"2025-05-13","w":12,"t":"Battles","s":"Armed clash","c":"Myanmar","l":"Yae Pu","a":"Shan-South","f":18}},{"type":"Feature","geometry":{"type":"Point","coordinates":[7.699,8.005]},"properties":{"d":"2025-05-17","w":12,"t":"Violence against civilians","s":"Attack","c":"Nigeria","l":"Ogwumogbo","a":"Benue","f":15}},{"type":"Feature","geometry":{"type":"Point","coordinates":[5.795,11.376]},"properties":{"d":"2025-05-17","w":12,"t":"Violence against civilians","s":"Attack","c":"Nigeria","l":"Wasagu","a":"Kebbi","f":15}},{"type":"Feature","geometry":{"type":"Point","coordinates":[34.248,31.284]},"properties":{"d":"2025-05-14","w":12,"t":"Battles","s":"Armed clash","c":"Palestine","l":"Yibna","a":"Gaza Strip","f":15}},{"type":"Feature","geometry":{"type":"Point","coordinates":[34.491,31.536]},"properties":{"d":"2025-05-15","w":12,"t":"Explosions/Remote violence","s":"Air/drone strike","c":"Palestine","l":"Jabalya Camp","a":"Gaza Strip","f":15}},{"type":"Feature","geometry":{"type":"Point","coordinates":[34.483,31.527]},"properties":{"d":"2025-05-12","w":12,"t":"Explosions/Remote violence","s":"Air/drone strike","c":"Palestine","l":"Jabalya","a":"Gaza Strip","f":15}},{"type":"Feature","geometry":{"type":"Point","coordinates":[34.255,31.348]},"properties":{"d":"2025-05-17","w":12,"t":"Explosions/Remote violence","s":"Air/drone strike","c":"Palestine","l":"Al Mawasi (Khan Yunis)","a":"Gaza Strip","f":15}},{"type":"Feature","geometry":{"type":"Point","coordinates":[28.449,9.59]},"properties":{"d":"2025-05-16","w":12,"t":"Violence against civilians","s":"Attack","c":"Sudan","l":"Abyei","a":"Abyei","f":15}},{"type":"Feature","geometry":{"type":"Point","coordinates":[14.181,12.484]},"properties":{"d":"2025-05-16","w":12,"t":"Battles","s":"Armed clash","c":"Nigeria","l":"Wulgo","a":"Borno","f":14}},{"type":"Feature","geometry":{"type":"Point","coordinates":[34.483,31.527]},"properties":{"d":"2025-05-14","w":12,"t":"Explosions/Remote violence","s":"Air/drone strike","c":"Palestine","l":"Jabalya","a":"Gaza Strip","f":14}},{"type":"Feature","geometry":{"type":"Point","coordinates":[25.369,13.674]},"properties":{"d":"2025-05-18","w":12,"t":"Explosions/Remote violence","s":"Shelling/artillery/missile attack","c":"Sudan","l":"Abu Shouk IDP Camp","a":"North Darfur","f":14}},{"type":"Feature","geometry":{"type":"Point","coordinates":[34.341,31.374]},"properties":{"d":"2025-05-15","w":12,"t":"Explosions/Remote violence","s":"Air/drone strike","c":"Palestine","l":"Al Qararah","a":"Gaza Strip","f":13}},{"type":"Feature","geometry":{"type":"Point","coordinates":[37.832,48.587]},"properties":{"d":"2025-05-17","w":12,"t":"Battles","s":"Armed clash","c":"Ukraine","l":"Chasiv Yar","a":"Donetsk","f":13}},{"type":"Feature","geometry":{"type":"Point","coordinates":[107.847,-7.667]},"properties":{"d":"2025-05-12","w":12,"t":"Strategic developments","s":"Disrupted weapons use","c":"Indonesia","l":"Sagara","a":"West Java","f":13}},{"type":"Feature","geometry":{"type":"Point","coordinates":[29.217,13.089]},"properties":{"d":"2025-05-14","w":12,"t":"Battles","s":"Armed clash","c":"Sudan","l":"Al Khowai","a":"West Kordofan","f":13}},{"type":"Feature","geometry":{"type":"Point","coordinates":[92.806,20.485]},"properties":{"d":"2025-05-13","w":12,"t":"Explosions/Remote violence","s":"Air/drone strike","c":"Myanmar","l":"Htun Ya Wai","a":"Rakhine","f":13}},{"type":"Feature","geometry":{"type":"Point","coordinates":[95.445,21.509]},"properties":{"d":"2025-05-15","w":12,"t":"Battles","s":"Armed clash","c":"Myanmar","l":"Kyauk Pyoke","a":"Mandalay","f":13}},{"type":"Feature","geometry":{"type":"Point","coordinates":[12.366,11.147]},"properties":{"d":"2025-05-15","w":12,"t":"Explosions/Remote violence","s":"Air/drone strike","c":"Nigeria","l":"Chiralia","a":"Borno","f":12}},{"type":"Feature","geometry":{"type":"Point","coordinates":[34.325,31.342]},"properties":{"d":"2025-05-15","w":12,"t":"Explosions/Remote violence","s":"Air/drone strike","c":"Palestine","l":"Bani Suheila","a":"Gaza Strip","f":12}},{"type":"Feature","geometry":{"type":"Point","coordinates":[34.502,31.554]},"properties":{"d":"2025-05-16","w":12,"t":"Explosions/Remote violence","s":"Air/drone strike","c":"Palestine","l":"Beit Lahiya - Unspecified","a":"Gaza Strip","f":12}},{"type":"Feature","geometry":{"type":"Point","coordinates":[34.475,31.513]},"properties":{"d":"2025-05-17","w":12,"t":"Explosions/Remote violence","s":"Air/drone strike","c":"Palestine","l":"Gaza - At Tuffah","a":"Gaza Strip","f":12}},{"type":"Feature","geometry":{"type":"Point","coordinates":[30.1,12.802]},"properties":{"d":"2025-05-13","w":12,"t":"Battles","s":"Armed clash","c":"Sudan","l":"Kazgil","a":"North Kordofan","f":12}},{"type":"Feature","geometry":{"type":"Point","coordinates":[25.356,13.626]},"properties":{"d":"2025-05-18","w":12,"t":"Explosions/Remote violence","s":"Shelling/artillery/missile attack","c":"Sudan","l":"El Fasher","a":"North Darfur","f":12}},{"type":"Feature","geometry":{"type":"Point","coordinates":[46.232,3.836]},"properties":{"d":"2025-05-18","w":12,"t":"Explosions/Remote violence","s":"Air/drone strike","c":"Somalia","l":"Mabaax","a":"Hiraan","f":12}},{"type":"Feature","geometry":{"type":"Point","coordinates":[-4.206,13.823]},"properties":{"d":"2025-05-13","w":12,"t":"Violence against civilians","s":"Attack","c":"Mali","l":"Timissa","a":"Segou","f":12}},{"type":"Feature","geometry":{"type":"Point","coordinates":[1.228,14.516]},"properties":{"d":"2025-05-13","w":12,"t":"Violence against civilians","s":"Attack","c":"Niger","l":"Anzourou","a":"Tillaberi","f":12}},{"type":"Feature","geometry":{"type":"Point","coordinates":[-4.029,10.012]},"properties":{"d":"2025-05-13","w":12,"t":"Battles","s":"Armed clash","c":"Burkina Faso","l":"Dida Forest","a":"Cascades","f":12}},{"type":"Feature","geometry":{"type":"Point","coordinates":[-103.404,18.637]},"properties":{"d":"2025-05-17","w":12,"t":"Battles","s":"Armed clash","c":"Mexico","l":"Huitzontla","a":"Michoacan de Ocampo","f":12}},{"type":"Feature","geometry":{"type":"Point","coordinates":[13.217,32.8]},"properties":{"d":"2025-05-12","w":12,"t":"Battles","s":"Armed clash","c":"Libya","l":"Tripoli - Khallat Farjan","a":"West","f":11}},{"type":"Feature","geometry":{"type":"Point","coordinates":[32.465,15.635]},"properties":{"d":"2025-05-12","w":12,"t":"Battles","s":"Armed clash","c":"Sudan","l":"Omdurman - Unspecified","a":"Khartoum","f":11}},{"type":"Feature","geometry":{"type":"Point","coordinates":[94.181,22.127]},"properties":{"d":"2025-05-12","w":12,"t":"Battles","s":"Armed clash","c":"Myanmar","l":"Lel Ma","a":"Magway","f":11}},{"type":"Feature","geometry":{"type":"Point","coordinates":[6.712,13.055]},"properties":{"d":"2025-05-18","w":12,"t":"Explosions/Remote violence","s":"Air/drone strike","c":"Nigeria","l":"Tunfa","a":"Zamfara","f":10}},{"type":"Feature","geometry":{"type":"Point","coordinates":[8.757,9.637]},"properties":{"d":"2025-05-16","w":12,"t":"Violence against civilians","s":"Attack","c":"Nigeria","l":"Riyom","a":"Plateau","f":10}},{"type":"Feature","geometry":{"type":"Point","coordinates":[4.155,9.953]},"properties":{"d":"2025-05-14","w":12,"t":"Battles","s":"Armed clash","c":"Nigeria","l":"Kainji Lake National Park","a":"Niger","f":10}},{"type":"Feature","geometry":{"type":"Point","coordinates":[34.502,31.554]},"properties":{"d":"2025-05-16","w":12,"t":"Explosions/Remote violence","s":"Air/drone strike","c":"Palestine","l":"Beit Lahiya - Unspecified","a":"Gaza Strip","f":10}},{"type":"Feature","geometry":{"type":"Point","coordinates":[34.483,31.527]},"properties":{"d":"2025-05-16","w":12,"t":"Explosions/Remote violence","s":"Air/drone strike","c":"Palestine","l":"Jabalya","a":"Gaza Strip","f":10}},{"type":"Feature","geometry":{"type":"Point","coordinates":[64.288,26.035]},"properties":{"d":"2025-05-15","w":12,"t":"Explosions/Remote violence","s":"Remote explosive/landmine/IED","c":"Pakistan","l":"Kolwa","a":"Balochistan","f":10}},{"type":"Feature","geometry":{"type":"Point","coordinates":[94.153,23.875]},"properties":{"d":"2025-05-15","w":12,"t":"Violence against civilians","s":"Attack","c":"India","l":"New Samtal","a":"Manipur","f":10}},{"type":"Feature","geometry":{"type":"Point","coordinates":[25.356,13.626]},"properties":{"d":"2025-05-12","w":12,"t":"Battles","s":"Armed clash","c":"Sudan","l":"El Fasher","a":"North Darfur","f":10}},{"type":"Feature","geometry":{"type":"Point","coordinates":[25.356,13.626]},"properties":{"d":"2025-05-13","w":12,"t":"Battles","s":"Armed clash","c":"Sudan","l":"El Fasher","a":"North Darfur","f":10}},{"type":"Feature","geometry":{"type":"Point","coordinates":[32.387,15.648]},"properties":{"d":"2025-05-13","w":12,"t":"Explosions/Remote violence","s":"Air/drone strike","c":"Sudan","l":"Ombada","a":"Khartoum","f":10}},{"type":"Feature","geometry":{"type":"Point","coordinates":[29.995,12.592]},"properties":{"d":"2025-05-13","w":12,"t":"Battles","s":"Government regains territory","c":"Sudan","l":"Al Hamadi","a":"South Kordofan","f":10}},{"type":"Feature","geometry":{"type":"Point","coordinates":[29.729,11.014]},"properties":{"d":"2025-05-16","w":12,"t":"Explosions/Remote violence","s":"Shelling/artillery/missile attack","c":"Sudan","l":"Kadugli","a":"South Kordofan","f":10}},{"type":"Feature","geometry":{"type":"Point","coordinates":[26.6,18.184]},"properties":{"d":"2025-05-17","w":12,"t":"Battles","s":"Government regains territory","c":"Sudan","l":"Al Atrun","a":"North Darfur","f":10}},{"type":"Feature","geometry":{"type":"Point","coordinates":[29.8,12.512]},"properties":{"d":"2025-05-17","w":12,"t":"Explosions/Remote violence","s":"Air/drone strike","c":"Sudan","l":"Dibebad","a":"South Kordofan","f":10}},{"type":"Feature","geometry":{"type":"Point","coordinates":[36.967,11.945]},"properties":{"d":"2025-05-14","w":12,"t":"Battles","s":"Armed clash","c":"Ethiopia","l":"Ahicha Mangur","a":"Amhara","f":10}},{"type":"Feature","geometry":{"type":"Point","coordinates":[-101.548,17.651]},"properties":{"d":"2025-05-13","w":12,"t":"Battles","s":"Armed clash","c":"Mexico","l":"Zihuatanejo","a":"Guerrero","f":10}},{"type":"Feature","geometry":{"type":"Point","coordinates":[96.434,18.943]},"properties":{"d":"2025-05-18","w":12,"t":"Explosions/Remote violence","s":"Shelling/artillery/missile attack","c":"Myanmar","l":"Taungoo","a":"Bago-East","f":10}},{"type":"Feature","geometry":{"type":"Point","coordinates":[94.147,23.832]},"properties":{"d":"2025-05-14","w":12,"t":"Violence against civilians","s":"Attack","c":"Myanmar","l":"Kamma Gyi","a":"Sagaing","f":10}},{"type":"Feature","geometry":{"type":"Point","coordinates":[34.467,31.535]},"properties":{"d":"2025-05-18","w":12,"t":"Explosions/Remote violence","s":"Air/drone strike","c":"Palestine","l":"Gaza - Sheikh Radwan","a":"Gaza Strip","f":9}},{"type":"Feature","geometry":{"type":"Point","coordinates":[34.366,31.428]},"properties":{"d":"2025-05-18","w":12,"t":"Explosions/Remote violence","s":"Air/drone strike","c":"Palestine","l":"Az Zawayda","a":"Gaza Strip","f":9}},{"type":"Feature","geometry":{"type":"Point","coordinates":[37.489,48.364]},"properties":{"d":"2025-05-12","w":12,"t":"Battles","s":"Armed clash","c":"Ukraine","l":"Nova Poltavka","a":"Donetsk","f":9}},{"type":"Feature","geometry":{"type":"Point","coordinates":[36.941,50.291]},"properties":{"d":"2025-05-15","w":12,"t":"Explosions/Remote violence","s":"Shelling/artillery/missile attack","c":"Ukraine","l":"Vovchansk","a":"Kharkiv","f":9}},{"type":"Feature","geometry":{"type":"Point","coordinates":[34.301,51.148]},"properties":{"d":"2025-05-17","w":12,"t":"Explosions/Remote violence","s":"Air/drone strike","c":"Ukraine","l":"Bilopillia","a":"Sumy","f":9}},{"type":"Feature","geometry":{"type":"Point","coordinates":[37.677,48.362]},"properties":{"d":"2025-05-12","w":12,"t":"Battles","s":"Armed clash","c":"Ukraine","l":"Zorya","a":"Donetsk","f":9}},{"type":"Feature","geometry":{"type":"Point","coordinates":[33.743,14.821]},"properties":{"d":"2025-05-18","w":12,"t":"Explosions/Remote violence","s":"Air/drone strike","c":"Sudan","l":"Jabal Al Libtor","a":"Al Jazirah","f":9}},{"type":"Feature","geometry":{"type":"Point","coordinates":[98.18,17.163]},"properties":{"d":"2025-05-13","w":12,"t":"Battles","s":"Non-state actor overtakes territory","c":"Myanmar","l":"Tar Lel","a":"Kayin","f":9}},{"type":"Feature","geometry":{"type":"Point","coordinates":[11.278,9.361]},"properties":{"d":"2025-05-12","w":12,"t":"Violence against civilians","s":"Attack","c":"Nigeria","l":"Munga Dosso","a":"Taraba","f":8}},{"type":"Feature","geometry":{"type":"Point","coordinates":[34.483,31.527]},"properties":{"d":"2025-05-15","w":12,"t":"Explosions/Remote violence","s":"Air/drone strike","c":"Palestine","l":"Jabalya","a":"Gaza Strip","f":8}},{"type":"Feature","geometry":{"type":"Point","coordinates":[34.511,31.516]},"properties":{"d":"2025-05-16","w":12,"t":"Explosions/Remote violence","s":"Shelling/artillery/missile attack","c":"Palestine","l":"Ezbet Abed Rabbou","a":"Gaza Strip","f":8}},{"type":"Feature","geometry":{"type":"Point","coordinates":[34.505,31.551]},"properties":{"d":"2025-05-16","w":12,"t":"Explosions/Remote violence","s":"Air/drone strike","c":"Palestine","l":"Beit Lahiya - Hatabiyya","a":"Gaza Strip","f":8}},{"type":"Feature","geometry":{"type":"Point","coordinates":[37.27,48.296]},"properties":{"d":"2025-05-12","w":12,"t":"Battles","s":"Armed clash","c":"Ukraine","l":"Myrnohrad","a":"Donetsk","f":8}},{"type":"Feature","geometry":{"type":"Point","coordinates":[37.559,48.28]},"properties":{"d":"2025-05-12","w":12,"t":"Battles","s":"Armed clash","c":"Ukraine","l":"Novooleksandrivka","a":"Donetsk","f":8}},{"type":"Feature","geometry":{"type":"Point","coordinates":[36.965,48.199]},"properties":{"d":"2025-05-12","w":12,"t":"Battles","s":"Armed clash","c":"Ukraine","l":"Novoserhiivka","a":"Donetsk","f":8}},{"type":"Feature","geometry":{"type":"Point","coordinates":[36.948,48.017]},"properties":{"d":"2025-05-12","w":12,"t":"Battles","s":"Armed clash","c":"Ukraine","l":"Oleksiivka","a":"Donetsk","f":8}},{"type":"Feature","geometry":{"type":"Point","coordinates":[29.995,12.592]},"properties":{"d":"2025-05-14","w":12,"t":"Violence against civilians","s":"Attack","c":"Sudan","l":"Al Hamadi","a":"South Kordofan","f":8}},{"type":"Feature","geometry":{"type":"Point","coordinates":[46.657,3.424]},"properties":{"d":"2025-05-12","w":12,"t":"Battles","s":"Armed clash","c":"Somalia","l":"Caddaan Laxey","a":"Middle Shabelle","f":8}},{"type":"Feature","geometry":{"type":"Point","coordinates":[0.901,14.336]},"properties":{"d":"2025-05-13","w":12,"t":"Violence against civilians","s":"Attack","c":"Niger","l":"Fambita","a":"Tillaberi","f":8}},{"type":"Feature","geometry":{"type":"Point","coordinates":[95.694,18.523]},"properties":{"d":"2025-05-14","w":12,"t":"Battles","s":"Armed clash","c":"Myanmar","l":"Htan Taw","a":"Bago-West","f":8}},{"type":"Feature","geometry":{"type":"Point","coordinates":[95.388,21.46]},"properties":{"d":"2025-05-15","w":12,"t":"Battles","s":"Armed clash","c":"Myanmar","l":"Myingyan","a":"Mandalay","f":8}},{"type":"Feature","geometry":{"type":"Point","coordinates":[13.63,10.886]},"properties":{"d":"2025-05-14","w":12,"t":"Battles","s":"Armed clash","c":"Nigeria","l":"Madagali","a":"Adamawa","f":7}},{"type":"Feature","geometry":{"type":"Point","coordinates":[7.694,11.977]},"properties":{"d":"2025-05-12","w":12,"t":"Violence against civilians","s":"Attack","c":"Nigeria","l":"Dayi","a":"Katsina","f":7}},{"type":"Feature","geometry":{"type":"Point","coordinates":[3.674,10.276]},"properties":{"d":"2025-05-12","w":12,"t":"Battles","s":"Armed clash","c":"Nigeria","l":"Dekala","a":"Niger","f":7}},{"type":"Feature","geometry":{"type":"Point","coordinates":[34.34,31.319]},"properties":{"d":"2025-05-15","w":12,"t":"Explosions/Remote violence","s":"Air/drone strike","c":"Palestine","l":"Abasan al Kabirah","a":"Gaza Strip","f":7}},{"type":"Feature","geometry":{"type":"Point","coordinates":[34.325,31.342]},"properties":{"d":"2025-05-16","w":12,"t":"Explosions/Remote violence","s":"Air/drone strike","c":"Palestine","l":"Bani Suheila","a":"Gaza Strip","f":7}},{"type":"Feature","geometry":{"type":"Point","coordinates":[34.481,31.556]},"properties":{"d":"2025-05-16","w":12,"t":"Explosions/Remote violence","s":"Air/drone strike","c":"Palestine","l":"Beit Lahiya - Al Salateen","a":"Gaza Strip","f":7}},{"type":"Feature","geometry":{"type":"Point","coordinates":[32.618,46.656]},"properties":{"d":"2025-05-20","w":13,"t":"Battles","s":"Armed clash","c":"Ukraine","l":"Kherson","a":"Kherson","f":94}},{"type":"Feature","geometry":{"type":"Point","coordinates":[32.618,46.656]},"properties":{"d":"2025-05-19","w":13,"t":"Battles","s":"Armed clash","c":"Ukraine","l":"Kherson","a":"Kherson","f":87}},{"type":"Feature","geometry":{"type":"Point","coordinates":[32.618,46.656]},"properties":{"d":"2025-05-23","w":13,"t":"Battles","s":"Armed clash","c":"Ukraine","l":"Kherson","a":"Kherson","f":64}},{"type":"Feature","geometry":{"type":"Point","coordinates":[32.618,46.656]},"properties":{"d":"2025-05-21","w":13,"t":"Battles","s":"Armed clash","c":"Ukraine","l":"Kherson","a":"Kherson","f":63}},{"type":"Feature","geometry":{"type":"Point","coordinates":[32.618,46.656]},"properties":{"d":"2025-05-22","w":13,"t":"Battles","s":"Armed clash","c":"Ukraine","l":"Kherson","a":"Kherson","f":59}},{"type":"Feature","geometry":{"type":"Point","coordinates":[4.502,15.72]},"properties":{"d":"2025-05-25","w":13,"t":"Battles","s":"Armed clash","c":"Niger","l":"Eknewane","a":"Tahoua","f":58}},{"type":"Feature","geometry":{"type":"Point","coordinates":[46.134,4.062]},"properties":{"d":"2025-05-20","w":13,"t":"Battles","s":"Armed clash","c":"Somalia","l":"Moqokori","a":"Hiraan","f":52}},{"type":"Feature","geometry":{"type":"Point","coordinates":[44.256,15.443]},"properties":{"d":"2025-05-22","w":13,"t":"Explosions/Remote violence","s":"Remote explosive/landmine/IED","c":"Yemen","l":"Khashm Al Baqra","a":"Sanaa","f":50}},{"type":"Feature","geometry":{"type":"Point","coordinates":[32.618,46.656]},"properties":{"d":"2025-05-21","w":13,"t":"Battles","s":"Armed clash","c":"Ukraine","l":"Kherson","a":"Kherson","f":48}},{"type":"Feature","geometry":{"type":"Point","coordinates":[41.825,-0.356]},"properties":{"d":"2025-05-21","w":13,"t":"Battles","s":"Armed clash","c":"Somalia","l":"Barjala","a":"Lower Juba","f":48}},{"type":"Feature","geometry":{"type":"Point","coordinates":[12.76,11.15]},"properties":{"d":"2025-05-23","w":13,"t":"Battles","s":"Armed clash","c":"Nigeria","l":"Damboa","a":"Borno","f":46}},{"type":"Feature","geometry":{"type":"Point","coordinates":[45.038,2.131]},"properties":{"d":"2025-05-20","w":13,"t":"Battles","s":"Armed clash","c":"Somalia","l":"Saabid","a":"Lower Shabelle","f":46}},{"type":"Feature","geometry":{"type":"Point","coordinates":[32.618,46.656]},"properties":{"d":"2025-05-23","w":13,"t":"Battles","s":"Armed clash","c":"Ukraine","l":"Kherson","a":"Kherson","f":44}},{"type":"Feature","geometry":{"type":"Point","coordinates":[32.618,46.656]},"properties":{"d":"2025-05-22","w":13,"t":"Battles","s":"Armed clash","c":"Ukraine","l":"Kherson","a":"Kherson","f":41}},{"type":"Feature","geometry":{"type":"Point","coordinates":[-5.255,14.825]},"properties":{"d":"2025-05-23","w":13,"t":"Battles","s":"Armed clash","c":"Mali","l":"Dioura","a":"Mopti","f":40}},{"type":"Feature","geometry":{"type":"Point","coordinates":[32.618,46.656]},"properties":{"d":"2025-05-20","w":13,"t":"Battles","s":"Armed clash","c":"Ukraine","l":"Kherson","a":"Kherson","f":39}},{"type":"Feature","geometry":{"type":"Point","coordinates":[-0.459,14.041]},"properties":{"d":"2025-05-21","w":13,"t":"Violence against civilians","s":"Attack","c":"Burkina Faso","l":"Tonga","a":"Sahel","f":34}},{"type":"Feature","geometry":{"type":"Point","coordinates":[32.618,46.656]},"properties":{"d":"2025-05-19","w":13,"t":"Battles","s":"Armed clash","c":"Ukraine","l":"Kherson","a":"Kherson","f":33}},{"type":"Feature","geometry":{"type":"Point","coordinates":[-0.312,14.021]},"properties":{"d":"2025-05-21","w":13,"t":"Violence against civilians","s":"Attack","c":"Burkina Faso","l":"Nobiol","a":"Sahel","f":33}},{"type":"Feature","geometry":{"type":"Point","coordinates":[-0.316,13.991]},"properties":{"d":"2025-05-21","w":13,"t":"Violence against civilians","s":"Attack","c":"Burkina Faso","l":"Tafakou","a":"Sahel","f":33}},{"type":"Feature","geometry":{"type":"Point","coordinates":[81.244,19.718]},"properties":{"d":"2025-05-21","w":13,"t":"Battles","s":"Armed clash","c":"India","l":"Narayanpur","a":"Chhattisgarh","f":29}},{"type":"Feature","geometry":{"type":"Point","coordinates":[42.767,0.483]},"properties":{"d":"2025-05-20","w":13,"t":"Explosions/Remote violence","s":"Air/drone strike","c":"Somalia","l":"Jilib","a":"Middle Juba","f":29}},{"type":"Feature","geometry":{"type":"Point","coordinates":[34.483,31.527]},"properties":{"d":"2025-05-22","w":13,"t":"Explosions/Remote violence","s":"Air/drone strike","c":"Palestine","l":"Jabalya","a":"Gaza Strip","f":27}},{"type":"Feature","geometry":{"type":"Point","coordinates":[37.265,48.225]},"properties":{"d":"2025-05-23","w":13,"t":"Battles","s":"Armed clash","c":"Ukraine","l":"Lysivka","a":"Donetsk","f":24}},{"type":"Feature","geometry":{"type":"Point","coordinates":[37.38,48.299]},"properties":{"d":"2025-05-23","w":13,"t":"Battles","s":"Armed clash","c":"Ukraine","l":"Myroliubivka","a":"Donetsk","f":24}},{"type":"Feature","geometry":{"type":"Point","coordinates":[37.407,48.372]},"properties":{"d":"2025-05-23","w":13,"t":"Battles","s":"Armed clash","c":"Ukraine","l":"Shevchenko Pershe","a":"Donetsk","f":24}},{"type":"Feature","geometry":{"type":"Point","coordinates":[36.991,48.24]},"properties":{"d":"2025-05-23","w":13,"t":"Battles","s":"Armed clash","c":"Ukraine","l":"Udachne","a":"Donetsk","f":24}},{"type":"Feature","geometry":{"type":"Point","coordinates":[37.449,48.303]},"properties":{"d":"2025-05-23","w":13,"t":"Battles","s":"Armed clash","c":"Ukraine","l":"Yelyzavetivka","a":"Donetsk","f":24}},{"type":"Feature","geometry":{"type":"Point","coordinates":[37.429,48.336]},"properties":{"d":"2025-05-23","w":13,"t":"Battles","s":"Armed clash","c":"Ukraine","l":"Malynivka","a":"Donetsk","f":24}},{"type":"Feature","geometry":{"type":"Point","coordinates":[36.925,48.187]},"properties":{"d":"2025-05-23","w":13,"t":"Battles","s":"Armed clash","c":"Ukraine","l":"Novomykolaivka","a":"Donetsk","f":24}},{"type":"Feature","geometry":{"type":"Point","coordinates":[97.326,19.12]},"properties":{"d":"2025-05-22","w":13,"t":"Battles","s":"Armed clash","c":"Myanmar","l":"Yae Ni Pauk","a":"Kayah","f":24}},{"type":"Feature","geometry":{"type":"Point","coordinates":[37.057,48.022]},"properties":{"d":"2025-05-23","w":13,"t":"Battles","s":"Armed clash","c":"Ukraine","l":"Andriivka","a":"Donetsk","f":23}},{"type":"Feature","geometry":{"type":"Point","coordinates":[36.934,48.141]},"properties":{"d":"2025-05-23","w":13,"t":"Battles","s":"Armed clash","c":"Ukraine","l":"Kotliarivka","a":"Donetsk","f":23}},{"type":"Feature","geometry":{"type":"Point","coordinates":[36.94,48.105]},"properties":{"d":"2025-05-23","w":13,"t":"Battles","s":"Armed clash","c":"Ukraine","l":"Troitske","a":"Donetsk","f":23}},{"type":"Feature","geometry":{"type":"Point","coordinates":[7.215,11.759]},"properties":{"d":"2025-05-23","w":13,"t":"Battles","s":"Armed clash","c":"Nigeria","l":"Ruwan Godiya","a":"Katsina","f":21}},{"type":"Feature","geometry":{"type":"Point","coordinates":[11.278,9.361]},"properties":{"d":"2025-05-24","w":13,"t":"Violence against civilians","s":"Attack","c":"Nigeria","l":"Munga Dosso","a":"Taraba","f":21}},{"type":"Feature","geometry":{"type":"Point","coordinates":[11.249,9.396]},"properties":{"d":"2025-05-24","w":13,"t":"Violence against civilians","s":"Attack","c":"Nigeria","l":"Munga","a":"Taraba","f":21}},{"type":"Feature","geometry":{"type":"Point","coordinates":[34.483,31.527]},"properties":{"d":"2025-05-21","w":13,"t":"Explosions/Remote violence","s":"Air/drone strike","c":"Palestine","l":"Jabalya","a":"Gaza Strip","f":21}},{"type":"Feature","geometry":{"type":"Point","coordinates":[0.14,11.501]},"properties":{"d":"2025-05-21","w":13,"t":"Battles","s":"Armed clash","c":"Burkina Faso","l":"Yonde","a":"Centre-Est","f":20}},{"type":"Feature","geometry":{"type":"Point","coordinates":[0.242,11.214]},"properties":{"d":"2025-05-20","w":13,"t":"Battles","s":"Armed clash","c":"Burkina Faso","l":"Bagmoussa","a":"Centre-Est","f":19}},{"type":"Feature","geometry":{"type":"Point","coordinates":[36.436,9.389]},"properties":{"d":"2025-05-21","w":13,"t":"Violence against civilians","s":"Attack","c":"Ethiopia","l":"Anger Meti","a":"Benshangul/Gumuz","f":18}},{"type":"Feature","geometry":{"type":"Point","coordinates":[97.234,24.253]},"properties":{"d":"2025-05-20","w":13,"t":"Battles","s":"Armed clash","c":"Myanmar","l":"Bhamo","a":"Kachin","f":18}},{"type":"Feature","geometry":{"type":"Point","coordinates":[12.889,10.4]},"properties":{"d":"2025-05-19","w":13,"t":"Violence against civilians","s":"Attack","c":"Nigeria","l":"Garaha","a":"Adamawa","f":16}},{"type":"Feature","geometry":{"type":"Point","coordinates":[12.889,10.4]},"properties":{"d":"2025-05-19","w":13,"t":"Violence against civilians","s":"Attack","c":"Nigeria","l":"Garaha","a":"Adamawa","f":16}},{"type":"Feature","geometry":{"type":"Point","coordinates":[34.376,31.453]},"properties":{"d":"2025-05-20","w":13,"t":"Explosions/Remote violence","s":"Air/drone strike","c":"Palestine","l":"An Nusayrat - West","a":"Gaza Strip","f":15}},{"type":"Feature","geometry":{"type":"Point","coordinates":[34.337,31.401]},"properties":{"d":"2025-05-22","w":13,"t":"Explosions/Remote violence","s":"Air/drone strike","c":"Palestine","l":"Wadi as Salqa","a":"Gaza Strip","f":15}},{"type":"Feature","geometry":{"type":"Point","coordinates":[34.502,31.554]},"properties":{"d":"2025-05-25","w":13,"t":"Explosions/Remote violence","s":"Air/drone strike","c":"Palestine","l":"Beit Lahiya - Unspecified","a":"Gaza Strip","f":15}},{"type":"Feature","geometry":{"type":"Point","coordinates":[32.153,14.764]},"properties":{"d":"2025-05-19","w":13,"t":"Battles","s":"Government regains territory","c":"Sudan","l":"Al Alaga","a":"White Nile","f":15}},{"type":"Feature","geometry":{"type":"Point","coordinates":[34.464,31.517]},"properties":{"d":"2025-05-20","w":13,"t":"Explosions/Remote violence","s":"Air/drone strike","c":"Palestine","l":"Gaza - Ad Darraj","a":"Gaza Strip","f":14}},{"type":"Feature","geometry":{"type":"Point","coordinates":[34.346,31.342]},"properties":{"d":"2025-05-23","w":13,"t":"Explosions/Remote violence","s":"Air/drone strike","c":"Palestine","l":"Abasan al Jadidah","a":"Gaza Strip","f":14}},{"type":"Feature","geometry":{"type":"Point","coordinates":[34.34,31.319]},"properties":{"d":"2025-05-21","w":13,"t":"Explosions/Remote violence","s":"Air/drone strike","c":"Palestine","l":"Abasan al Kabirah","a":"Gaza Strip","f":14}},{"type":"Feature","geometry":{"type":"Point","coordinates":[97.326,19.12]},"properties":{"d":"2025-05-25","w":13,"t":"Battles","s":"Armed clash","c":"Myanmar","l":"Yae Ni Pauk","a":"Kayah","f":14}},{"type":"Feature","geometry":{"type":"Point","coordinates":[34.34,31.425]},"properties":{"d":"2025-05-20","w":13,"t":"Explosions/Remote violence","s":"Air/drone strike","c":"Palestine","l":"Deir al Balah Camp","a":"Gaza Strip","f":13}},{"type":"Feature","geometry":{"type":"Point","coordinates":[8.179,7.508]},"properties":{"d":"2025-05-25","w":13,"t":"Violence against civilians","s":"Attack","c":"Nigeria","l":"Ahondana","a":"Benue","f":12}},{"type":"Feature","geometry":{"type":"Point","coordinates":[4.231,10.607]},"properties":{"d":"2025-05-20","w":13,"t":"Battles","s":"Armed clash","c":"Nigeria","l":"Pissa","a":"Niger","f":12}},{"type":"Feature","geometry":{"type":"Point","coordinates":[34.491,31.536]},"properties":{"d":"2025-05-25","w":13,"t":"Explosions/Remote violence","s":"Air/drone strike","c":"Palestine","l":"Jabalya Camp","a":"Gaza Strip","f":12}},{"type":"Feature","geometry":{"type":"Point","coordinates":[34.276,31.323]},"properties":{"d":"2025-05-25","w":13,"t":"Explosions/Remote violence","s":"Air/drone strike","c":"Palestine","l":"Qizan an Najjar","a":"Gaza Strip","f":12}},{"type":"Feature","geometry":{"type":"Point","coordinates":[34.474,31.505]},"properties":{"d":"2025-05-25","w":13,"t":"Explosions/Remote violence","s":"Air/drone strike","c":"Palestine","l":"Gaza - Unspecified","a":"Gaza Strip","f":12}},{"type":"Feature","geometry":{"type":"Point","coordinates":[37.66,48.423]},"properties":{"d":"2025-05-20","w":13,"t":"Battles","s":"Armed clash","c":"Ukraine","l":"Yablunivka","a":"Donetsk","f":12}},{"type":"Feature","geometry":{"type":"Point","coordinates":[96.742,18.149]},"properties":{"d":"2025-05-25","w":13,"t":"Explosions/Remote violence","s":"Air/drone strike","c":"Myanmar","l":"Kyun Gyi","a":"Bago-East","f":12}},{"type":"Feature","geometry":{"type":"Point","coordinates":[7.495,9.075]},"properties":{"d":"2025-05-23","w":13,"t":"Violence against civilians","s":"Attack","c":"Nigeria","l":"Karshi","a":"Federal Capital Territory","f":11}},{"type":"Feature","geometry":{"type":"Point","coordinates":[34.35,31.418]},"properties":{"d":"2025-05-23","w":13,"t":"Explosions/Remote violence","s":"Air/drone strike","c":"Palestine","l":"Deir al Balah","a":"Gaza Strip","f":11}},{"type":"Feature","geometry":{"type":"Point","coordinates":[34.35,31.418]},"properties":{"d":"2025-05-23","w":13,"t":"Violence against civilians","s":"Attack","c":"Palestine","l":"Deir al Balah","a":"Gaza Strip","f":11}},{"type":"Feature","geometry":{"type":"Point","coordinates":[37.057,48.022]},"properties":{"d":"2025-05-20","w":13,"t":"Battles","s":"Armed clash","c":"Ukraine","l":"Andriivka","a":"Donetsk","f":11}},{"type":"Feature","geometry":{"type":"Point","coordinates":[36.934,48.141]},"properties":{"d":"2025-05-20","w":13,"t":"Battles","s":"Armed clash","c":"Ukraine","l":"Kotliarivka","a":"Donetsk","f":11}},{"type":"Feature","geometry":{"type":"Point","coordinates":[37.265,48.225]},"properties":{"d":"2025-05-20","w":13,"t":"Battles","s":"Armed clash","c":"Ukraine","l":"Lysivka","a":"Donetsk","f":11}},{"type":"Feature","geometry":{"type":"Point","coordinates":[37.38,48.299]},"properties":{"d":"2025-05-20","w":13,"t":"Battles","s":"Armed clash","c":"Ukraine","l":"Myroliubivka","a":"Donetsk","f":11}},{"type":"Feature","geometry":{"type":"Point","coordinates":[37.539,48.396]},"properties":{"d":"2025-05-20","w":13,"t":"Battles","s":"Armed clash","c":"Ukraine","l":"Novoolenivka","a":"Donetsk","f":11}},{"type":"Feature","geometry":{"type":"Point","coordinates":[36.965,48.199]},"properties":{"d":"2025-05-20","w":13,"t":"Battles","s":"Armed clash","c":"Ukraine","l":"Novoserhiivka","a":"Donetsk","f":11}},{"type":"Feature","geometry":{"type":"Point","coordinates":[37.318,48.269]},"properties":{"d":"2025-05-20","w":13,"t":"Battles","s":"Armed clash","c":"Ukraine","l":"Promin","a":"Donetsk","f":11}},{"type":"Feature","geometry":{"type":"Point","coordinates":[37.407,48.372]},"properties":{"d":"2025-05-20","w":13,"t":"Battles","s":"Armed clash","c":"Ukraine","l":"Shevchenko Pershe","a":"Donetsk","f":11}},{"type":"Feature","geometry":{"type":"Point","coordinates":[36.94,48.105]},"properties":{"d":"2025-05-20","w":13,"t":"Battles","s":"Armed clash","c":"Ukraine","l":"Troitske","a":"Donetsk","f":11}},{"type":"Feature","geometry":{"type":"Point","coordinates":[36.991,48.24]},"properties":{"d":"2025-05-20","w":13,"t":"Battles","s":"Armed clash","c":"Ukraine","l":"Udachne","a":"Donetsk","f":11}},{"type":"Feature","geometry":{"type":"Point","coordinates":[37.126,48.25]},"properties":{"d":"2025-05-20","w":13,"t":"Battles","s":"Armed clash","c":"Ukraine","l":"Zvirove","a":"Donetsk","f":11}},{"type":"Feature","geometry":{"type":"Point","coordinates":[37.429,48.336]},"properties":{"d":"2025-05-20","w":13,"t":"Battles","s":"Armed clash","c":"Ukraine","l":"Malynivka","a":"Donetsk","f":11}},{"type":"Feature","geometry":{"type":"Point","coordinates":[31.886,15.175]},"properties":{"d":"2025-05-21","w":13,"t":"Violence against civilians","s":"Attack","c":"Sudan","l":"Um Indiraba","a":"North Kordofan","f":11}},{"type":"Feature","geometry":{"type":"Point","coordinates":[29.8,12.512]},"properties":{"d":"2025-05-23","w":13,"t":"Battles","s":"Government regains territory","c":"Sudan","l":"Dibebad","a":"South Kordofan","f":11}},{"type":"Feature","geometry":{"type":"Point","coordinates":[29.018,-1.109]},"properties":{"d":"2025-05-23","w":13,"t":"Battles","s":"Armed clash","c":"Democratic Republic of Congo","l":"Mbuhi","a":"Nord-Kivu","f":11}},{"type":"Feature","geometry":{"type":"Point","coordinates":[44.033,13.582]},"properties":{"d":"2025-05-25","w":13,"t":"Battles","s":"Armed clash","c":"Yemen","l":"Taizz - Republican Palace","a":"Taizz","f":10}},{"type":"Feature","geometry":{"type":"Point","coordinates":[7.021,9.938]},"properties":{"d":"2025-05-25","w":13,"t":"Violence against civilians","s":"Attack","c":"Nigeria","l":"Kuchi","a":"Niger","f":10}},{"type":"Feature","geometry":{"type":"Point","coordinates":[34.483,31.527]},"properties":{"d":"2025-05-25","w":13,"t":"Explosions/Remote violence","s":"Air/drone strike","c":"Palestine","l":"Jabalya","a":"Gaza Strip","f":10}},{"type":"Feature","geometry":{"type":"Point","coordinates":[34.474,31.505]},"properties":{"d":"2025-05-20","w":13,"t":"Violence against civilians","s":"Attack","c":"Palestine","l":"Gaza - Unspecified","a":"Gaza Strip","f":10}},{"type":"Feature","geometry":{"type":"Point","coordinates":[66.643,27.738]},"properties":{"d":"2025-05-21","w":13,"t":"Explosions/Remote violence","s":"Suicide bomb","c":"Pakistan","l":"Khuzdar","a":"Balochistan","f":10}},{"type":"Feature","geometry":{"type":"Point","coordinates":[29.7,11.468]},"properties":{"d":"2025-05-21","w":13,"t":"Battles","s":"Armed clash","c":"Sudan","l":"Kega","a":"South Kordofan","f":10}},{"type":"Feature","geometry":{"type":"Point","coordinates":[28.423,12.694]},"properties":{"d":"2025-05-21","w":13,"t":"Explosions/Remote violence","s":"Air/drone strike","c":"Sudan","l":"An Nahud","a":"West Kordofan","f":10}},{"type":"Feature","geometry":{"type":"Point","coordinates":[29.8,12.512]},"properties":{"d":"2025-05-25","w":13,"t":"Explosions/Remote violence","s":"Shelling/artillery/missile attack","c":"Sudan","l":"Dibebad","a":"South Kordofan","f":10}},{"type":"Feature","geometry":{"type":"Point","coordinates":[36.997,10.809]},"properties":{"d":"2025-05-24","w":13,"t":"Battles","s":"Armed clash","c":"Ethiopia","l":"Wonjela","a":"Amhara","f":10}},{"type":"Feature","geometry":{"type":"Point","coordinates":[37.021,10.855]},"properties":{"d":"2025-05-20","w":13,"t":"Battles","s":"Armed clash","c":"Ethiopia","l":"Tilili","a":"Amhara","f":10}},{"type":"Feature","geometry":{"type":"Point","coordinates":[-2.422,13.583]},"properties":{"d":"2025-05-22","w":13,"t":"Battles","s":"Armed clash","c":"Burkina Faso","l":"Ouahigouya","a":"Nord","f":10}},{"type":"Feature","geometry":{"type":"Point","coordinates":[96.434,18.943]},"properties":{"d":"2025-05-19","w":13,"t":"Battles","s":"Armed clash","c":"Myanmar","l":"Taungoo","a":"Bago-East","f":10}},{"type":"Feature","geometry":{"type":"Point","coordinates":[95.706,17.979]},"properties":{"d":"2025-05-22","w":13,"t":"Battles","s":"Armed clash","c":"Myanmar","l":"Minhla","a":"Bago-West","f":10}},{"type":"Feature","geometry":{"type":"Point","coordinates":[97.881,25.399]},"properties":{"d":"2025-05-23","w":13,"t":"Battles","s":"Armed clash","c":"Myanmar","l":"Lu Man (Li Suu)","a":"Kachin","f":10}},{"type":"Feature","geometry":{"type":"Point","coordinates":[96.724,18.303]},"properties":{"d":"2025-05-19","w":13,"t":"Battles","s":"Armed clash","c":"Myanmar","l":"Taung Su","a":"Bago-East","f":10}},{"type":"Feature","geometry":{"type":"Point","coordinates":[34.276,31.323]},"properties":{"d":"2025-05-23","w":13,"t":"Explosions/Remote violence","s":"Air/drone strike","c":"Palestine","l":"Qizan an Najjar","a":"Gaza Strip","f":9}},{"type":"Feature","geometry":{"type":"Point","coordinates":[34.491,31.536]},"properties":{"d":"2025-05-20","w":13,"t":"Explosions/Remote violence","s":"Air/drone strike","c":"Palestine","l":"Jabalya Camp","a":"Gaza Strip","f":9}},{"type":"Feature","geometry":{"type":"Point","coordinates":[34.464,31.517]},"properties":{"d":"2025-05-21","w":13,"t":"Explosions/Remote violence","s":"Air/drone strike","c":"Palestine","l":"Gaza - Ad Darraj","a":"Gaza Strip","f":9}},{"type":"Feature","geometry":{"type":"Point","coordinates":[34.276,31.323]},"properties":{"d":"2025-05-24","w":13,"t":"Explosions/Remote violence","s":"Air/drone strike","c":"Palestine","l":"Qizan an Najjar","a":"Gaza Strip","f":9}},{"type":"Feature","geometry":{"type":"Point","coordinates":[31.886,15.175]},"properties":{"d":"2025-05-22","w":13,"t":"Violence against civilians","s":"Attack","c":"Sudan","l":"Um Indiraba","a":"North Kordofan","f":9}},{"type":"Feature","geometry":{"type":"Point","coordinates":[34.475,31.513]},"properties":{"d":"2025-05-24","w":13,"t":"Explosions/Remote violence","s":"Air/drone strike","c":"Palestine","l":"Gaza - At Tuffah","a":"Gaza Strip","f":8}},{"type":"Feature","geometry":{"type":"Point","coordinates":[36.934,48.141]},"properties":{"d":"2025-05-25","w":13,"t":"Battles","s":"Armed clash","c":"Ukraine","l":"Kotliarivka","a":"Donetsk","f":8}},{"type":"Feature","geometry":{"type":"Point","coordinates":[37.265,48.225]},"properties":{"d":"2025-05-25","w":13,"t":"Battles","s":"Armed clash","c":"Ukraine","l":"Lysivka","a":"Donetsk","f":8}},{"type":"Feature","geometry":{"type":"Point","coordinates":[36.94,48.105]},"properties":{"d":"2025-05-25","w":13,"t":"Battles","s":"Armed clash","c":"Ukraine","l":"Troitske","a":"Donetsk","f":8}},{"type":"Feature","geometry":{"type":"Point","coordinates":[37.449,48.303]},"properties":{"d":"2025-05-25","w":13,"t":"Battles","s":"Armed clash","c":"Ukraine","l":"Yelyzavetivka","a":"Donetsk","f":8}},{"type":"Feature","geometry":{"type":"Point","coordinates":[37.067,10.7]},"properties":{"d":"2025-05-21","w":13,"t":"Battles","s":"Armed clash","c":"Ethiopia","l":"Bure","a":"Amhara","f":8}},{"type":"Feature","geometry":{"type":"Point","coordinates":[12.61,13.32]},"properties":{"d":"2025-05-23","w":13,"t":"Battles","s":"Armed clash","c":"Niger","l":"Diffa","a":"Diffa","f":8}},{"type":"Feature","geometry":{"type":"Point","coordinates":[94.301,22.955]},"properties":{"d":"2025-05-23","w":13,"t":"Explosions/Remote violence","s":"Air/drone strike","c":"Myanmar","l":"Min Su","a":"Sagaing","f":8}},{"type":"Feature","geometry":{"type":"Point","coordinates":[94.308,22.949]},"properties":{"d":"2025-05-23","w":13,"t":"Explosions/Remote violence","s":"Air/drone strike","c":"Myanmar","l":"Thar Si","a":"Sagaing","f":8}},{"type":"Feature","geometry":{"type":"Point","coordinates":[95.859,18.165]},"properties":{"d":"2025-05-25","w":13,"t":"Battles","s":"Armed clash","c":"Myanmar","l":"Htan Pin Kone","a":"Bago-West","f":8}},{"type":"Feature","geometry":{"type":"Point","coordinates":[34.333,31.295]},"properties":{"d":"2025-05-19","w":13,"t":"Explosions/Remote violence","s":"Air/drone strike","c":"Palestine","l":"Al Fukhari","a":"Gaza Strip","f":7}},{"type":"Feature","geometry":{"type":"Point","coordinates":[34.35,31.418]},"properties":{"d":"2025-05-21","w":13,"t":"Explosions/Remote violence","s":"Air/drone strike","c":"Palestine","l":"Deir al Balah","a":"Gaza Strip","f":7}},{"type":"Feature","geometry":{"type":"Point","coordinates":[34.23,31.329]},"properties":{"d":"2025-05-19","w":13,"t":"Explosions/Remote violence","s":"Air/drone strike","c":"Palestine","l":"Al Mawasi (Rafah)","a":"Gaza Strip","f":7}},{"type":"Feature","geometry":{"type":"Point","coordinates":[32.618,46.656]},"properties":{"d":"2025-05-29","w":14,"t":"Battles","s":"Armed clash","c":"Ukraine","l":"Kherson","a":"Kherson","f":126}},{"type":"Feature","geometry":{"type":"Point","coordinates":[-1.302,14.798]},"properties":{"d":"2025-06-01","w":14,"t":"Battles","s":"Armed clash","c":"Mali","l":"Boulkessi","a":"Mopti","f":100}},{"type":"Feature","geometry":{"type":"Point","coordinates":[32.618,46.656]},"properties":{"d":"2025-05-26","w":14,"t":"Battles","s":"Armed clash","c":"Ukraine","l":"Kherson","a":"Kherson","f":87}},{"type":"Feature","geometry":{"type":"Point","coordinates":[29.8,12.512]},"properties":{"d":"2025-05-29","w":14,"t":"Battles","s":"Non-state actor overtakes territory","c":"Sudan","l":"Dibebad","a":"South Kordofan","f":80}},{"type":"Feature","geometry":{"type":"Point","coordinates":[13.436,11.165]},"properties":{"d":"2025-05-30","w":14,"t":"Battles","s":"Armed clash","c":"Nigeria","l":"Bitta","a":"Borno","f":60}},{"type":"Feature","geometry":{"type":"Point","coordinates":[32.618,46.656]},"properties":{"d":"2025-05-30","w":14,"t":"Battles","s":"Armed clash","c":"Ukraine","l":"Kherson","a":"Kherson","f":55}},{"type":"Feature","geometry":{"type":"Point","coordinates":[32.618,46.656]},"properties":{"d":"2025-05-30","w":14,"t":"Battles","s":"Armed clash","c":"Ukraine","l":"Kherson","a":"Kherson","f":55}},{"type":"Feature","geometry":{"type":"Point","coordinates":[34.23,31.329]},"properties":{"d":"2025-06-01","w":14,"t":"Violence against civilians","s":"Attack","c":"Palestine","l":"Al Mawasi (Rafah)","a":"Gaza Strip","f":49}},{"type":"Feature","geometry":{"type":"Point","coordinates":[32.618,46.656]},"properties":{"d":"2025-05-29","w":14,"t":"Battles","s":"Armed clash","c":"Ukraine","l":"Kherson","a":"Kherson","f":49}},{"type":"Feature","geometry":{"type":"Point","coordinates":[-2.417,13.848]},"properties":{"d":"2025-06-01","w":14,"t":"Battles","s":"Armed clash","c":"Burkina Faso","l":"Koumbri","a":"Nord","f":45}},{"type":"Feature","geometry":{"type":"Point","coordinates":[32.618,46.656]},"properties":{"d":"2025-05-28","w":14,"t":"Battles","s":"Armed clash","c":"Ukraine","l":"Kherson","a":"Kherson","f":43}},{"type":"Feature","geometry":{"type":"Point","coordinates":[2.545,12.512]},"properties":{"d":"2025-05-26","w":14,"t":"Battles","s":"Armed clash","c":"Niger","l":"Ile du Lamantin","a":"Tillaberi","f":42}},{"type":"Feature","geometry":{"type":"Point","coordinates":[32.618,46.656]},"properties":{"d":"2025-05-28","w":14,"t":"Battles","s":"Armed clash","c":"Ukraine","l":"Kherson","a":"Kherson","f":41}},{"type":"Feature","geometry":{"type":"Point","coordinates":[32.618,46.656]},"properties":{"d":"2025-05-26","w":14,"t":"Battles","s":"Armed clash","c":"Ukraine","l":"Kherson","a":"Kherson","f":40}},{"type":"Feature","geometry":{"type":"Point","coordinates":[34.464,31.517]},"properties":{"d":"2025-05-26","w":14,"t":"Explosions/Remote violence","s":"Air/drone strike","c":"Palestine","l":"Gaza - Ad Darraj","a":"Gaza Strip","f":36}},{"type":"Feature","geometry":{"type":"Point","coordinates":[98.663,16.324]},"properties":{"d":"2025-05-28","w":14,"t":"Battles","s":"Armed clash","c":"Myanmar","l":"Son See Myaing","a":"Kayin","f":30}},{"type":"Feature","geometry":{"type":"Point","coordinates":[34.403,31.439]},"properties":{"d":"2025-05-29","w":14,"t":"Explosions/Remote violence","s":"Air/drone strike","c":"Palestine","l":"Al Burayj","a":"Gaza Strip","f":27}},{"type":"Feature","geometry":{"type":"Point","coordinates":[7.021,9.938]},"properties":{"d":"2025-05-28","w":14,"t":"Battles","s":"Armed clash","c":"Nigeria","l":"Kuchi","a":"Niger","f":25}},{"type":"Feature","geometry":{"type":"Point","coordinates":[7.165,9.829]},"properties":{"d":"2025-05-28","w":14,"t":"Battles","s":"Armed clash","c":"Nigeria","l":"Kabula","a":"Niger","f":25}},{"type":"Feature","geometry":{"type":"Point","coordinates":[43.804,1.25]},"properties":{"d":"2025-05-30","w":14,"t":"Explosions/Remote violence","s":"Air/drone strike","c":"Somalia","l":"Sablaale","a":"Lower Shabelle","f":25}},{"type":"Feature","geometry":{"type":"Point","coordinates":[43.714,1.169]},"properties":{"d":"2025-05-30","w":14,"t":"Explosions/Remote violence","s":"Air/drone strike","c":"Somalia","l":"Haawaay","a":"Lower Shabelle","f":25}},{"type":"Feature","geometry":{"type":"Point","coordinates":[43.384,0.801]},"properties":{"d":"2025-05-30","w":14,"t":"Explosions/Remote violence","s":"Air/drone strike","c":"Somalia","l":"Kunyo Barrow","a":"Middle Juba","f":25}},{"type":"Feature","geometry":{"type":"Point","coordinates":[45.269,2.311]},"properties":{"d":"2025-05-30","w":14,"t":"Explosions/Remote violence","s":"Air/drone strike","c":"Somalia","l":"Baasra","a":"Lower Shabelle","f":25}},{"type":"Feature","geometry":{"type":"Point","coordinates":[6.106,11.414]},"properties":{"d":"2025-05-31","w":14,"t":"Violence against civilians","s":"Attack","c":"Nigeria","l":"Ungwan-Mani","a":"Zamfara","f":20}},{"type":"Feature","geometry":{"type":"Point","coordinates":[-0.863,14.229]},"properties":{"d":"2025-06-01","w":14,"t":"Battles","s":"Armed clash","c":"Burkina Faso","l":"Arbinda","a":"Sahel","f":20}},{"type":"Feature","geometry":{"type":"Point","coordinates":[34.511,31.516]},"properties":{"d":"2025-05-26","w":14,"t":"Explosions/Remote violence","s":"Air/drone strike","c":"Palestine","l":"Ezbet Abed Rabbou","a":"Gaza Strip","f":19}},{"type":"Feature","geometry":{"type":"Point","coordinates":[37.38,48.299]},"properties":{"d":"2025-06-01","w":14,"t":"Battles","s":"Armed clash","c":"Ukraine","l":"Myroliubivka","a":"Donetsk","f":19}},{"type":"Feature","geometry":{"type":"Point","coordinates":[37.458,48.419]},"properties":{"d":"2025-06-01","w":14,"t":"Battles","s":"Armed clash","c":"Ukraine","l":"Popiv Yar","a":"Donetsk","f":19}},{"type":"Feature","geometry":{"type":"Point","coordinates":[36.925,48.187]},"properties":{"d":"2025-06-01","w":14,"t":"Battles","s":"Armed clash","c":"Ukraine","l":"Novomykolaivka","a":"Donetsk","f":19}},{"type":"Feature","geometry":{"type":"Point","coordinates":[37.653,47.462]},"properties":{"d":"2025-06-01","w":14,"t":"Battles","s":"Armed clash","c":"Ukraine","l":"Andriivka","a":"Donetsk","f":18}},{"type":"Feature","geometry":{"type":"Point","coordinates":[37.265,48.225]},"properties":{"d":"2025-06-01","w":14,"t":"Battles","s":"Armed clash","c":"Ukraine","l":"Lysivka","a":"Donetsk","f":18}},{"type":"Feature","geometry":{"type":"Point","coordinates":[37.429,48.336]},"properties":{"d":"2025-06-01","w":14,"t":"Battles","s":"Armed clash","c":"Ukraine","l":"Malynivka","a":"Donetsk","f":18}},{"type":"Feature","geometry":{"type":"Point","coordinates":[36.965,48.199]},"properties":{"d":"2025-06-01","w":14,"t":"Battles","s":"Armed clash","c":"Ukraine","l":"Novoserhiivka","a":"Donetsk","f":18}},{"type":"Feature","geometry":{"type":"Point","coordinates":[36.991,48.24]},"properties":{"d":"2025-06-01","w":14,"t":"Battles","s":"Armed clash","c":"Ukraine","l":"Udachne","a":"Donetsk","f":18}},{"type":"Feature","geometry":{"type":"Point","coordinates":[13.861,12.244]},"properties":{"d":"2025-05-27","w":14,"t":"Battles","s":"Armed clash","c":"Nigeria","l":"New Marte","a":"Borno","f":17}},{"type":"Feature","geometry":{"type":"Point","coordinates":[8.209,7.589]},"properties":{"d":"2025-06-01","w":14,"t":"Violence against civilians","s":"Attack","c":"Nigeria","l":"Naka","a":"Benue","f":17}},{"type":"Feature","geometry":{"type":"Point","coordinates":[34.474,31.505]},"properties":{"d":"2025-05-29","w":14,"t":"Explosions/Remote violence","s":"Air/drone strike","c":"Palestine","l":"Gaza - Unspecified","a":"Gaza Strip","f":17}},{"type":"Feature","geometry":{"type":"Point","coordinates":[49.743,10.855]},"properties":{"d":"2025-05-31","w":14,"t":"Battles","s":"Armed clash","c":"Somalia","l":"Buuraha Cali Miskat","a":"Bari","f":15}},{"type":"Feature","geometry":{"type":"Point","coordinates":[34.341,31.374]},"properties":{"d":"2025-05-30","w":14,"t":"Explosions/Remote violence","s":"Air/drone strike","c":"Palestine","l":"Al Qararah","a":"Gaza Strip","f":14}},{"type":"Feature","geometry":{"type":"Point","coordinates":[6.123,11.456]},"properties":{"d":"2025-05-31","w":14,"t":"Battles","s":"Armed clash","c":"Nigeria","l":"Wabi","a":"Zamfara","f":13}},{"type":"Feature","geometry":{"type":"Point","coordinates":[6.142,11.46]},"properties":{"d":"2025-05-31","w":14,"t":"Battles","s":"Armed clash","c":"Nigeria","l":"Maraya","a":"Zamfara","f":12}},{"type":"Feature","geometry":{"type":"Point","coordinates":[35.039,48.459]},"properties":{"d":"2025-06-01","w":14,"t":"Explosions/Remote violence","s":"Air/drone strike","c":"Ukraine","l":"Dnipro","a":"Dnipropetrovsk","f":12}},{"type":"Feature","geometry":{"type":"Point","coordinates":[25.369,13.674]},"properties":{"d":"2025-06-01","w":14,"t":"Explosions/Remote violence","s":"Shelling/artillery/missile attack","c":"Sudan","l":"Abu Shouk IDP Camp","a":"North Darfur","f":12}},{"type":"Feature","geometry":{"type":"Point","coordinates":[0.298,11.943]},"properties":{"d":"2025-05-29","w":14,"t":"Battles","s":"Armed clash","c":"Burkina Faso","l":"Koare","a":"Est","f":12}},{"type":"Feature","geometry":{"type":"Point","coordinates":[34.483,31.527]},"properties":{"d":"2025-05-29","w":14,"t":"Explosions/Remote violence","s":"Air/drone strike","c":"Palestine","l":"Jabalya","a":"Gaza Strip","f":11}},{"type":"Feature","geometry":{"type":"Point","coordinates":[98.192,14.083]},"properties":{"d":"2025-05-30","w":14,"t":"Battles","s":"Armed clash","c":"Myanmar","l":"Dawei","a":"Tanintharyi","f":11}},{"type":"Feature","geometry":{"type":"Point","coordinates":[13.861,12.244]},"properties":{"d":"2025-05-27","w":14,"t":"Violence against civilians","s":"Attack","c":"Nigeria","l":"New Marte","a":"Borno","f":10}},{"type":"Feature","geometry":{"type":"Point","coordinates":[37.712,49.505]},"properties":{"d":"2025-05-29","w":14,"t":"Battles","s":"Armed clash","c":"Ukraine","l":"Zahryzove","a":"Kharkiv","f":10}},{"type":"Feature","geometry":{"type":"Point","coordinates":[131.923,43.121]},"properties":{"d":"2025-05-30","w":14,"t":"Explosions/Remote violence","s":"Remote explosive/landmine/IED","c":"Russia","l":"Vladivostok","a":"Primorskiy","f":10}},{"type":"Feature","geometry":{"type":"Point","coordinates":[69.507,32.614]},"properties":{"d":"2025-05-28","w":14,"t":"Battles","s":"Armed clash","c":"Pakistan","l":"Shawal","a":"Khyber Pakhtunkhwa","f":10}},{"type":"Feature","geometry":{"type":"Point","coordinates":[25.369,13.674]},"properties":{"d":"2025-05-26","w":14,"t":"Explosions/Remote violence","s":"Shelling/artillery/missile attack","c":"Sudan","l":"Abu Shouk IDP Camp","a":"North Darfur","f":10}},{"type":"Feature","geometry":{"type":"Point","coordinates":[29.995,12.592]},"properties":{"d":"2025-05-29","w":14,"t":"Battles","s":"Non-state actor overtakes territory","c":"Sudan","l":"Al Hamadi","a":"South Kordofan","f":10}},{"type":"Feature","geometry":{"type":"Point","coordinates":[29.621,13.126]},"properties":{"d":"2025-05-29","w":14,"t":"Battles","s":"Non-state actor overtakes territory","c":"Sudan","l":"Umm Sumeima","a":"North Kordofan","f":10}},{"type":"Feature","geometry":{"type":"Point","coordinates":[30.1,12.802]},"properties":{"d":"2025-05-29","w":14,"t":"Battles","s":"Armed clash","c":"Sudan","l":"Kazgil","a":"North Kordofan","f":10}},{"type":"Feature","geometry":{"type":"Point","coordinates":[29.217,13.089]},"properties":{"d":"2025-05-29","w":14,"t":"Battles","s":"Non-state actor overtakes territory","c":"Sudan","l":"Al Khowai","a":"West Kordofan","f":10}},{"type":"Feature","geometry":{"type":"Point","coordinates":[24.891,12.056]},"properties":{"d":"2025-06-01","w":14,"t":"Explosions/Remote violence","s":"Air/drone strike","c":"Sudan","l":"Nyala","a":"South Darfur","f":10}},{"type":"Feature","geometry":{"type":"Point","coordinates":[25.356,13.626]},"properties":{"d":"2025-06-01","w":14,"t":"Explosions/Remote violence","s":"Air/drone strike","c":"Sudan","l":"El Fasher","a":"North Darfur","f":10}},{"type":"Feature","geometry":{"type":"Point","coordinates":[-4.623,13.755]},"properties":{"d":"2025-05-26","w":14,"t":"Battles","s":"Armed clash","c":"Mali","l":"Noina","a":"Mopti","f":10}},{"type":"Feature","geometry":{"type":"Point","coordinates":[-0.522,13.316]},"properties":{"d":"2025-05-31","w":14,"t":"Battles","s":"Armed clash","c":"Burkina Faso","l":"Tougouri","a":"Centre-Nord","f":10}},{"type":"Feature","geometry":{"type":"Point","coordinates":[40.184,-12.021]},"properties":{"d":"2025-05-27","w":14,"t":"Battles","s":"Armed clash","c":"Mozambique","l":"Namabo","a":"Cabo Delgado","f":10}},{"type":"Feature","geometry":{"type":"Point","coordinates":[96.966,20.059]},"properties":{"d":"2025-05-31","w":14,"t":"Battles","s":"Armed clash","c":"Myanmar","l":"Yae Pu","a":"Shan-South","f":10}},{"type":"Feature","geometry":{"type":"Point","coordinates":[13.435,12.756]},"properties":{"d":"2025-05-31","w":14,"t":"Explosions/Remote violence","s":"Remote explosive/landmine/IED","c":"Nigeria","l":"Mairari","a":"Borno","f":9}},{"type":"Feature","geometry":{"type":"Point","coordinates":[13.825,12.361]},"properties":{"d":"2025-05-27","w":14,"t":"Explosions/Remote violence","s":"Remote explosive/landmine/IED","c":"Nigeria","l":"Marte","a":"Borno","f":9}},{"type":"Feature","geometry":{"type":"Point","coordinates":[13.435,12.756]},"properties":{"d":"2025-06-01","w":14,"t":"Explosions/Remote violence","s":"Remote explosive/landmine/IED","c":"Nigeria","l":"Mairari","a":"Borno","f":9}},{"type":"Feature","geometry":{"type":"Point","coordinates":[34.467,31.535]},"properties":{"d":"2025-05-28","w":14,"t":"Explosions/Remote violence","s":"Air/drone strike","c":"Palestine","l":"Gaza - Sheikh Radwan","a":"Gaza Strip","f":9}},{"type":"Feature","geometry":{"type":"Point","coordinates":[26.019,13.96]},"properties":{"d":"2025-06-01","w":14,"t":"Explosions/Remote violence","s":"Air/drone strike","c":"Sudan","l":"Koma","a":"North Darfur","f":9}},{"type":"Feature","geometry":{"type":"Point","coordinates":[37.021,10.855]},"properties":{"d":"2025-05-29","w":14,"t":"Battles","s":"Armed clash","c":"Ethiopia","l":"Tilili","a":"Amhara","f":9}},{"type":"Feature","geometry":{"type":"Point","coordinates":[96.414,18.833]},"properties":{"d":"2025-05-29","w":14,"t":"Battles","s":"Armed clash","c":"Myanmar","l":"Oktwin","a":"Bago-East","f":9}},{"type":"Feature","geometry":{"type":"Point","coordinates":[96.414,18.833]},"properties":{"d":"2025-05-30","w":14,"t":"Battles","s":"Armed clash","c":"Myanmar","l":"Oktwin","a":"Bago-East","f":9}},{"type":"Feature","geometry":{"type":"Point","coordinates":[6.578,12.59]},"properties":{"d":"2025-05-31","w":14,"t":"Battles","s":"Armed clash","c":"Nigeria","l":"Kaura Namoda","a":"Zamfara","f":8}},{"type":"Feature","geometry":{"type":"Point","coordinates":[7.978,7.637]},"properties":{"d":"2025-06-01","w":14,"t":"Violence against civilians","s":"Attack","c":"Nigeria","l":"Ankpali","a":"Benue","f":8}},{"type":"Feature","geometry":{"type":"Point","coordinates":[8.699,7.468]},"properties":{"d":"2025-05-31","w":14,"t":"Battles","s":"Armed clash","c":"Nigeria","l":"Mbakine","a":"Benue","f":8}},{"type":"Feature","geometry":{"type":"Point","coordinates":[4.231,10.607]},"properties":{"d":"2025-05-27","w":14,"t":"Battles","s":"Armed clash","c":"Nigeria","l":"Pissa","a":"Niger","f":8}},{"type":"Feature","geometry":{"type":"Point","coordinates":[8.001,7.638]},"properties":{"d":"2025-06-01","w":14,"t":"Violence against civilians","s":"Attack","c":"Nigeria","l":"Ediko","a":"Benue","f":8}},{"type":"Feature","geometry":{"type":"Point","coordinates":[34.483,31.527]},"properties":{"d":"2025-05-30","w":14,"t":"Explosions/Remote violence","s":"Air/drone strike","c":"Palestine","l":"Jabalya","a":"Gaza Strip","f":8}},{"type":"Feature","geometry":{"type":"Point","coordinates":[34.3,31.331]},"properties":{"d":"2025-06-01","w":14,"t":"Explosions/Remote violence","s":"Air/drone strike","c":"Palestine","l":"Khan Yunis - Jourat Al-Loot","a":"Gaza Strip","f":8}},{"type":"Feature","geometry":{"type":"Point","coordinates":[36.948,48.017]},"properties":{"d":"2025-05-30","w":14,"t":"Battles","s":"Armed clash","c":"Ukraine","l":"Oleksiivka","a":"Donetsk","f":8}},{"type":"Feature","geometry":{"type":"Point","coordinates":[29.217,13.089]},"properties":{"d":"2025-05-28","w":14,"t":"Explosions/Remote violence","s":"Air/drone strike","c":"Sudan","l":"Al Khowai","a":"West Kordofan","f":8}},{"type":"Feature","geometry":{"type":"Point","coordinates":[38.995,8.447]},"properties":{"d":"2025-05-26","w":14,"t":"Battles","s":"Armed clash","c":"Ethiopia","l":"Godoti Goro","a":"Oromia","f":8}},{"type":"Feature","geometry":{"type":"Point","coordinates":[35.739,11.334]},"properties":{"d":"2025-05-29","w":14,"t":"Violence against civilians","s":"Attack","c":"Ethiopia","l":"Kota","a":"Benshangul/Gumuz","f":8}},{"type":"Feature","geometry":{"type":"Point","coordinates":[-1.367,13.212]},"properties":{"d":"2025-06-01","w":14,"t":"Battles","s":"Armed clash","c":"Burkina Faso","l":"Mafoulou","a":"Centre-Nord","f":8}},{"type":"Feature","geometry":{"type":"Point","coordinates":[-102.668,19.564]},"properties":{"d":"2025-05-27","w":14,"t":"Explosions/Remote violence","s":"Remote explosive/landmine/IED","c":"Mexico","l":"El Santuario","a":"Michoacan de Ocampo","f":8}},{"type":"Feature","geometry":{"type":"Point","coordinates":[95.98,21.879]},"properties":{"d":"2025-05-31","w":14,"t":"Explosions/Remote violence","s":"Shelling/artillery/missile attack","c":"Myanmar","l":"Sagaing","a":"Sagaing","f":8}},{"type":"Feature","geometry":{"type":"Point","coordinates":[97.606,22.704]},"properties":{"d":"2025-06-01","w":14,"t":"Battles","s":"Armed clash","c":"Myanmar","l":"Nar Lai","a":"Shan-North","f":8}},{"type":"Feature","geometry":{"type":"Point","coordinates":[44.649,13.925]},"properties":{"d":"2025-05-30","w":14,"t":"Battles","s":"Armed clash","c":"Yemen","l":"Bab Ghaliq","a":"Ad Dali","f":7}},{"type":"Feature","geometry":{"type":"Point","coordinates":[8.699,7.468]},"properties":{"d":"2025-05-31","w":14,"t":"Battles","s":"Armed clash","c":"Nigeria","l":"Mbakine","a":"Benue","f":7}},{"type":"Feature","geometry":{"type":"Point","coordinates":[9.048,9.157]},"properties":{"d":"2025-05-28","w":14,"t":"Violence against civilians","s":"Attack","c":"Nigeria","l":"Mushere","a":"Plateau","f":7}},{"type":"Feature","geometry":{"type":"Point","coordinates":[34.35,31.418]},"properties":{"d":"2025-05-28","w":14,"t":"Explosions/Remote violence","s":"Air/drone strike","c":"Palestine","l":"Deir al Balah","a":"Gaza Strip","f":7}},{"type":"Feature","geometry":{"type":"Point","coordinates":[34.269,31.314]},"properties":{"d":"2025-05-28","w":14,"t":"Violence against civilians","s":"Attack","c":"Palestine","l":"GHF center - Morag","a":"Gaza Strip","f":7}},{"type":"Feature","geometry":{"type":"Point","coordinates":[34.065,53.098]},"properties":{"d":"2025-05-31","w":14,"t":"Explosions/Remote violence","s":"Remote explosive/landmine/IED","c":"Russia","l":"Vygonichi","a":"Bryansk","f":7}},{"type":"Feature","geometry":{"type":"Point","coordinates":[46.387,5.538]},"properties":{"d":"2025-06-01","w":14,"t":"Battles","s":"Armed clash","c":"Somalia","l":"Dhuusamarreeb","a":"Galgaduud","f":7}},{"type":"Feature","geometry":{"type":"Point","coordinates":[-7.571,13.284]},"properties":{"d":"2025-05-30","w":14,"t":"Battles","s":"Armed clash","c":"Mali","l":"Sirakorola","a":"Koulikoro","f":7}},{"type":"Feature","geometry":{"type":"Point","coordinates":[96.675,19.073]},"properties":{"d":"2025-05-31","w":14,"t":"Violence against civilians","s":"Attack","c":"Myanmar","l":"Thandaunggyi","a":"Kayin","f":7}},{"type":"Feature","geometry":{"type":"Point","coordinates":[44.217,35.398]},"properties":{"d":"2025-05-30","w":14,"t":"Explosions/Remote violence","s":"Air/drone strike","c":"Iraq","l":"Shay Valley","a":"Kirkuk","f":6}},{"type":"Feature","geometry":{"type":"Point","coordinates":[8.246,7.581]},"properties":{"d":"2025-05-26","w":14,"t":"Violence against civilians","s":"Attack","c":"Nigeria","l":"Obiam","a":"Benue","f":6}},{"type":"Feature","geometry":{"type":"Point","coordinates":[8.318,7.618]},"properties":{"d":"2025-05-26","w":14,"t":"Battles","s":"Armed clash","c":"Nigeria","l":"Ahume","a":"Benue","f":6}},{"type":"Feature","geometry":{"type":"Point","coordinates":[6.047,11.33]},"properties":{"d":"2025-05-27","w":14,"t":"Violence against civilians","s":"Attack","c":"Nigeria","l":"Dan Umaru Mairairai","a":"Kebbi","f":6}},{"type":"Feature","geometry":{"type":"Point","coordinates":[34.255,31.348]},"properties":{"d":"2025-05-28","w":14,"t":"Explosions/Remote violence","s":"Air/drone strike","c":"Palestine","l":"Al Mawasi (Khan Yunis)","a":"Gaza Strip","f":6}},{"type":"Feature","geometry":{"type":"Point","coordinates":[34.483,31.527]},"properties":{"d":"2025-05-28","w":14,"t":"Explosions/Remote violence","s":"Air/drone strike","c":"Palestine","l":"Jabalya","a":"Gaza Strip","f":6}},{"type":"Feature","geometry":{"type":"Point","coordinates":[34.475,31.513]},"properties":{"d":"2025-05-29","w":14,"t":"Explosions/Remote violence","s":"Air/drone strike","c":"Palestine","l":"Gaza - At Tuffah","a":"Gaza Strip","f":6}},{"type":"Feature","geometry":{"type":"Point","coordinates":[34.255,31.348]},"properties":{"d":"2025-05-31","w":14,"t":"Explosions/Remote violence","s":"Air/drone strike","c":"Palestine","l":"Al Mawasi (Khan Yunis)","a":"Gaza Strip","f":6}},{"type":"Feature","geometry":{"type":"Point","coordinates":[34.382,31.439]},"properties":{"d":"2025-06-01","w":14,"t":"Explosions/Remote violence","s":"Air/drone strike","c":"Palestine","l":"An Nusayrat - South","a":"Gaza Strip","f":6}},{"type":"Feature","geometry":{"type":"Point","coordinates":[39.126,36.597]},"properties":{"d":"2025-05-27","w":14,"t":"Battles","s":"Armed clash","c":"Syria","l":"Suluk","a":"Ar Raqqa","f":6}},{"type":"Feature","geometry":{"type":"Point","coordinates":[37.265,48.225]},"properties":{"d":"2025-05-30","w":14,"t":"Battles","s":"Armed clash","c":"Ukraine","l":"Lysivka","a":"Donetsk","f":6}},{"type":"Feature","geometry":{"type":"Point","coordinates":[37.429,48.336]},"properties":{"d":"2025-05-30","w":14,"t":"Battles","s":"Armed clash","c":"Ukraine","l":"Malynivka","a":"Donetsk","f":6}},{"type":"Feature","geometry":{"type":"Point","coordinates":[37.38,48.299]},"properties":{"d":"2025-05-30","w":14,"t":"Battles","s":"Armed clash","c":"Ukraine","l":"Myroliubivka","a":"Donetsk","f":6}},{"type":"Feature","geometry":{"type":"Point","coordinates":[36.965,48.199]},"properties":{"d":"2025-05-30","w":14,"t":"Battles","s":"Armed clash","c":"Ukraine","l":"Novoserhiivka","a":"Donetsk","f":6}},{"type":"Feature","geometry":{"type":"Point","coordinates":[37.465,48.437]},"properties":{"d":"2025-05-30","w":14,"t":"Battles","s":"Armed clash","c":"Ukraine","l":"Poltavka","a":"Donetsk","f":6}},{"type":"Feature","geometry":{"type":"Point","coordinates":[37.507,48.448]},"properties":{"d":"2025-05-30","w":14,"t":"Battles","s":"Armed clash","c":"Ukraine","l":"Rusyn Yar","a":"Donetsk","f":6}},{"type":"Feature","geometry":{"type":"Point","coordinates":[37.407,48.372]},"properties":{"d":"2025-05-30","w":14,"t":"Battles","s":"Armed clash","c":"Ukraine","l":"Shevchenko Pershe","a":"Donetsk","f":6}},{"type":"Feature","geometry":{"type":"Point","coordinates":[37.449,48.303]},"properties":{"d":"2025-05-30","w":14,"t":"Battles","s":"Armed clash","c":"Ukraine","l":"Yelyzavetivka","a":"Donetsk","f":6}},{"type":"Feature","geometry":{"type":"Point","coordinates":[27.81,11.331]},"properties":{"d":"2025-06-07","w":15,"t":"Battles","s":"Armed clash","c":"Sudan","l":"Babanussa","a":"West Kordofan","f":100}},{"type":"Feature","geometry":{"type":"Point","coordinates":[32.618,46.656]},"properties":{"d":"2025-06-03","w":15,"t":"Battles","s":"Armed clash","c":"Ukraine","l":"Kherson","a":"Kherson","f":99}},{"type":"Feature","geometry":{"type":"Point","coordinates":[0.292,15.224]},"properties":{"d":"2025-06-04","w":15,"t":"Battles","s":"Armed clash","c":"Mali","l":"Tessit","a":"Gao","f":94}},{"type":"Feature","geometry":{"type":"Point","coordinates":[32.618,46.656]},"properties":{"d":"2025-06-02","w":15,"t":"Battles","s":"Armed clash","c":"Ukraine","l":"Kherson","a":"Kherson","f":81}},{"type":"Feature","geometry":{"type":"Point","coordinates":[32.618,46.656]},"properties":{"d":"2025-06-05","w":15,"t":"Battles","s":"Armed clash","c":"Ukraine","l":"Kherson","a":"Kherson","f":68}},{"type":"Feature","geometry":{"type":"Point","coordinates":[32.618,46.656]},"properties":{"d":"2025-06-06","w":15,"t":"Battles","s":"Armed clash","c":"Ukraine","l":"Kherson","a":"Kherson","f":66}},{"type":"Feature","geometry":{"type":"Point","coordinates":[32.618,46.656]},"properties":{"d":"2025-06-02","w":15,"t":"Battles","s":"Armed clash","c":"Ukraine","l":"Kherson","a":"Kherson","f":61}},{"type":"Feature","geometry":{"type":"Point","coordinates":[32.618,46.656]},"properties":{"d":"2025-06-06","w":15,"t":"Battles","s":"Armed clash","c":"Ukraine","l":"Kherson","a":"Kherson","f":57}},{"type":"Feature","geometry":{"type":"Point","coordinates":[32.618,46.656]},"properties":{"d":"2025-06-03","w":15,"t":"Battles","s":"Armed clash","c":"Ukraine","l":"Kherson","a":"Kherson","f":52}},{"type":"Feature","geometry":{"type":"Point","coordinates":[27.81,11.331]},"properties":{"d":"2025-06-08","w":15,"t":"Battles","s":"Armed clash","c":"Sudan","l":"Babanussa","a":"West Kordofan","f":50}},{"type":"Feature","geometry":{"type":"Point","coordinates":[32.618,46.656]},"properties":{"d":"2025-06-05","w":15,"t":"Battles","s":"Armed clash","c":"Ukraine","l":"Kherson","a":"Kherson","f":46}},{"type":"Feature","geometry":{"type":"Point","coordinates":[-4.629,12.132]},"properties":{"d":"2025-06-05","w":15,"t":"Battles","s":"Armed clash","c":"Mali","l":"Mahou","a":"Sikasso","f":45}},{"type":"Feature","geometry":{"type":"Point","coordinates":[46.134,4.062]},"properties":{"d":"2025-06-06","w":15,"t":"Battles","s":"Armed clash","c":"Somalia","l":"Moqokori","a":"Hiraan","f":40}},{"type":"Feature","geometry":{"type":"Point","coordinates":[49.365,11.161]},"properties":{"d":"2025-06-06","w":15,"t":"Battles","s":"Armed clash","c":"Somalia","l":"Balaade","a":"Bari","f":40}},{"type":"Feature","geometry":{"type":"Point","coordinates":[32.618,46.656]},"properties":{"d":"2025-06-04","w":15,"t":"Battles","s":"Armed clash","c":"Ukraine","l":"Kherson","a":"Kherson","f":39}},{"type":"Feature","geometry":{"type":"Point","coordinates":[30.981,11.06]},"properties":{"d":"2025-06-07","w":15,"t":"Battles","s":"Armed clash","c":"Sudan","l":"Um Dehelieb","a":"South Kordofan","f":39}},{"type":"Feature","geometry":{"type":"Point","coordinates":[32.618,46.656]},"properties":{"d":"2025-06-04","w":15,"t":"Battles","s":"Armed clash","c":"Ukraine","l":"Kherson","a":"Kherson","f":38}},{"type":"Feature","geometry":{"type":"Point","coordinates":[7.021,9.938]},"properties":{"d":"2025-06-02","w":15,"t":"Battles","s":"Armed clash","c":"Nigeria","l":"Kuchi","a":"Niger","f":35}},{"type":"Feature","geometry":{"type":"Point","coordinates":[28.429,0.263]},"properties":{"d":"2025-06-07","w":15,"t":"Violence against civilians","s":"Attack","c":"Democratic Republic of Congo","l":"Bapere","a":"Nord-Kivu","f":35}},{"type":"Feature","geometry":{"type":"Point","coordinates":[98.65,16.359]},"properties":{"d":"2025-06-03","w":15,"t":"Battles","s":"Non-state actor overtakes territory","c":"Myanmar","l":"Thay Baw Boe","a":"Kayin","f":34}},{"type":"Feature","geometry":{"type":"Point","coordinates":[34.449,31.509]},"properties":{"d":"2025-06-07","w":15,"t":"Explosions/Remote violence","s":"Air/drone strike","c":"Palestine","l":"Gaza - Sabra","a":"Gaza Strip","f":30}},{"type":"Feature","geometry":{"type":"Point","coordinates":[34.23,31.329]},"properties":{"d":"2025-06-03","w":15,"t":"Explosions/Remote violence","s":"Air/drone strike","c":"Palestine","l":"Al Mawasi (Rafah)","a":"Gaza Strip","f":27}},{"type":"Feature","geometry":{"type":"Point","coordinates":[34.483,31.527]},"properties":{"d":"2025-06-06","w":15,"t":"Explosions/Remote violence","s":"Air/drone strike","c":"Palestine","l":"Jabalya","a":"Gaza Strip","f":24}},{"type":"Feature","geometry":{"type":"Point","coordinates":[-3.006,16.77]},"properties":{"d":"2025-06-02","w":15,"t":"Battles","s":"Armed clash","c":"Mali","l":"Timbuktu","a":"Tombouctou","f":23}},{"type":"Feature","geometry":{"type":"Point","coordinates":[-4.075,13.467]},"properties":{"d":"2025-06-04","w":15,"t":"Battles","s":"Armed clash","c":"Mali","l":"Soumadougou","a":"Segou","f":23}},{"type":"Feature","geometry":{"type":"Point","coordinates":[95.459,21.538]},"properties":{"d":"2025-06-02","w":15,"t":"Battles","s":"Armed clash","c":"Myanmar","l":"Tu Ywin Boet","a":"Mandalay","f":21}},{"type":"Feature","geometry":{"type":"Point","coordinates":[34.296,31.348]},"properties":{"d":"2025-06-04","w":15,"t":"Explosions/Remote violence","s":"Air/drone strike","c":"Palestine","l":"Khan Yunis - West (Municipal Stadium)","a":"Gaza Strip","f":20}},{"type":"Feature","geometry":{"type":"Point","coordinates":[-4.154,13.836]},"properties":{"d":"2025-06-04","w":15,"t":"Battles","s":"Armed clash","c":"Mali","l":"Saoura","a":"Segou","f":20}},{"type":"Feature","geometry":{"type":"Point","coordinates":[-5.729,13.859]},"properties":{"d":"2025-06-04","w":15,"t":"Battles","s":"Armed clash","c":"Mali","l":"Loutan-Coura","a":"Segou","f":20}},{"type":"Feature","geometry":{"type":"Point","coordinates":[97.216,19.785]},"properties":{"d":"2025-06-03","w":15,"t":"Battles","s":"Armed clash","c":"Myanmar","l":"Tha Pyay Kone","a":"Kayah","f":20}},{"type":"Feature","geometry":{"type":"Point","coordinates":[97.337,19.174]},"properties":{"d":"2025-06-04","w":15,"t":"Battles","s":"Armed clash","c":"Myanmar","l":"Bawlake","a":"Kayah","f":20}},{"type":"Feature","geometry":{"type":"Point","coordinates":[94.031,19.78]},"properties":{"d":"2025-06-05","w":15,"t":"Explosions/Remote violence","s":"Air/drone strike","c":"Myanmar","l":"Ann","a":"Rakhine","f":20}},{"type":"Feature","geometry":{"type":"Point","coordinates":[94.737,21.886]},"properties":{"d":"2025-06-06","w":15,"t":"Battles","s":"Armed clash","c":"Myanmar","l":"In Ma Htee","a":"Sagaing","f":20}},{"type":"Feature","geometry":{"type":"Point","coordinates":[49.743,10.855]},"properties":{"d":"2025-06-02","w":15,"t":"Battles","s":"Armed clash","c":"Somalia","l":"Buuraha Cali Miskat","a":"Bari","f":18}},{"type":"Feature","geometry":{"type":"Point","coordinates":[39.937,-11.656]},"properties":{"d":"2025-06-07","w":15,"t":"Battles","s":"Armed clash","c":"Mozambique","l":"Magaia","a":"Cabo Delgado","f":18}},{"type":"Feature","geometry":{"type":"Point","coordinates":[34.483,31.527]},"properties":{"d":"2025-06-02","w":15,"t":"Explosions/Remote violence","s":"Air/drone strike","c":"Palestine","l":"Jabalya","a":"Gaza Strip","f":17}},{"type":"Feature","geometry":{"type":"Point","coordinates":[49.743,10.855]},"properties":{"d":"2025-06-03","w":15,"t":"Battles","s":"Armed clash","c":"Somalia","l":"Buuraha Cali Miskat","a":"Bari","f":17}},{"type":"Feature","geometry":{"type":"Point","coordinates":[12.76,11.15]},"properties":{"d":"2025-06-04","w":15,"t":"Battles","s":"Armed clash","c":"Nigeria","l":"Damboa","a":"Borno","f":16}},{"type":"Feature","geometry":{"type":"Point","coordinates":[45.367,15.474]},"properties":{"d":"2025-06-04","w":15,"t":"Battles","s":"Armed clash","c":"Yemen","l":"Al Husun","a":"Marib","f":15}},{"type":"Feature","geometry":{"type":"Point","coordinates":[34.483,31.527]},"properties":{"d":"2025-06-07","w":15,"t":"Explosions/Remote violence","s":"Air/drone strike","c":"Palestine","l":"Jabalya","a":"Gaza Strip","f":14}},{"type":"Feature","geometry":{"type":"Point","coordinates":[69.749,32.905]},"properties":{"d":"2025-06-02","w":15,"t":"Battles","s":"Armed clash","c":"Pakistan","l":"Datta Khel","a":"Khyber Pakhtunkhwa","f":14}},{"type":"Feature","geometry":{"type":"Point","coordinates":[25.369,13.674]},"properties":{"d":"2025-06-04","w":15,"t":"Explosions/Remote violence","s":"Shelling/artillery/missile attack","c":"Sudan","l":"Abu Shouk IDP Camp","a":"North Darfur","f":14}},{"type":"Feature","geometry":{"type":"Point","coordinates":[34.241,31.31]},"properties":{"d":"2025-06-08","w":15,"t":"Violence against civilians","s":"Attack","c":"Palestine","l":"Tal as Sultan","a":"Gaza Strip","f":13}},{"type":"Feature","geometry":{"type":"Point","coordinates":[23.471,12.908]},"properties":{"d":"2025-06-08","w":15,"t":"Violence against civilians","s":"Sexual violence","c":"Sudan","l":"Zalingei","a":"Central Darfur","f":13}},{"type":"Feature","geometry":{"type":"Point","coordinates":[45.074,2.147]},"properties":{"d":"2025-06-08","w":15,"t":"Battles","s":"Armed clash","c":"Somalia","l":"Gaalware","a":"Lower Shabelle","f":13}},{"type":"Feature","geometry":{"type":"Point","coordinates":[13.339,13.675]},"properties":{"d":"2025-06-05","w":15,"t":"Battles","s":"Armed clash","c":"Nigeria","l":"Malam Fatori","a":"Borno","f":12}},{"type":"Feature","geometry":{"type":"Point","coordinates":[34.255,31.348]},"properties":{"d":"2025-06-07","w":15,"t":"Explosions/Remote violence","s":"Air/drone strike","c":"Palestine","l":"Al Mawasi (Khan Yunis)","a":"Gaza Strip","f":12}},{"type":"Feature","geometry":{"type":"Point","coordinates":[34.337,31.401]},"properties":{"d":"2025-06-02","w":15,"t":"Explosions/Remote violence","s":"Shelling/artillery/missile attack","c":"Palestine","l":"Wadi as Salqa","a":"Gaza Strip","f":12}},{"type":"Feature","geometry":{"type":"Point","coordinates":[34.464,31.517]},"properties":{"d":"2025-06-06","w":15,"t":"Explosions/Remote violence","s":"Air/drone strike","c":"Palestine","l":"Gaza - Ad Darraj","a":"Gaza Strip","f":12}},{"type":"Feature","geometry":{"type":"Point","coordinates":[25.052,21.991]},"properties":{"d":"2025-06-06","w":15,"t":"Battles","s":"Armed clash","c":"Sudan","l":"Jebel Awinat","a":"Northern","f":12}},{"type":"Feature","geometry":{"type":"Point","coordinates":[-1.302,14.798]},"properties":{"d":"2025-06-04","w":15,"t":"Explosions/Remote violence","s":"Air/drone strike","c":"Mali","l":"Boulkessi","a":"Mopti","f":12}},{"type":"Feature","geometry":{"type":"Point","coordinates":[39.095,-12.326]},"properties":{"d":"2025-06-03","w":15,"t":"Battles","s":"Armed clash","c":"Mozambique","l":"Muguia","a":"Cabo Delgado","f":12}},{"type":"Feature","geometry":{"type":"Point","coordinates":[34.483,31.527]},"properties":{"d":"2025-06-08","w":15,"t":"Explosions/Remote violence","s":"Air/drone strike","c":"Palestine","l":"Jabalya","a":"Gaza Strip","f":11}},{"type":"Feature","geometry":{"type":"Point","coordinates":[49.365,11.161]},"properties":{"d":"2025-06-07","w":15,"t":"Battles","s":"Armed clash","c":"Somalia","l":"Balaade","a":"Bari","f":11}},{"type":"Feature","geometry":{"type":"Point","coordinates":[28.831,-2.225]},"properties":{"d":"2025-06-07","w":15,"t":"Violence against civilians","s":"Attack","c":"Democratic Republic of Congo","l":"Katana","a":"Sud-Kivu","f":11}},{"type":"Feature","geometry":{"type":"Point","coordinates":[96.414,18.833]},"properties":{"d":"2025-06-03","w":15,"t":"Battles","s":"Armed clash","c":"Myanmar","l":"Oktwin","a":"Bago-East","f":11}},{"type":"Feature","geometry":{"type":"Point","coordinates":[95.606,18.726]},"properties":{"d":"2025-06-03","w":15,"t":"Battles","s":"Armed clash","c":"Myanmar","l":"Ma Au Kwin","a":"Bago-West","f":11}},{"type":"Feature","geometry":{"type":"Point","coordinates":[12.089,10.905]},"properties":{"d":"2025-06-05","w":15,"t":"Battles","s":"Armed clash","c":"Nigeria","l":"Buratai","a":"Borno","f":10}},{"type":"Feature","geometry":{"type":"Point","coordinates":[12.366,11.147]},"properties":{"d":"2025-06-06","w":15,"t":"Explosions/Remote violence","s":"Air/drone strike","c":"Nigeria","l":"Chiralia","a":"Borno","f":10}},{"type":"Feature","geometry":{"type":"Point","coordinates":[13.417,11.25]},"properties":{"d":"2025-06-05","w":15,"t":"Explosions/Remote violence","s":"Air/drone strike","c":"Nigeria","l":"Sambisa Forest Reserve","a":"Borno","f":10}},{"type":"Feature","geometry":{"type":"Point","coordinates":[34.325,31.342]},"properties":{"d":"2025-06-08","w":15,"t":"Battles","s":"Armed clash","c":"Palestine","l":"Bani Suheila","a":"Gaza Strip","f":10}},{"type":"Feature","geometry":{"type":"Point","coordinates":[37.429,48.336]},"properties":{"d":"2025-06-02","w":15,"t":"Battles","s":"Armed clash","c":"Ukraine","l":"Malynivka","a":"Donetsk","f":10}},{"type":"Feature","geometry":{"type":"Point","coordinates":[34.284,51.273]},"properties":{"d":"2025-06-05","w":15,"t":"Battles","s":"Armed clash","c":"Russia","l":"Tyotkino","a":"Kursk","f":10}},{"type":"Feature","geometry":{"type":"Point","coordinates":[25.522,13.056]},"properties":{"d":"2025-06-03","w":15,"t":"Explosions/Remote violence","s":"Air/drone strike","c":"Sudan","l":"Dar El Salam","a":"North Darfur","f":10}},{"type":"Feature","geometry":{"type":"Point","coordinates":[27.81,11.331]},"properties":{"d":"2025-06-03","w":15,"t":"Battles","s":"Armed clash","c":"Sudan","l":"Babanussa","a":"West Kordofan","f":10}},{"type":"Feature","geometry":{"type":"Point","coordinates":[25.356,13.626]},"properties":{"d":"2025-06-02","w":15,"t":"Explosions/Remote violence","s":"Shelling/artillery/missile attack","c":"Sudan","l":"El Fasher","a":"North Darfur","f":10}},{"type":"Feature","geometry":{"type":"Point","coordinates":[29.995,12.592]},"properties":{"d":"2025-06-06","w":15,"t":"Explosions/Remote violence","s":"Air/drone strike","c":"Sudan","l":"Al Hamadi","a":"South Kordofan","f":10}},{"type":"Feature","geometry":{"type":"Point","coordinates":[29.8,12.512]},"properties":{"d":"2025-06-08","w":15,"t":"Explosions/Remote violence","s":"Air/drone strike","c":"Sudan","l":"Dibebad","a":"South Kordofan","f":10}},{"type":"Feature","geometry":{"type":"Point","coordinates":[30.371,13.699]},"properties":{"d":"2025-06-06","w":15,"t":"Explosions/Remote violence","s":"Air/drone strike","c":"Sudan","l":"Bara","a":"North Kordofan","f":10}},{"type":"Feature","geometry":{"type":"Point","coordinates":[37.883,11.067]},"properties":{"d":"2025-06-04","w":15,"t":"Battles","s":"Armed clash","c":"Ethiopia","l":"Motta","a":"Amhara","f":10}},{"type":"Feature","geometry":{"type":"Point","coordinates":[39.956,10.341]},"properties":{"d":"2025-06-04","w":15,"t":"Battles","s":"Armed clash","c":"Ethiopia","l":"Ataye Town","a":"Amhara","f":10}},{"type":"Feature","geometry":{"type":"Point","coordinates":[37.467,12.6]},"properties":{"d":"2025-06-05","w":15,"t":"Battles","s":"Armed clash","c":"Ethiopia","l":"Gonder","a":"Amhara","f":10}},{"type":"Feature","geometry":{"type":"Point","coordinates":[38.811,10.471]},"properties":{"d":"2025-06-06","w":15,"t":"Battles","s":"Armed clash","c":"Ethiopia","l":"Kelela","a":"Amhara","f":10}},{"type":"Feature","geometry":{"type":"Point","coordinates":[37.467,12.6]},"properties":{"d":"2025-06-05","w":15,"t":"Battles","s":"Armed clash","c":"Ethiopia","l":"Gonder","a":"Amhara","f":10}},{"type":"Feature","geometry":{"type":"Point","coordinates":[37.492,11.265]},"properties":{"d":"2025-06-05","w":15,"t":"Battles","s":"Armed clash","c":"Ethiopia","l":"Adet","a":"Amhara","f":10}},{"type":"Feature","geometry":{"type":"Point","coordinates":[36.083,10.603]},"properties":{"d":"2025-06-06","w":15,"t":"Battles","s":"Armed clash","c":"Ethiopia","l":"Bulen","a":"Benshangul/Gumuz","f":10}},{"type":"Feature","geometry":{"type":"Point","coordinates":[37.317,9.0]},"properties":{"d":"2025-06-02","w":15,"t":"Battles","s":"Armed clash","c":"Ethiopia","l":"Ejaji","a":"Oromia","f":10}},{"type":"Feature","geometry":{"type":"Point","coordinates":[34.8,8.533]},"properties":{"d":"2025-06-03","w":15,"t":"Battles","s":"Armed clash","c":"Ethiopia","l":"Dembi Dolo","a":"Oromia","f":10}},{"type":"Feature","geometry":{"type":"Point","coordinates":[38.818,7.422]},"properties":{"d":"2025-06-05","w":15,"t":"Battles","s":"Armed clash","c":"Ethiopia","l":"Golije Town","a":"Oromia","f":10}},{"type":"Feature","geometry":{"type":"Point","coordinates":[38.217,8.667]},"properties":{"d":"2025-06-08","w":15,"t":"Battles","s":"Armed clash","c":"Ethiopia","l":"Tulu Bolo","a":"Oromia","f":10}},{"type":"Feature","geometry":{"type":"Point","coordinates":[49.743,10.855]},"properties":{"d":"2025-06-02","w":15,"t":"Explosions/Remote violence","s":"Air/drone strike","c":"Somalia","l":"Buuraha Cali Miskat","a":"Bari","f":10}},{"type":"Feature","geometry":{"type":"Point","coordinates":[46.429,6.039]},"properties":{"d":"2025-06-06","w":15,"t":"Battles","s":"Armed clash","c":"Somalia","l":"Xeraale","a":"Galgaduud","f":10}},{"type":"Feature","geometry":{"type":"Point","coordinates":[49.365,11.161]},"properties":{"d":"2025-06-06","w":15,"t":"Battles","s":"Armed clash","c":"Somalia","l":"Balaade","a":"Bari","f":10}},{"type":"Feature","geometry":{"type":"Point","coordinates":[46.429,6.039]},"properties":{"d":"2025-06-07","w":15,"t":"Battles","s":"Armed clash","c":"Somalia","l":"Xeraale","a":"Galgaduud","f":10}},{"type":"Feature","geometry":{"type":"Point","coordinates":[0.923,18.417]},"properties":{"d":"2025-06-04","w":15,"t":"Explosions/Remote violence","s":"Air/drone strike","c":"Mali","l":"Yenchechi","a":"Kidal","f":10}},{"type":"Feature","geometry":{"type":"Point","coordinates":[34.45,31.524]},"properties":{"d":"2025-06-05","w":15,"t":"Explosions/Remote violence","s":"Air/drone strike","c":"Palestine","l":"Gaza - Northern Remal","a":"Gaza Strip","f":9}},{"type":"Feature","geometry":{"type":"Point","coordinates":[34.241,31.31]},"properties":{"d":"2025-06-06","w":15,"t":"Violence against civilians","s":"Attack","c":"Palestine","l":"Tal as Sultan","a":"Gaza Strip","f":9}},{"type":"Feature","geometry":{"type":"Point","coordinates":[37.465,48.437]},"properties":{"d":"2025-06-02","w":15,"t":"Battles","s":"Armed clash","c":"Ukraine","l":"Poltavka","a":"Donetsk","f":9}},{"type":"Feature","geometry":{"type":"Point","coordinates":[36.991,48.24]},"properties":{"d":"2025-06-08","w":15,"t":"Battles","s":"Armed clash","c":"Ukraine","l":"Udachne","a":"Donetsk","f":9}},{"type":"Feature","geometry":{"type":"Point","coordinates":[37.265,48.225]},"properties":{"d":"2025-06-08","w":15,"t":"Battles","s":"Armed clash","c":"Ukraine","l":"Lysivka","a":"Donetsk","f":9}},{"type":"Feature","geometry":{"type":"Point","coordinates":[37.429,48.336]},"properties":{"d":"2025-06-08","w":15,"t":"Battles","s":"Armed clash","c":"Ukraine","l":"Malynivka","a":"Donetsk","f":9}},{"type":"Feature","geometry":{"type":"Point","coordinates":[37.38,48.299]},"properties":{"d":"2025-06-08","w":15,"t":"Battles","s":"Armed clash","c":"Ukraine","l":"Myroliubivka","a":"Donetsk","f":9}},{"type":"Feature","geometry":{"type":"Point","coordinates":[66.023,29.552]},"properties":{"d":"2025-06-05","w":15,"t":"Explosions/Remote violence","s":"Remote explosive/landmine/IED","c":"Pakistan","l":"Nushki","a":"Balochistan","f":9}},{"type":"Feature","geometry":{"type":"Point","coordinates":[46.627,6.146]},"properties":{"d":"2025-06-06","w":15,"t":"Violence against civilians","s":"Attack","c":"Somalia","l":"Cadaado","a":"Galgaduud","f":9}},{"type":"Feature","geometry":{"type":"Point","coordinates":[1.125,13.871]},"properties":{"d":"2025-06-02","w":15,"t":"Battles","s":"Armed clash","c":"Niger","l":"Garbougna","a":"Tillaberi","f":9}},{"type":"Feature","geometry":{"type":"Point","coordinates":[28.831,-2.225]},"properties":{"d":"2025-06-07","w":15,"t":"Battles","s":"Armed clash","c":"Democratic Republic of Congo","l":"Katana","a":"Sud-Kivu","f":9}},{"type":"Feature","geometry":{"type":"Point","coordinates":[96.675,19.073]},"properties":{"d":"2025-06-07","w":15,"t":"Battles","s":"Armed clash","c":"Myanmar","l":"Thandaunggyi","a":"Kayin","f":9}},{"type":"Feature","geometry":{"type":"Point","coordinates":[96.353,25.64]},"properties":{"d":"2025-06-06","w":15,"t":"Explosions/Remote violence","s":"Shelling/artillery/missile attack","c":"Myanmar","l":"Nyein Chan Thar Yar","a":"Kachin","f":9}},{"type":"Feature","geometry":{"type":"Point","coordinates":[9.1,9.432]},"properties":{"d":"2025-06-08","w":15,"t":"Violence against civilians","s":"Attack","c":"Nigeria","l":"Bwai","a":"Plateau","f":8}},{"type":"Feature","geometry":{"type":"Point","coordinates":[5.118,13.528]},"properties":{"d":"2025-06-08","w":15,"t":"Explosions/Remote violence","s":"Remote explosive/landmine/IED","c":"Nigeria","l":"Zurmuku","a":"Sokoto","f":8}},{"type":"Feature","geometry":{"type":"Point","coordinates":[34.45,31.524]},"properties":{"d":"2025-06-03","w":15,"t":"Explosions/Remote violence","s":"Air/drone strike","c":"Palestine","l":"Gaza - Northern Remal","a":"Gaza Strip","f":8}},{"type":"Feature","geometry":{"type":"Point","coordinates":[34.325,31.342]},"properties":{"d":"2025-06-07","w":15,"t":"Explosions/Remote violence","s":"Air/drone strike","c":"Palestine","l":"Bani Suheila","a":"Gaza Strip","f":8}},{"type":"Feature","geometry":{"type":"Point","coordinates":[36.612,35.097]},"properties":{"d":"2025-06-04","w":15,"t":"Explosions/Remote violence","s":"Air/drone strike","c":"Syria","l":"Rabiah","a":"Hama","f":8}},{"type":"Feature","geometry":{"type":"Point","coordinates":[36.948,48.017]},"properties":{"d":"2025-06-06","w":15,"t":"Battles","s":"Armed clash","c":"Ukraine","l":"Oleksiivka","a":"Donetsk","f":8}},{"type":"Feature","geometry":{"type":"Point","coordinates":[36.991,48.24]},"properties":{"d":"2025-06-03","w":15,"t":"Battles","s":"Armed clash","c":"Ukraine","l":"Udachne","a":"Donetsk","f":8}},{"type":"Feature","geometry":{"type":"Point","coordinates":[37.057,48.022]},"properties":{"d":"2025-06-08","w":15,"t":"Battles","s":"Armed clash","c":"Ukraine","l":"Andriivka","a":"Donetsk","f":8}},{"type":"Feature","geometry":{"type":"Point","coordinates":[36.916,48.099]},"properties":{"d":"2025-06-08","w":15,"t":"Battles","s":"Armed clash","c":"Ukraine","l":"Horikhove","a":"Donetsk","f":8}},{"type":"Feature","geometry":{"type":"Point","coordinates":[37.33,48.25]},"properties":{"d":"2025-06-08","w":15,"t":"Battles","s":"Armed clash","c":"Ukraine","l":"Mykolaivka","a":"Donetsk","f":8}},{"type":"Feature","geometry":{"type":"Point","coordinates":[37.008,48.365]},"properties":{"d":"2025-06-08","w":15,"t":"Battles","s":"Armed clash","c":"Ukraine","l":"Myrne","a":"Donetsk","f":8}},{"type":"Feature","geometry":{"type":"Point","coordinates":[36.965,48.199]},"properties":{"d":"2025-06-08","w":15,"t":"Battles","s":"Armed clash","c":"Ukraine","l":"Novoserhiivka","a":"Donetsk","f":8}},{"type":"Feature","geometry":{"type":"Point","coordinates":[36.948,48.017]},"properties":{"d":"2025-06-08","w":15,"t":"Battles","s":"Armed clash","c":"Ukraine","l":"Oleksiivka","a":"Donetsk","f":8}},{"type":"Feature","geometry":{"type":"Point","coordinates":[8.596,7.918]},"properties":{"d":"2025-06-14","w":16,"t":"Battles","s":"Armed clash","c":"Nigeria","l":"Daudu","a":"Benue","f":200}},{"type":"Feature","geometry":{"type":"Point","coordinates":[32.618,46.656]},"properties":{"d":"2025-06-09","w":16,"t":"Battles","s":"Armed clash","c":"Ukraine","l":"Kherson","a":"Kherson","f":128}},{"type":"Feature","geometry":{"type":"Point","coordinates":[32.618,46.656]},"properties":{"d":"2025-06-10","w":16,"t":"Battles","s":"Armed clash","c":"Ukraine","l":"Kherson","a":"Kherson","f":109}},{"type":"Feature","geometry":{"type":"Point","coordinates":[0.708,11.25]},"properties":{"d":"2025-06-09","w":16,"t":"Battles","s":"Armed clash","c":"Burkina Faso","l":"Pama","a":"Est","f":100}},{"type":"Feature","geometry":{"type":"Point","coordinates":[32.618,46.656]},"properties":{"d":"2025-06-13","w":16,"t":"Battles","s":"Armed clash","c":"Ukraine","l":"Kherson","a":"Kherson","f":71}},{"type":"Feature","geometry":{"type":"Point","coordinates":[51.461,35.807]},"properties":{"d":"2025-06-13","w":16,"t":"Explosions/Remote violence","s":"Air/drone strike","c":"Iran","l":"Tehran - District 1","a":"Tehran","f":62}},{"type":"Feature","geometry":{"type":"Point","coordinates":[32.618,46.656]},"properties":{"d":"2025-06-12","w":16,"t":"Battles","s":"Armed clash","c":"Ukraine","l":"Kherson","a":"Kherson","f":61}},{"type":"Feature","geometry":{"type":"Point","coordinates":[32.618,46.656]},"properties":{"d":"2025-06-11","w":16,"t":"Battles","s":"Armed clash","c":"Ukraine","l":"Kherson","a":"Kherson","f":61}},{"type":"Feature","geometry":{"type":"Point","coordinates":[32.618,46.656]},"properties":{"d":"2025-06-12","w":16,"t":"Battles","s":"Armed clash","c":"Ukraine","l":"Kherson","a":"Kherson","f":57}},{"type":"Feature","geometry":{"type":"Point","coordinates":[32.618,46.656]},"properties":{"d":"2025-06-10","w":16,"t":"Battles","s":"Armed clash","c":"Ukraine","l":"Kherson","a":"Kherson","f":54}},{"type":"Feature","geometry":{"type":"Point","coordinates":[32.618,46.656]},"properties":{"d":"2025-06-09","w":16,"t":"Battles","s":"Armed clash","c":"Ukraine","l":"Kherson","a":"Kherson","f":54}},{"type":"Feature","geometry":{"type":"Point","coordinates":[32.618,46.656]},"properties":{"d":"2025-06-11","w":16,"t":"Battles","s":"Armed clash","c":"Ukraine","l":"Kherson","a":"Kherson","f":50}},{"type":"Feature","geometry":{"type":"Point","coordinates":[32.618,46.656]},"properties":{"d":"2025-06-13","w":16,"t":"Battles","s":"Armed clash","c":"Ukraine","l":"Kherson","a":"Kherson","f":43}},{"type":"Feature","geometry":{"type":"Point","coordinates":[98.24,16.555]},"properties":{"d":"2025-06-14","w":16,"t":"Battles","s":"Armed clash","c":"Myanmar","l":"Kawkareik","a":"Kayin","f":40}},{"type":"Feature","geometry":{"type":"Point","coordinates":[51.444,35.722]},"properties":{"d":"2025-06-15","w":16,"t":"Explosions/Remote violence","s":"Air/drone strike","c":"Iran","l":"Tehran - District 7","a":"Tehran","f":31}},{"type":"Feature","geometry":{"type":"Point","coordinates":[25.356,13.626]},"properties":{"d":"2025-06-15","w":16,"t":"Battles","s":"Armed clash","c":"Sudan","l":"El Fasher","a":"North Darfur","f":29}},{"type":"Feature","geometry":{"type":"Point","coordinates":[34.415,31.456]},"properties":{"d":"2025-06-11","w":16,"t":"Explosions/Remote violence","s":"Air/drone strike","c":"Palestine","l":"Wadi Gaza - Salah al-Din Road","a":"Gaza Strip","f":28}},{"type":"Feature","geometry":{"type":"Point","coordinates":[27.81,11.331]},"properties":{"d":"2025-06-12","w":16,"t":"Battles","s":"Armed clash","c":"Sudan","l":"Babanussa","a":"West Kordofan","f":24}},{"type":"Feature","geometry":{"type":"Point","coordinates":[51.495,35.706]},"properties":{"d":"2025-06-15","w":16,"t":"Explosions/Remote violence","s":"Air/drone strike","c":"Iran","l":"Tehran - District 13","a":"Tehran","f":23}},{"type":"Feature","geometry":{"type":"Point","coordinates":[51.461,35.807]},"properties":{"d":"2025-06-15","w":16,"t":"Explosions/Remote violence","s":"Air/drone strike","c":"Iran","l":"Tehran - District 1","a":"Tehran","f":22}},{"type":"Feature","geometry":{"type":"Point","coordinates":[14.059,12.64]},"properties":{"d":"2025-06-09","w":16,"t":"Explosions/Remote violence","s":"Air/drone strike","c":"Nigeria","l":"Bukar Meram","a":"Borno","f":20}},{"type":"Feature","geometry":{"type":"Point","coordinates":[34.415,31.456]},"properties":{"d":"2025-06-10","w":16,"t":"Violence against civilians","s":"Attack","c":"Palestine","l":"Wadi Gaza - Salah al-Din Road","a":"Gaza Strip","f":20}},{"type":"Feature","geometry":{"type":"Point","coordinates":[34.296,31.348]},"properties":{"d":"2025-06-11","w":16,"t":"Battles","s":"Armed clash","c":"Palestine","l":"Khan Yunis - West (Municipal Stadium)","a":"Gaza Strip","f":20}},{"type":"Feature","geometry":{"type":"Point","coordinates":[34.337,31.401]},"properties":{"d":"2025-06-10","w":16,"t":"Battles","s":"Armed clash","c":"Palestine","l":"Wadi as Salqa","a":"Gaza Strip","f":20}},{"type":"Feature","geometry":{"type":"Point","coordinates":[96.348,25.648]},"properties":{"d":"2025-06-12","w":16,"t":"Battles","s":"Armed clash","c":"Myanmar","l":"Hmaw Si Zar","a":"Kachin","f":20}},{"type":"Feature","geometry":{"type":"Point","coordinates":[95.955,24.633]},"properties":{"d":"2025-06-09","w":16,"t":"Battles","s":"Armed clash","c":"Myanmar","l":"Khaung Tone","a":"Sagaing","f":20}},{"type":"Feature","geometry":{"type":"Point","coordinates":[0.655,19.045]},"properties":{"d":"2025-06-13","w":16,"t":"Battles","s":"Armed clash","c":"Mali","l":"Anou Mellene","a":"Kidal","f":18}},{"type":"Feature","geometry":{"type":"Point","coordinates":[24.84,11.742]},"properties":{"d":"2025-06-12","w":16,"t":"Battles","s":"Armed clash","c":"Sudan","l":"Sani Deleiba","a":"South Darfur","f":17}},{"type":"Feature","geometry":{"type":"Point","coordinates":[51.362,35.751]},"properties":{"d":"2025-06-13","w":16,"t":"Explosions/Remote violence","s":"Air/drone strike","c":"Iran","l":"Tehran - District 2","a":"Tehran","f":16}},{"type":"Feature","geometry":{"type":"Point","coordinates":[46.292,38.08]},"properties":{"d":"2025-06-13","w":16,"t":"Explosions/Remote violence","s":"Air/drone strike","c":"Iran","l":"Tabriz","a":"East Azerbaijan","f":15}},{"type":"Feature","geometry":{"type":"Point","coordinates":[34.415,31.456]},"properties":{"d":"2025-06-12","w":16,"t":"Explosions/Remote violence","s":"Air/drone strike","c":"Palestine","l":"Wadi Gaza - Salah al-Din Road","a":"Gaza Strip","f":15}},{"type":"Feature","geometry":{"type":"Point","coordinates":[34.392,31.459]},"properties":{"d":"2025-06-14","w":16,"t":"Violence against civilians","s":"Attack","c":"Palestine","l":"An Nusayrat - North","a":"Gaza Strip","f":15}},{"type":"Feature","geometry":{"type":"Point","coordinates":[36.916,48.099]},"properties":{"d":"2025-06-13","w":16,"t":"Battles","s":"Armed clash","c":"Ukraine","l":"Horikhove","a":"Donetsk","f":15}},{"type":"Feature","geometry":{"type":"Point","coordinates":[37.05,48.255]},"properties":{"d":"2025-06-13","w":16,"t":"Battles","s":"Armed clash","c":"Ukraine","l":"Kotlyne","a":"Donetsk","f":15}},{"type":"Feature","geometry":{"type":"Point","coordinates":[36.948,48.017]},"properties":{"d":"2025-06-13","w":16,"t":"Battles","s":"Armed clash","c":"Ukraine","l":"Oleksiivka","a":"Donetsk","f":15}},{"type":"Feature","geometry":{"type":"Point","coordinates":[36.991,48.24]},"properties":{"d":"2025-06-13","w":16,"t":"Battles","s":"Armed clash","c":"Ukraine","l":"Udachne","a":"Donetsk","f":15}},{"type":"Feature","geometry":{"type":"Point","coordinates":[49.365,11.161]},"properties":{"d":"2025-06-13","w":16,"t":"Battles","s":"Armed clash","c":"Somalia","l":"Balaade","a":"Bari","f":15}},{"type":"Feature","geometry":{"type":"Point","coordinates":[34.255,31.348]},"properties":{"d":"2025-06-09","w":16,"t":"Explosions/Remote violence","s":"Air/drone strike","c":"Palestine","l":"Al Mawasi (Khan Yunis)","a":"Gaza Strip","f":14}},{"type":"Feature","geometry":{"type":"Point","coordinates":[34.23,31.329]},"properties":{"d":"2025-06-09","w":16,"t":"Violence against civilians","s":"Attack","c":"Palestine","l":"Al Mawasi (Rafah)","a":"Gaza Strip","f":14}},{"type":"Feature","geometry":{"type":"Point","coordinates":[37.265,48.225]},"properties":{"d":"2025-06-13","w":16,"t":"Battles","s":"Armed clash","c":"Ukraine","l":"Lysivka","a":"Donetsk","f":14}},{"type":"Feature","geometry":{"type":"Point","coordinates":[37.38,48.299]},"properties":{"d":"2025-06-13","w":16,"t":"Battles","s":"Armed clash","c":"Ukraine","l":"Myroliubivka","a":"Donetsk","f":14}},{"type":"Feature","geometry":{"type":"Point","coordinates":[36.965,48.199]},"properties":{"d":"2025-06-13","w":16,"t":"Battles","s":"Armed clash","c":"Ukraine","l":"Novoserhiivka","a":"Donetsk","f":14}},{"type":"Feature","geometry":{"type":"Point","coordinates":[37.458,48.419]},"properties":{"d":"2025-06-13","w":16,"t":"Battles","s":"Armed clash","c":"Ukraine","l":"Popiv Yar","a":"Donetsk","f":14}},{"type":"Feature","geometry":{"type":"Point","coordinates":[37.318,48.269]},"properties":{"d":"2025-06-13","w":16,"t":"Battles","s":"Armed clash","c":"Ukraine","l":"Promin","a":"Donetsk","f":14}},{"type":"Feature","geometry":{"type":"Point","coordinates":[37.126,48.25]},"properties":{"d":"2025-06-13","w":16,"t":"Battles","s":"Armed clash","c":"Ukraine","l":"Zvirove","a":"Donetsk","f":14}},{"type":"Feature","geometry":{"type":"Point","coordinates":[51.206,35.742]},"properties":{"d":"2025-06-13","w":16,"t":"Explosions/Remote violence","s":"Air/drone strike","c":"Iran","l":"Tehran - District 22","a":"Tehran","f":13}},{"type":"Feature","geometry":{"type":"Point","coordinates":[8.654,7.099]},"properties":{"d":"2025-06-12","w":16,"t":"Violence against civilians","s":"Attack","c":"Nigeria","l":"Mtswenem","a":"Benue","f":13}},{"type":"Feature","geometry":{"type":"Point","coordinates":[34.392,31.449]},"properties":{"d":"2025-06-15","w":16,"t":"Explosions/Remote violence","s":"Air/drone strike","c":"Palestine","l":"An Nusayrat - Unspecified","a":"Gaza Strip","f":13}},{"type":"Feature","geometry":{"type":"Point","coordinates":[45.759,3.207]},"properties":{"d":"2025-06-11","w":16,"t":"Explosions/Remote violence","s":"Air/drone strike","c":"Somalia","l":"Ceel Baraf","a":"Middle Shabelle","f":13}},{"type":"Feature","geometry":{"type":"Point","coordinates":[0.466,14.683]},"properties":{"d":"2025-06-11","w":16,"t":"Battles","s":"Armed clash","c":"Niger","l":"Inigba","a":"Tillaberi","f":13}},{"type":"Feature","geometry":{"type":"Point","coordinates":[48.356,33.488]},"properties":{"d":"2025-06-13","w":16,"t":"Explosions/Remote violence","s":"Air/drone strike","c":"Iran","l":"Khorramabad","a":"Lorestan","f":12}},{"type":"Feature","geometry":{"type":"Point","coordinates":[50.926,35.626]},"properties":{"d":"2025-06-13","w":16,"t":"Explosions/Remote violence","s":"Air/drone strike","c":"Iran","l":"Bidkaneh","a":"Tehran","f":12}},{"type":"Feature","geometry":{"type":"Point","coordinates":[51.495,35.706]},"properties":{"d":"2025-06-13","w":16,"t":"Explosions/Remote violence","s":"Air/drone strike","c":"Iran","l":"Tehran - District 13","a":"Tehran","f":12}},{"type":"Feature","geometry":{"type":"Point","coordinates":[8.581,7.777]},"properties":{"d":"2025-06-12","w":16,"t":"Violence against civilians","s":"Attack","c":"Nigeria","l":"Akondonyou","a":"Benue","f":12}},{"type":"Feature","geometry":{"type":"Point","coordinates":[34.255,31.348]},"properties":{"d":"2025-06-10","w":16,"t":"Explosions/Remote violence","s":"Air/drone strike","c":"Palestine","l":"Al Mawasi (Khan Yunis)","a":"Gaza Strip","f":12}},{"type":"Feature","geometry":{"type":"Point","coordinates":[34.483,31.527]},"properties":{"d":"2025-06-09","w":16,"t":"Explosions/Remote violence","s":"Air/drone strike","c":"Palestine","l":"Jabalya","a":"Gaza Strip","f":12}},{"type":"Feature","geometry":{"type":"Point","coordinates":[34.447,31.535]},"properties":{"d":"2025-06-14","w":16,"t":"Explosions/Remote violence","s":"Shelling/artillery/missile attack","c":"Palestine","l":"Gaza - Ash Shati' Camp","a":"Gaza Strip","f":12}},{"type":"Feature","geometry":{"type":"Point","coordinates":[37.05,48.255]},"properties":{"d":"2025-06-10","w":16,"t":"Battles","s":"Armed clash","c":"Ukraine","l":"Kotlyne","a":"Donetsk","f":12}},{"type":"Feature","geometry":{"type":"Point","coordinates":[37.265,48.225]},"properties":{"d":"2025-06-10","w":16,"t":"Battles","s":"Armed clash","c":"Ukraine","l":"Lysivka","a":"Donetsk","f":12}},{"type":"Feature","geometry":{"type":"Point","coordinates":[37.379,48.337]},"properties":{"d":"2025-06-10","w":16,"t":"Battles","s":"Armed clash","c":"Ukraine","l":"Myrne","a":"Donetsk","f":12}},{"type":"Feature","geometry":{"type":"Point","coordinates":[37.38,48.299]},"properties":{"d":"2025-06-10","w":16,"t":"Battles","s":"Armed clash","c":"Ukraine","l":"Myroliubivka","a":"Donetsk","f":12}},{"type":"Feature","geometry":{"type":"Point","coordinates":[37.465,48.437]},"properties":{"d":"2025-06-10","w":16,"t":"Battles","s":"Armed clash","c":"Ukraine","l":"Poltavka","a":"Donetsk","f":12}},{"type":"Feature","geometry":{"type":"Point","coordinates":[37.449,48.303]},"properties":{"d":"2025-06-10","w":16,"t":"Battles","s":"Armed clash","c":"Ukraine","l":"Yelyzavetivka","a":"Donetsk","f":12}},{"type":"Feature","geometry":{"type":"Point","coordinates":[45.074,2.147]},"properties":{"d":"2025-06-09","w":16,"t":"Battles","s":"Armed clash","c":"Somalia","l":"Gaalware","a":"Lower Shabelle","f":12}},{"type":"Feature","geometry":{"type":"Point","coordinates":[45.076,37.553]},"properties":{"d":"2025-06-14","w":16,"t":"Explosions/Remote violence","s":"Air/drone strike","c":"Iran","l":"Orumiyeh","a":"West Azerbaijan","f":11}},{"type":"Feature","geometry":{"type":"Point","coordinates":[45.483,15.95]},"properties":{"d":"2025-06-15","w":16,"t":"Battles","s":"Armed clash","c":"Yemen","l":"Huwayshayan","a":"Al Jawf","f":11}},{"type":"Feature","geometry":{"type":"Point","coordinates":[11.937,11.503]},"properties":{"d":"2025-06-09","w":16,"t":"Battles","s":"Armed clash","c":"Nigeria","l":"Gujba","a":"Yobe","f":11}},{"type":"Feature","geometry":{"type":"Point","coordinates":[36.967,48.09]},"properties":{"d":"2025-06-10","w":16,"t":"Battles","s":"Armed clash","c":"Ukraine","l":"Bohdanivka","a":"Donetsk","f":11}},{"type":"Feature","geometry":{"type":"Point","coordinates":[36.916,48.099]},"properties":{"d":"2025-06-10","w":16,"t":"Battles","s":"Armed clash","c":"Ukraine","l":"Horikhove","a":"Donetsk","f":11}},{"type":"Feature","geometry":{"type":"Point","coordinates":[37.037,47.998]},"properties":{"d":"2025-06-10","w":16,"t":"Battles","s":"Armed clash","c":"Ukraine","l":"Kostiantynopil","a":"Donetsk","f":11}},{"type":"Feature","geometry":{"type":"Point","coordinates":[36.934,48.141]},"properties":{"d":"2025-06-10","w":16,"t":"Battles","s":"Armed clash","c":"Ukraine","l":"Kotliarivka","a":"Donetsk","f":11}},{"type":"Feature","geometry":{"type":"Point","coordinates":[36.965,48.199]},"properties":{"d":"2025-06-10","w":16,"t":"Battles","s":"Armed clash","c":"Ukraine","l":"Novoserhiivka","a":"Donetsk","f":11}},{"type":"Feature","geometry":{"type":"Point","coordinates":[36.991,48.24]},"properties":{"d":"2025-06-10","w":16,"t":"Battles","s":"Armed clash","c":"Ukraine","l":"Udachne","a":"Donetsk","f":11}},{"type":"Feature","geometry":{"type":"Point","coordinates":[36.965,48.199]},"properties":{"d":"2025-06-15","w":16,"t":"Battles","s":"Armed clash","c":"Ukraine","l":"Novoserhiivka","a":"Donetsk","f":11}},{"type":"Feature","geometry":{"type":"Point","coordinates":[29.8,12.512]},"properties":{"d":"2025-06-09","w":16,"t":"Explosions/Remote violence","s":"Air/drone strike","c":"Sudan","l":"Dibebad","a":"South Kordofan","f":11}},{"type":"Feature","geometry":{"type":"Point","coordinates":[45.05,2.116]},"properties":{"d":"2025-06-15","w":16,"t":"Explosions/Remote violence","s":"Remote explosive/landmine/IED","c":"Somalia","l":"Mareerey","a":"Lower Shabelle","f":11}},{"type":"Feature","geometry":{"type":"Point","coordinates":[51.491,35.725]},"properties":{"d":"2025-06-13","w":16,"t":"Explosions/Remote violence","s":"Air/drone strike","c":"Iran","l":"Tehran - District 8","a":"Tehran","f":10}},{"type":"Feature","geometry":{"type":"Point","coordinates":[51.491,35.725]},"properties":{"d":"2025-06-15","w":16,"t":"Explosions/Remote violence","s":"Air/drone strike","c":"Iran","l":"Tehran - District 8","a":"Tehran","f":10}},{"type":"Feature","geometry":{"type":"Point","coordinates":[6.883,5.56]},"properties":{"d":"2025-06-11","w":16,"t":"Violence against civilians","s":"Attack","c":"Nigeria","l":"Obudi-Agwa","a":"Imo","f":10}},{"type":"Feature","geometry":{"type":"Point","coordinates":[6.874,11.767]},"properties":{"d":"2025-06-10","w":16,"t":"Battles","s":"Armed clash","c":"Nigeria","l":"Kunchin Kalgo","a":"Zamfara","f":10}},{"type":"Feature","geometry":{"type":"Point","coordinates":[7.607,11.025]},"properties":{"d":"2025-06-09","w":16,"t":"Battles","s":"Armed clash","c":"Nigeria","l":"Dutsen Abba","a":"Kaduna","f":10}},{"type":"Feature","geometry":{"type":"Point","coordinates":[6.794,11.694]},"properties":{"d":"2025-06-09","w":16,"t":"Battles","s":"Armed clash","c":"Nigeria","l":"Danjibga","a":"Zamfara","f":10}},{"type":"Feature","geometry":{"type":"Point","coordinates":[13.338,10.995]},"properties":{"d":"2025-06-13","w":16,"t":"Explosions/Remote violence","s":"Air/drone strike","c":"Nigeria","l":"Izge-Unore","a":"Borno","f":10}},{"type":"Feature","geometry":{"type":"Point","coordinates":[6.874,11.767]},"properties":{"d":"2025-06-12","w":16,"t":"Battles","s":"Armed clash","c":"Nigeria","l":"Kunchin Kalgo","a":"Zamfara","f":10}},{"type":"Feature","geometry":{"type":"Point","coordinates":[34.752,32.024]},"properties":{"d":"2025-06-15","w":16,"t":"Explosions/Remote violence","s":"Shelling/artillery/missile attack","c":"Israel","l":"Bat Yam","a":"Tel Aviv","f":10}},{"type":"Feature","geometry":{"type":"Point","coordinates":[34.241,31.31]},"properties":{"d":"2025-06-15","w":16,"t":"Explosions/Remote violence","s":"Air/drone strike","c":"Palestine","l":"Tal as Sultan","a":"Gaza Strip","f":10}},{"type":"Feature","geometry":{"type":"Point","coordinates":[39.488,35.405]},"properties":{"d":"2025-06-11","w":16,"t":"Battles","s":"Armed clash","c":"Syria","l":"Bishri Mountain - Deir-ez-Zor","a":"Deir ez Zor","f":10}},{"type":"Feature","geometry":{"type":"Point","coordinates":[34.102,44.95]},"properties":{"d":"2025-06-13","w":16,"t":"Explosions/Remote violence","s":"Air/drone strike","c":"Ukraine","l":"Simferopol","a":"Crimea","f":10}},{"type":"Feature","geometry":{"type":"Point","coordinates":[25.052,21.991]},"properties":{"d":"2025-06-11","w":16,"t":"Battles","s":"Non-state actor overtakes territory","c":"Sudan","l":"Jebel Awinat","a":"Northern","f":10}},{"type":"Feature","geometry":{"type":"Point","coordinates":[24.891,12.056]},"properties":{"d":"2025-06-12","w":16,"t":"Battles","s":"Armed clash","c":"Sudan","l":"Nyala","a":"South Darfur","f":10}},{"type":"Feature","geometry":{"type":"Point","coordinates":[24.953,12.056]},"properties":{"d":"2025-06-12","w":16,"t":"Battles","s":"Armed clash","c":"Sudan","l":"Nyala Airport","a":"South Darfur","f":10}},{"type":"Feature","geometry":{"type":"Point","coordinates":[38.433,8.483]},"properties":{"d":"2025-06-10","w":16,"t":"Battles","s":"Armed clash","c":"Ethiopia","l":"Lemen","a":"Oromia","f":10}},{"type":"Feature","geometry":{"type":"Point","coordinates":[45.071,2.086]},"properties":{"d":"2025-06-15","w":16,"t":"Explosions/Remote violence","s":"Remote explosive/landmine/IED","c":"Somalia","l":"Cabdow Dibile","a":"Lower Shabelle","f":10}},{"type":"Feature","geometry":{"type":"Point","coordinates":[-4.148,13.962]},"properties":{"d":"2025-06-10","w":16,"t":"Battles","s":"Armed clash","c":"Mali","l":"Koulebala","a":"Mopti","f":10}},{"type":"Feature","geometry":{"type":"Point","coordinates":[0.868,19.834]},"properties":{"d":"2025-06-12","w":16,"t":"Battles","s":"Armed clash","c":"Mali","l":"Igharghar","a":"Kidal","f":10}},{"type":"Feature","geometry":{"type":"Point","coordinates":[21.738,13.702]},"properties":{"d":"2025-06-14","w":16,"t":"Violence against civilians","s":"Attack","c":"Chad","l":"Molou","a":"Ouaddai","f":10}},{"type":"Feature","geometry":{"type":"Point","coordinates":[21.738,13.702]},"properties":{"d":"2025-06-10","w":16,"t":"Violence against civilians","s":"Attack","c":"Chad","l":"Molou","a":"Ouaddai","f":10}},{"type":"Feature","geometry":{"type":"Point","coordinates":[96.315,25.614]},"properties":{"d":"2025-06-09","w":16,"t":"Battles","s":"Armed clash","c":"Myanmar","l":"Hpakant","a":"Kachin","f":10}},{"type":"Feature","geometry":{"type":"Point","coordinates":[96.348,25.648]},"properties":{"d":"2025-06-15","w":16,"t":"Battles","s":"Armed clash","c":"Myanmar","l":"Hmaw Si Zar","a":"Kachin","f":10}},{"type":"Feature","geometry":{"type":"Point","coordinates":[47.065,34.314]},"properties":{"d":"2025-06-14","w":16,"t":"Explosions/Remote violence","s":"Air/drone strike","c":"Iran","l":"Kermanshah","a":"Kermanshah","f":9}},{"type":"Feature","geometry":{"type":"Point","coordinates":[34.241,31.31]},"properties":{"d":"2025-06-11","w":16,"t":"Violence against civilians","s":"Attack","c":"Palestine","l":"Tal as Sultan","a":"Gaza Strip","f":9}},{"type":"Feature","geometry":{"type":"Point","coordinates":[34.447,31.535]},"properties":{"d":"2025-06-12","w":16,"t":"Explosions/Remote violence","s":"Air/drone strike","c":"Palestine","l":"Gaza - Ash Shati' Camp","a":"Gaza Strip","f":9}},{"type":"Feature","geometry":{"type":"Point","coordinates":[34.35,31.418]},"properties":{"d":"2025-06-13","w":16,"t":"Explosions/Remote violence","s":"Air/drone strike","c":"Palestine","l":"Deir al Balah","a":"Gaza Strip","f":9}},{"type":"Feature","geometry":{"type":"Point","coordinates":[36.925,48.187]},"properties":{"d":"2025-06-15","w":16,"t":"Battles","s":"Armed clash","c":"Ukraine","l":"Novomykolaivka","a":"Donetsk","f":9}},{"type":"Feature","geometry":{"type":"Point","coordinates":[37.181,48.281]},"properties":{"d":"2025-06-15","w":16,"t":"Battles","s":"Armed clash","c":"Ukraine","l":"Pokrovsk","a":"Donetsk","f":9}},{"type":"Feature","geometry":{"type":"Point","coordinates":[27.81,11.331]},"properties":{"d":"2025-06-15","w":16,"t":"Explosions/Remote violence","s":"Shelling/artillery/missile attack","c":"Sudan","l":"Babanussa","a":"West Kordofan","f":9}},{"type":"Feature","geometry":{"type":"Point","coordinates":[-4.201,13.933]},"properties":{"d":"2025-06-10","w":16,"t":"Battles","s":"Armed clash","c":"Mali","l":"Boundoure-Timissa","a":"Mopti","f":9}},{"type":"Feature","geometry":{"type":"Point","coordinates":[1.745,12.984]},"properties":{"d":"2025-06-13","w":16,"t":"Violence against civilians","s":"Attack","c":"Niger","l":"Niakatire","a":"Tillaberi","f":9}},{"type":"Feature","geometry":{"type":"Point","coordinates":[48.12,34.782]},"properties":{"d":"2025-06-14","w":16,"t":"Explosions/Remote violence","s":"Air/drone strike","c":"Iran","l":"Asadabad","a":"Hamadan","f":8}},{"type":"Feature","geometry":{"type":"Point","coordinates":[9.098,9.521]},"properties":{"d":"2025-06-10","w":16,"t":"Violence against civilians","s":"Attack","c":"Nigeria","l":"Mangu","a":"Plateau","f":8}},{"type":"Feature","geometry":{"type":"Point","coordinates":[-61.637,6.715]},"properties":{"d":"2025-06-10","w":16,"t":"Battles","s":"Armed clash","c":"Venezuela","l":"El Dorado","a":"Bolivar","f":8}},{"type":"Feature","geometry":{"type":"Point","coordinates":[27.81,11.331]},"properties":{"d":"2025-06-20","w":17,"t":"Battles","s":"Armed clash","c":"Sudan","l":"Babanussa","a":"West Kordofan","f":199}},{"type":"Feature","geometry":{"type":"Point","coordinates":[32.618,46.656]},"properties":{"d":"2025-06-16","w":17,"t":"Battles","s":"Armed clash","c":"Ukraine","l":"Kherson","a":"Kherson","f":114}},{"type":"Feature","geometry":{"type":"Point","coordinates":[32.618,46.656]},"properties":{"d":"2025-06-17","w":17,"t":"Battles","s":"Armed clash","c":"Ukraine","l":"Kherson","a":"Kherson","f":111}},{"type":"Feature","geometry":{"type":"Point","coordinates":[0.48,14.433]},"properties":{"d":"2025-06-20","w":17,"t":"Violence against civilians","s":"Attack","c":"Niger","l":"Manda","a":"Tillaberi","f":71}},{"type":"Feature","geometry":{"type":"Point","coordinates":[34.317,31.336]},"properties":{"d":"2025-06-17","w":17,"t":"Explosions/Remote violence","s":"Air/drone strike","c":"Palestine","l":"Khan Yunis - Maen","a":"Gaza Strip","f":60}},{"type":"Feature","geometry":{"type":"Point","coordinates":[32.618,46.656]},"properties":{"d":"2025-06-16","w":17,"t":"Battles","s":"Armed clash","c":"Ukraine","l":"Kherson","a":"Kherson","f":52}},{"type":"Feature","geometry":{"type":"Point","coordinates":[37.717,48.533]},"properties":{"d":"2025-06-21","w":17,"t":"Battles","s":"Armed clash","c":"Ukraine","l":"Kostiantynivka","a":"Donetsk","f":50}},{"type":"Feature","geometry":{"type":"Point","coordinates":[30.638,14.426]},"properties":{"d":"2025-06-21","w":17,"t":"Explosions/Remote violence","s":"Air/drone strike","c":"Sudan","l":"Um Garfa","a":"North Kordofan","f":50}},{"type":"Feature","geometry":{"type":"Point","coordinates":[93.519,19.368]},"properties":{"d":"2025-06-20","w":17,"t":"Battles","s":"Armed clash","c":"Myanmar","l":"Pyaing Sayt Kay","a":"Rakhine","f":50}},{"type":"Feature","geometry":{"type":"Point","coordinates":[32.618,46.656]},"properties":{"d":"2025-06-18","w":17,"t":"Battles","s":"Armed clash","c":"Ukraine","l":"Kherson","a":"Kherson","f":47}},{"type":"Feature","geometry":{"type":"Point","coordinates":[32.618,46.656]},"properties":{"d":"2025-06-17","w":17,"t":"Battles","s":"Armed clash","c":"Ukraine","l":"Kherson","a":"Kherson","f":46}},{"type":"Feature","geometry":{"type":"Point","coordinates":[32.618,46.656]},"properties":{"d":"2025-06-20","w":17,"t":"Battles","s":"Armed clash","c":"Ukraine","l":"Kherson","a":"Kherson","f":46}},{"type":"Feature","geometry":{"type":"Point","coordinates":[46.073,3.971]},"properties":{"d":"2025-06-22","w":17,"t":"Battles","s":"Non-state actor overtakes territory","c":"Somalia","l":"Cel Qoxle","a":"Hiraan","f":45}},{"type":"Feature","geometry":{"type":"Point","coordinates":[32.618,46.656]},"properties":{"d":"2025-06-18","w":17,"t":"Battles","s":"Armed clash","c":"Ukraine","l":"Kherson","a":"Kherson","f":42}},{"type":"Feature","geometry":{"type":"Point","coordinates":[32.618,46.656]},"properties":{"d":"2025-06-19","w":17,"t":"Battles","s":"Armed clash","c":"Ukraine","l":"Kherson","a":"Kherson","f":39}},{"type":"Feature","geometry":{"type":"Point","coordinates":[27.753,11.035]},"properties":{"d":"2025-06-21","w":17,"t":"Explosions/Remote violence","s":"Air/drone strike","c":"Sudan","l":"Muglad","a":"West Kordofan","f":39}},{"type":"Feature","geometry":{"type":"Point","coordinates":[2.702,15.039]},"properties":{"d":"2025-06-19","w":17,"t":"Battles","s":"Armed clash","c":"Niger","l":"Banibangou","a":"Tillaberi","f":39}},{"type":"Feature","geometry":{"type":"Point","coordinates":[30.896,11.037]},"properties":{"d":"2025-06-18","w":17,"t":"Battles","s":"Armed clash","c":"Sudan","l":"El Dashoul","a":"South Kordofan","f":34}},{"type":"Feature","geometry":{"type":"Point","coordinates":[34.241,31.31]},"properties":{"d":"2025-06-17","w":17,"t":"Explosions/Remote violence","s":"Air/drone strike","c":"Palestine","l":"Tal as Sultan","a":"Gaza Strip","f":30}},{"type":"Feature","geometry":{"type":"Point","coordinates":[34.241,31.31]},"properties":{"d":"2025-06-19","w":17,"t":"Violence against civilians","s":"Attack","c":"Palestine","l":"Tal as Sultan","a":"Gaza Strip","f":30}},{"type":"Feature","geometry":{"type":"Point","coordinates":[27.81,11.331]},"properties":{"d":"2025-06-16","w":17,"t":"Battles","s":"Armed clash","c":"Sudan","l":"Babanussa","a":"West Kordofan","f":30}},{"type":"Feature","geometry":{"type":"Point","coordinates":[98.081,16.588]},"properties":{"d":"2025-06-19","w":17,"t":"Battles","s":"Armed clash","c":"Myanmar","l":"Inn Gyi","a":"Kayin","f":30}},{"type":"Feature","geometry":{"type":"Point","coordinates":[34.457,31.534]},"properties":{"d":"2025-06-19","w":17,"t":"Explosions/Remote violence","s":"Air/drone strike","c":"Palestine","l":"Gaza - Nasr","a":"Gaza Strip","f":29}},{"type":"Feature","geometry":{"type":"Point","coordinates":[36.317,33.498]},"properties":{"d":"2025-06-22","w":17,"t":"Explosions/Remote violence","s":"Suicide bomb","c":"Syria","l":"Damascus - Al-Shaghour","a":"Damascus","f":28}},{"type":"Feature","geometry":{"type":"Point","coordinates":[24.891,12.056]},"properties":{"d":"2025-06-22","w":17,"t":"Battles","s":"Armed clash","c":"Sudan","l":"Nyala","a":"South Darfur","f":26}},{"type":"Feature","geometry":{"type":"Point","coordinates":[34.415,31.456]},"properties":{"d":"2025-06-20","w":17,"t":"Explosions/Remote violence","s":"Air/drone strike","c":"Palestine","l":"Wadi Gaza - Salah al-Din Road","a":"Gaza Strip","f":25}},{"type":"Feature","geometry":{"type":"Point","coordinates":[30.454,50.427]},"properties":{"d":"2025-06-17","w":17,"t":"Explosions/Remote violence","s":"Air/drone strike","c":"Ukraine","l":"Kyiv - Solomyanskyi","a":"Kyiv City","f":25}},{"type":"Feature","geometry":{"type":"Point","coordinates":[37.717,48.533]},"properties":{"d":"2025-06-19","w":17,"t":"Battles","s":"Armed clash","c":"Ukraine","l":"Kostiantynivka","a":"Donetsk","f":25}},{"type":"Feature","geometry":{"type":"Point","coordinates":[37.539,48.396]},"properties":{"d":"2025-06-17","w":17,"t":"Battles","s":"Armed clash","c":"Ukraine","l":"Novoolenivka","a":"Donetsk","f":25}},{"type":"Feature","geometry":{"type":"Point","coordinates":[41.984,-0.632]},"properties":{"d":"2025-06-18","w":17,"t":"Battles","s":"Armed clash","c":"Somalia","l":"Buulo Xaaji","a":"Lower Juba","f":25}},{"type":"Feature","geometry":{"type":"Point","coordinates":[48.356,33.488]},"properties":{"d":"2025-06-16","w":17,"t":"Explosions/Remote violence","s":"Air/drone strike","c":"Iran","l":"Khorramabad","a":"Lorestan","f":23}},{"type":"Feature","geometry":{"type":"Point","coordinates":[96.348,25.648]},"properties":{"d":"2025-06-17","w":17,"t":"Battles","s":"Armed clash","c":"Myanmar","l":"Hmaw Si Zar","a":"Kachin","f":23}},{"type":"Feature","geometry":{"type":"Point","coordinates":[95.748,17.888]},"properties":{"d":"2025-06-16","w":17,"t":"Battles","s":"Armed clash","c":"Myanmar","l":"Oke Twin Ywar Ma","a":"Bago-West","f":23}},{"type":"Feature","geometry":{"type":"Point","coordinates":[2.03,14.46]},"properties":{"d":"2025-06-20","w":17,"t":"Battles","s":"Armed clash","c":"Niger","l":"Tondikiwindi","a":"Tillaberi","f":22}},{"type":"Feature","geometry":{"type":"Point","coordinates":[32.618,46.656]},"properties":{"d":"2025-06-20","w":17,"t":"Battles","s":"Armed clash","c":"Ukraine","l":"Kherson","a":"Kherson","f":21}},{"type":"Feature","geometry":{"type":"Point","coordinates":[13.823,13.095]},"properties":{"d":"2025-06-18","w":17,"t":"Battles","s":"Armed clash","c":"Nigeria","l":"Baga","a":"Borno","f":20}},{"type":"Feature","geometry":{"type":"Point","coordinates":[8.513,7.745]},"properties":{"d":"2025-06-21","w":17,"t":"Violence against civilians","s":"Attack","c":"Nigeria","l":"Makurdi-Wadata","a":"Benue","f":20}},{"type":"Feature","geometry":{"type":"Point","coordinates":[34.23,31.329]},"properties":{"d":"2025-06-16","w":17,"t":"Explosions/Remote violence","s":"Shelling/artillery/missile attack","c":"Palestine","l":"Al Mawasi (Rafah)","a":"Gaza Strip","f":20}},{"type":"Feature","geometry":{"type":"Point","coordinates":[36.965,48.199]},"properties":{"d":"2025-06-22","w":17,"t":"Battles","s":"Armed clash","c":"Ukraine","l":"Novoserhiivka","a":"Donetsk","f":20}},{"type":"Feature","geometry":{"type":"Point","coordinates":[30.896,11.037]},"properties":{"d":"2025-06-21","w":17,"t":"Battles","s":"Non-state actor overtakes territory","c":"Sudan","l":"El Dashoul","a":"South Kordofan","f":20}},{"type":"Feature","geometry":{"type":"Point","coordinates":[45.038,2.131]},"properties":{"d":"2025-06-16","w":17,"t":"Explosions/Remote violence","s":"Remote explosive/landmine/IED","c":"Somalia","l":"Saabid","a":"Lower Shabelle","f":20}},{"type":"Feature","geometry":{"type":"Point","coordinates":[98.24,16.555]},"properties":{"d":"2025-06-18","w":17,"t":"Battles","s":"Armed clash","c":"Myanmar","l":"Kawkareik","a":"Kayin","f":20}},{"type":"Feature","geometry":{"type":"Point","coordinates":[95.79,17.934]},"properties":{"d":"2025-06-20","w":17,"t":"Battles","s":"Armed clash","c":"Myanmar","l":"Taung Pyat Ywar Ma","a":"Bago-West","f":20}},{"type":"Feature","geometry":{"type":"Point","coordinates":[37.429,48.336]},"properties":{"d":"2025-06-22","w":17,"t":"Battles","s":"Armed clash","c":"Ukraine","l":"Malynivka","a":"Donetsk","f":19}},{"type":"Feature","geometry":{"type":"Point","coordinates":[36.898,48.178]},"properties":{"d":"2025-06-22","w":17,"t":"Battles","s":"Armed clash","c":"Ukraine","l":"Muravka","a":"Donetsk","f":19}},{"type":"Feature","geometry":{"type":"Point","coordinates":[37.38,48.299]},"properties":{"d":"2025-06-22","w":17,"t":"Battles","s":"Armed clash","c":"Ukraine","l":"Myroliubivka","a":"Donetsk","f":19}},{"type":"Feature","geometry":{"type":"Point","coordinates":[36.991,48.24]},"properties":{"d":"2025-06-22","w":17,"t":"Battles","s":"Armed clash","c":"Ukraine","l":"Udachne","a":"Donetsk","f":19}},{"type":"Feature","geometry":{"type":"Point","coordinates":[15.383,8.759]},"properties":{"d":"2025-06-19","w":17,"t":"Violence against civilians","s":"Attack","c":"Chad","l":"Mandakao","a":"Logone Occidental","f":19}},{"type":"Feature","geometry":{"type":"Point","coordinates":[20.84,11.347]},"properties":{"d":"2025-06-22","w":17,"t":"Battles","s":"Armed clash","c":"Chad","l":"Mouraye","a":"Salamat","f":19}},{"type":"Feature","geometry":{"type":"Point","coordinates":[14.967,9.352]},"properties":{"d":"2025-06-19","w":17,"t":"Violence against civilians","s":"Attack","c":"Chad","l":"Pala","a":"Mayo Kebbi Ouest","f":19}},{"type":"Feature","geometry":{"type":"Point","coordinates":[54.367,31.897]},"properties":{"d":"2025-06-22","w":17,"t":"Explosions/Remote violence","s":"Air/drone strike","c":"Iran","l":"Yazd","a":"Yazd","f":18}},{"type":"Feature","geometry":{"type":"Point","coordinates":[36.934,48.141]},"properties":{"d":"2025-06-22","w":17,"t":"Battles","s":"Armed clash","c":"Ukraine","l":"Kotliarivka","a":"Donetsk","f":18}},{"type":"Feature","geometry":{"type":"Point","coordinates":[36.707,47.986]},"properties":{"d":"2025-06-22","w":17,"t":"Battles","s":"Armed clash","c":"Ukraine","l":"Myrne","a":"Donetsk","f":18}},{"type":"Feature","geometry":{"type":"Point","coordinates":[36.948,48.017]},"properties":{"d":"2025-06-22","w":17,"t":"Battles","s":"Armed clash","c":"Ukraine","l":"Oleksiivka","a":"Donetsk","f":18}},{"type":"Feature","geometry":{"type":"Point","coordinates":[37.318,48.269]},"properties":{"d":"2025-06-22","w":17,"t":"Battles","s":"Armed clash","c":"Ukraine","l":"Promin","a":"Donetsk","f":18}},{"type":"Feature","geometry":{"type":"Point","coordinates":[36.965,48.199]},"properties":{"d":"2025-06-16","w":17,"t":"Battles","s":"Armed clash","c":"Ukraine","l":"Novoserhiivka","a":"Donetsk","f":17}},{"type":"Feature","geometry":{"type":"Point","coordinates":[3.66,12.766]},"properties":{"d":"2025-06-22","w":17,"t":"Violence against civilians","s":"Attack","c":"Niger","l":"Abdouladji","a":"Dosso","f":17}},{"type":"Feature","geometry":{"type":"Point","coordinates":[3.66,12.766]},"properties":{"d":"2025-06-20","w":17,"t":"Violence against civilians","s":"Attack","c":"Niger","l":"Abdouladji","a":"Dosso","f":17}},{"type":"Feature","geometry":{"type":"Point","coordinates":[28.564,-2.742]},"properties":{"d":"2025-06-22","w":17,"t":"Violence against civilians","s":"Attack","c":"Democratic Republic of Congo","l":"Luzirhu","a":"Sud-Kivu","f":17}},{"type":"Feature","geometry":{"type":"Point","coordinates":[34.415,31.456]},"properties":{"d":"2025-06-19","w":17,"t":"Explosions/Remote violence","s":"Air/drone strike","c":"Palestine","l":"Wadi Gaza - Salah al-Din Road","a":"Gaza Strip","f":16}},{"type":"Feature","geometry":{"type":"Point","coordinates":[34.483,31.527]},"properties":{"d":"2025-06-19","w":17,"t":"Explosions/Remote violence","s":"Air/drone strike","c":"Palestine","l":"Jabalya","a":"Gaza Strip","f":16}},{"type":"Feature","geometry":{"type":"Point","coordinates":[5.361,11.542]},"properties":{"d":"2025-06-16","w":17,"t":"Violence against civilians","s":"Attack","c":"Nigeria","l":"Tadurga","a":"Kebbi","f":15}},{"type":"Feature","geometry":{"type":"Point","coordinates":[5.224,11.554]},"properties":{"d":"2025-06-16","w":17,"t":"Violence against civilians","s":"Attack","c":"Nigeria","l":"Kebu","a":"Kebbi","f":15}},{"type":"Feature","geometry":{"type":"Point","coordinates":[37.38,48.299]},"properties":{"d":"2025-06-16","w":17,"t":"Battles","s":"Armed clash","c":"Ukraine","l":"Myroliubivka","a":"Donetsk","f":15}},{"type":"Feature","geometry":{"type":"Point","coordinates":[37.318,48.269]},"properties":{"d":"2025-06-16","w":17,"t":"Battles","s":"Armed clash","c":"Ukraine","l":"Promin","a":"Donetsk","f":15}},{"type":"Feature","geometry":{"type":"Point","coordinates":[37.407,48.372]},"properties":{"d":"2025-06-16","w":17,"t":"Battles","s":"Armed clash","c":"Ukraine","l":"Shevchenko Pershe","a":"Donetsk","f":15}},{"type":"Feature","geometry":{"type":"Point","coordinates":[36.991,48.24]},"properties":{"d":"2025-06-16","w":17,"t":"Battles","s":"Armed clash","c":"Ukraine","l":"Udachne","a":"Donetsk","f":15}},{"type":"Feature","geometry":{"type":"Point","coordinates":[34.474,31.505]},"properties":{"d":"2025-06-18","w":17,"t":"Explosions/Remote violence","s":"Air/drone strike","c":"Palestine","l":"Gaza - Unspecified","a":"Gaza Strip","f":14}},{"type":"Feature","geometry":{"type":"Point","coordinates":[34.457,31.534]},"properties":{"d":"2025-06-20","w":17,"t":"Explosions/Remote violence","s":"Air/drone strike","c":"Palestine","l":"Gaza - Nasr","a":"Gaza Strip","f":14}},{"type":"Feature","geometry":{"type":"Point","coordinates":[34.447,31.535]},"properties":{"d":"2025-06-22","w":17,"t":"Explosions/Remote violence","s":"Air/drone strike","c":"Palestine","l":"Gaza - Ash Shati' Camp","a":"Gaza Strip","f":14}},{"type":"Feature","geometry":{"type":"Point","coordinates":[37.057,48.022]},"properties":{"d":"2025-06-16","w":17,"t":"Battles","s":"Armed clash","c":"Ukraine","l":"Andriivka","a":"Donetsk","f":14}},{"type":"Feature","geometry":{"type":"Point","coordinates":[36.916,48.099]},"properties":{"d":"2025-06-16","w":17,"t":"Battles","s":"Armed clash","c":"Ukraine","l":"Horikhove","a":"Donetsk","f":14}},{"type":"Feature","geometry":{"type":"Point","coordinates":[36.934,48.141]},"properties":{"d":"2025-06-16","w":17,"t":"Battles","s":"Armed clash","c":"Ukraine","l":"Kotliarivka","a":"Donetsk","f":14}},{"type":"Feature","geometry":{"type":"Point","coordinates":[37.221,48.249]},"properties":{"d":"2025-06-16","w":17,"t":"Battles","s":"Armed clash","c":"Ukraine","l":"Novopavlivka","a":"Donetsk","f":14}},{"type":"Feature","geometry":{"type":"Point","coordinates":[36.948,48.017]},"properties":{"d":"2025-06-16","w":17,"t":"Battles","s":"Armed clash","c":"Ukraine","l":"Oleksiivka","a":"Donetsk","f":14}},{"type":"Feature","geometry":{"type":"Point","coordinates":[41.984,-0.632]},"properties":{"d":"2025-06-16","w":17,"t":"Explosions/Remote violence","s":"Air/drone strike","c":"Somalia","l":"Buulo Xaaji","a":"Lower Juba","f":14}},{"type":"Feature","geometry":{"type":"Point","coordinates":[-102.924,22.245]},"properties":{"d":"2025-06-17","w":17,"t":"Battles","s":"Armed clash","c":"Mexico","l":"La Encarnacion","a":"Zacatecas","f":14}},{"type":"Feature","geometry":{"type":"Point","coordinates":[7.506,12.595]},"properties":{"d":"2025-06-18","w":17,"t":"Battles","s":"Armed clash","c":"Nigeria","l":"Birchi","a":"Katsina","f":13}},{"type":"Feature","geometry":{"type":"Point","coordinates":[9.003,9.277]},"properties":{"d":"2025-06-19","w":17,"t":"Violence against civilians","s":"Attack","c":"Nigeria","l":"Tangu","a":"Plateau","f":13}},{"type":"Feature","geometry":{"type":"Point","coordinates":[95.735,21.529]},"properties":{"d":"2025-06-20","w":17,"t":"Battles","s":"Armed clash","c":"Myanmar","l":"Wet Lu (Middle)","a":"Mandalay","f":13}},{"type":"Feature","geometry":{"type":"Point","coordinates":[12.366,11.147]},"properties":{"d":"2025-06-18","w":17,"t":"Explosions/Remote violence","s":"Air/drone strike","c":"Nigeria","l":"Chiralia","a":"Borno","f":12}},{"type":"Feature","geometry":{"type":"Point","coordinates":[9.098,9.521]},"properties":{"d":"2025-06-20","w":17,"t":"Riots","s":"Mob violence","c":"Nigeria","l":"Mangu","a":"Plateau","f":12}},{"type":"Feature","geometry":{"type":"Point","coordinates":[34.378,31.41]},"properties":{"d":"2025-06-20","w":17,"t":"Explosions/Remote violence","s":"Air/drone strike","c":"Palestine","l":"Al Musaddar","a":"Gaza Strip","f":12}},{"type":"Feature","geometry":{"type":"Point","coordinates":[34.447,31.535]},"properties":{"d":"2025-06-19","w":17,"t":"Explosions/Remote violence","s":"Air/drone strike","c":"Palestine","l":"Gaza - Ash Shati' Camp","a":"Gaza Strip","f":12}},{"type":"Feature","geometry":{"type":"Point","coordinates":[37.067,10.7]},"properties":{"d":"2025-06-18","w":17,"t":"Battles","s":"Armed clash","c":"Ethiopia","l":"Bure","a":"Amhara","f":12}},{"type":"Feature","geometry":{"type":"Point","coordinates":[46.25,3.774]},"properties":{"d":"2025-06-20","w":17,"t":"Explosions/Remote violence","s":"Air/drone strike","c":"Somalia","l":"Adan Yabaal","a":"Middle Shabelle","f":12}},{"type":"Feature","geometry":{"type":"Point","coordinates":[51.675,32.653]},"properties":{"d":"2025-06-17","w":17,"t":"Explosions/Remote violence","s":"Air/drone strike","c":"Iran","l":"Isfahan","a":"Isfahan","f":11}},{"type":"Feature","geometry":{"type":"Point","coordinates":[51.422,35.694]},"properties":{"d":"2025-06-16","w":17,"t":"Explosions/Remote violence","s":"Air/drone strike","c":"Iran","l":"Tehran - Unspecified","a":"Tehran","f":11}},{"type":"Feature","geometry":{"type":"Point","coordinates":[12.521,10.931]},"properties":{"d":"2025-06-20","w":17,"t":"Battles","s":"Armed clash","c":"Nigeria","l":"Azir","a":"Borno","f":11}},{"type":"Feature","geometry":{"type":"Point","coordinates":[13.418,11.653]},"properties":{"d":"2025-06-20","w":17,"t":"Explosions/Remote violence","s":"Suicide bomb","c":"Nigeria","l":"Konduga","a":"Borno","f":11}},{"type":"Feature","geometry":{"type":"Point","coordinates":[34.255,31.348]},"properties":{"d":"2025-06-18","w":17,"t":"Explosions/Remote violence","s":"Air/drone strike","c":"Palestine","l":"Al Mawasi (Khan Yunis)","a":"Gaza Strip","f":11}},{"type":"Feature","geometry":{"type":"Point","coordinates":[34.415,31.456]},"properties":{"d":"2025-06-18","w":17,"t":"Explosions/Remote violence","s":"Air/drone strike","c":"Palestine","l":"Wadi Gaza - Salah al-Din Road","a":"Gaza Strip","f":11}},{"type":"Feature","geometry":{"type":"Point","coordinates":[-1.215,13.362]},"properties":{"d":"2025-06-16","w":17,"t":"Battles","s":"Armed clash","c":"Burkina Faso","l":"Gagui","a":"Centre-Nord","f":11}},{"type":"Feature","geometry":{"type":"Point","coordinates":[46.292,38.08]},"properties":{"d":"2025-06-21","w":17,"t":"Explosions/Remote violence","s":"Air/drone strike","c":"Iran","l":"Tabriz","a":"East Azerbaijan","f":10}},{"type":"Feature","geometry":{"type":"Point","coordinates":[7.477,11.786]},"properties":{"d":"2025-06-16","w":17,"t":"Battles","s":"Armed clash","c":"Nigeria","l":"Burdugau","a":"Katsina","f":10}},{"type":"Feature","geometry":{"type":"Point","coordinates":[34.386,31.421]},"properties":{"d":"2025-06-18","w":17,"t":"Explosions/Remote violence","s":"Air/drone strike","c":"Palestine","l":"Al Maghazi","a":"Gaza Strip","f":10}},{"type":"Feature","geometry":{"type":"Point","coordinates":[34.452,31.496]},"properties":{"d":"2025-06-19","w":17,"t":"Explosions/Remote violence","s":"Air/drone strike","c":"Palestine","l":"Gaza - Az Zaytun","a":"Gaza Strip","f":10}},{"type":"Feature","geometry":{"type":"Point","coordinates":[36.916,48.099]},"properties":{"d":"2025-06-19","w":17,"t":"Battles","s":"Armed clash","c":"Ukraine","l":"Horikhove","a":"Donetsk","f":10}},{"type":"Feature","geometry":{"type":"Point","coordinates":[36.253,49.981]},"properties":{"d":"2025-06-19","w":17,"t":"Explosions/Remote violence","s":"Air/drone strike","c":"Ukraine","l":"Kharkiv","a":"Kharkiv","f":10}},{"type":"Feature","geometry":{"type":"Point","coordinates":[32.618,46.656]},"properties":{"d":"2025-06-19","w":17,"t":"Battles","s":"Armed clash","c":"Ukraine","l":"Kherson","a":"Kherson","f":10}},{"type":"Feature","geometry":{"type":"Point","coordinates":[37.366,48.381]},"properties":{"d":"2025-06-19","w":17,"t":"Battles","s":"Armed clash","c":"Ukraine","l":"Kopteve","a":"Donetsk","f":10}},{"type":"Feature","geometry":{"type":"Point","coordinates":[37.05,48.255]},"properties":{"d":"2025-06-19","w":17,"t":"Battles","s":"Armed clash","c":"Ukraine","l":"Kotlyne","a":"Donetsk","f":10}},{"type":"Feature","geometry":{"type":"Point","coordinates":[37.265,48.225]},"properties":{"d":"2025-06-19","w":17,"t":"Battles","s":"Armed clash","c":"Ukraine","l":"Lysivka","a":"Donetsk","f":10}},{"type":"Feature","geometry":{"type":"Point","coordinates":[37.379,48.337]},"properties":{"d":"2025-06-19","w":17,"t":"Battles","s":"Armed clash","c":"Ukraine","l":"Myrne","a":"Donetsk","f":10}},{"type":"Feature","geometry":{"type":"Point","coordinates":[37.38,48.299]},"properties":{"d":"2025-06-19","w":17,"t":"Battles","s":"Armed clash","c":"Ukraine","l":"Myroliubivka","a":"Donetsk","f":10}},{"type":"Feature","geometry":{"type":"Point","coordinates":[36.965,48.199]},"properties":{"d":"2025-06-19","w":17,"t":"Battles","s":"Armed clash","c":"Ukraine","l":"Novoserhiivka","a":"Donetsk","f":10}},{"type":"Feature","geometry":{"type":"Point","coordinates":[37.465,48.437]},"properties":{"d":"2025-06-19","w":17,"t":"Battles","s":"Armed clash","c":"Ukraine","l":"Poltavka","a":"Donetsk","f":10}},{"type":"Feature","geometry":{"type":"Point","coordinates":[37.318,48.269]},"properties":{"d":"2025-06-19","w":17,"t":"Battles","s":"Armed clash","c":"Ukraine","l":"Promin","a":"Donetsk","f":10}},{"type":"Feature","geometry":{"type":"Point","coordinates":[34.8,50.922]},"properties":{"d":"2025-06-22","w":17,"t":"Explosions/Remote violence","s":"Shelling/artillery/missile attack","c":"Ukraine","l":"Sumy","a":"Sumy","f":10}},{"type":"Feature","geometry":{"type":"Point","coordinates":[27.81,11.331]},"properties":{"d":"2025-06-19","w":17,"t":"Explosions/Remote violence","s":"Air/drone strike","c":"Sudan","l":"Babanussa","a":"West Kordofan","f":10}},{"type":"Feature","geometry":{"type":"Point","coordinates":[27.81,11.331]},"properties":{"d":"2025-06-17","w":17,"t":"Battles","s":"Armed clash","c":"Sudan","l":"Babanussa","a":"West Kordofan","f":10}},{"type":"Feature","geometry":{"type":"Point","coordinates":[51.426,35.766]},"properties":{"d":"2025-06-23","w":18,"t":"Explosions/Remote violence","s":"Air/drone strike","c":"Iran","l":"Tehran - District 3","a":"Tehran","f":98}},{"type":"Feature","geometry":{"type":"Point","coordinates":[51.461,35.807]},"properties":{"d":"2025-06-23","w":18,"t":"Explosions/Remote violence","s":"Air/drone strike","c":"Iran","l":"Tehran - District 1","a":"Tehran","f":80}},{"type":"Feature","geometry":{"type":"Point","coordinates":[32.618,46.656]},"properties":{"d":"2025-06-23","w":18,"t":"Battles","s":"Armed clash","c":"Ukraine","l":"Kherson","a":"Kherson","f":56}},{"type":"Feature","geometry":{"type":"Point","coordinates":[32.618,46.656]},"properties":{"d":"2025-06-25","w":18,"t":"Battles","s":"Armed clash","c":"Ukraine","l":"Kherson","a":"Kherson","f":49}},{"type":"Feature","geometry":{"type":"Point","coordinates":[32.618,46.656]},"properties":{"d":"2025-06-24","w":18,"t":"Battles","s":"Armed clash","c":"Ukraine","l":"Kherson","a":"Kherson","f":45}},{"type":"Feature","geometry":{"type":"Point","coordinates":[32.618,46.656]},"properties":{"d":"2025-06-24","w":18,"t":"Battles","s":"Armed clash","c":"Ukraine","l":"Kherson","a":"Kherson","f":45}},{"type":"Feature","geometry":{"type":"Point","coordinates":[50.992,35.833]},"properties":{"d":"2025-06-23","w":18,"t":"Explosions/Remote violence","s":"Air/drone strike","c":"Iran","l":"Karaj","a":"Alborz","f":44}},{"type":"Feature","geometry":{"type":"Point","coordinates":[41.984,-0.632]},"properties":{"d":"2025-06-28","w":18,"t":"Battles","s":"Armed clash","c":"Somalia","l":"Buulo Xaaji","a":"Lower Juba","f":43}},{"type":"Feature","geometry":{"type":"Point","coordinates":[29.235,12.353]},"properties":{"d":"2025-06-28","w":18,"t":"Explosions/Remote violence","s":"Air/drone strike","c":"Sudan","l":"Abu Zabad","a":"West Kordofan","f":41}},{"type":"Feature","geometry":{"type":"Point","coordinates":[32.618,46.656]},"properties":{"d":"2025-06-27","w":18,"t":"Battles","s":"Armed clash","c":"Ukraine","l":"Kherson","a":"Kherson","f":40}},{"type":"Feature","geometry":{"type":"Point","coordinates":[32.618,46.656]},"properties":{"d":"2025-06-26","w":18,"t":"Battles","s":"Armed clash","c":"Ukraine","l":"Kherson","a":"Kherson","f":40}},{"type":"Feature","geometry":{"type":"Point","coordinates":[6.613,12.983]},"properties":{"d":"2025-06-23","w":18,"t":"Battles","s":"Armed clash","c":"Nigeria","l":"Fakai","a":"Zamfara","f":39}},{"type":"Feature","geometry":{"type":"Point","coordinates":[32.618,46.656]},"properties":{"d":"2025-06-23","w":18,"t":"Battles","s":"Armed clash","c":"Ukraine","l":"Kherson","a":"Kherson","f":39}},{"type":"Feature","geometry":{"type":"Point","coordinates":[34.241,31.31]},"properties":{"d":"2025-06-24","w":18,"t":"Violence against civilians","s":"Attack","c":"Palestine","l":"Tal as Sultan","a":"Gaza Strip","f":30}},{"type":"Feature","geometry":{"type":"Point","coordinates":[34.415,31.456]},"properties":{"d":"2025-06-24","w":18,"t":"Explosions/Remote violence","s":"Air/drone strike","c":"Palestine","l":"Wadi Gaza - Salah al-Din Road","a":"Gaza Strip","f":29}},{"type":"Feature","geometry":{"type":"Point","coordinates":[34.483,31.527]},"properties":{"d":"2025-06-29","w":18,"t":"Explosions/Remote violence","s":"Air/drone strike","c":"Palestine","l":"Jabalya","a":"Gaza Strip","f":27}},{"type":"Feature","geometry":{"type":"Point","coordinates":[42.28,-0.326]},"properties":{"d":"2025-06-28","w":18,"t":"Battles","s":"Armed clash","c":"Somalia","l":"Abdi-Dhore","a":"Lower Juba","f":27}},{"type":"Feature","geometry":{"type":"Point","coordinates":[43.595,3.025]},"properties":{"d":"2025-06-23","w":18,"t":"Battles","s":"Armed clash","c":"Somalia","l":"Burjeedka","a":"Bay","f":26}},{"type":"Feature","geometry":{"type":"Point","coordinates":[34.255,31.348]},"properties":{"d":"2025-06-23","w":18,"t":"Explosions/Remote violence","s":"Air/drone strike","c":"Palestine","l":"Al Mawasi (Khan Yunis)","a":"Gaza Strip","f":25}},{"type":"Feature","geometry":{"type":"Point","coordinates":[32.618,46.656]},"properties":{"d":"2025-06-25","w":18,"t":"Battles","s":"Armed clash","c":"Ukraine","l":"Kherson","a":"Kherson","f":24}},{"type":"Feature","geometry":{"type":"Point","coordinates":[34.475,31.513]},"properties":{"d":"2025-06-28","w":18,"t":"Explosions/Remote violence","s":"Air/drone strike","c":"Palestine","l":"Gaza - At Tuffah","a":"Gaza Strip","f":23}},{"type":"Feature","geometry":{"type":"Point","coordinates":[35.039,48.459]},"properties":{"d":"2025-06-24","w":18,"t":"Explosions/Remote violence","s":"Shelling/artillery/missile attack","c":"Ukraine","l":"Dnipro","a":"Dnipropetrovsk","f":23}},{"type":"Feature","geometry":{"type":"Point","coordinates":[41.917,-0.867]},"properties":{"d":"2025-06-28","w":18,"t":"Battles","s":"Armed clash","c":"Somalia","l":"Anole","a":"Lower Juba","f":23}},{"type":"Feature","geometry":{"type":"Point","coordinates":[95.136,22.109]},"properties":{"d":"2025-06-27","w":18,"t":"Explosions/Remote violence","s":"Shelling/artillery/missile attack","c":"Myanmar","l":"Monywa","a":"Sagaing","f":22}},{"type":"Feature","geometry":{"type":"Point","coordinates":[34.269,31.314]},"properties":{"d":"2025-06-29","w":18,"t":"Violence against civilians","s":"Attack","c":"Palestine","l":"GHF center - Morag","a":"Gaza Strip","f":21}},{"type":"Feature","geometry":{"type":"Point","coordinates":[-107.394,24.809]},"properties":{"d":"2025-06-29","w":18,"t":"Violence against civilians","s":"Attack","c":"Mexico","l":"Culiacan Rosales","a":"Sinaloa","f":20}},{"type":"Feature","geometry":{"type":"Point","coordinates":[94.106,22.658]},"properties":{"d":"2025-06-29","w":18,"t":"Explosions/Remote violence","s":"Shelling/artillery/missile attack","c":"Myanmar","l":"Myauk Khin Yan","a":"Magway","f":20}},{"type":"Feature","geometry":{"type":"Point","coordinates":[49.943,37.263]},"properties":{"d":"2025-06-24","w":18,"t":"Explosions/Remote violence","s":"Air/drone strike","c":"Iran","l":"Astaneh ye Ashrafiyeh","a":"Gilan","f":18}},{"type":"Feature","geometry":{"type":"Point","coordinates":[51.48,35.676]},"properties":{"d":"2025-06-23","w":18,"t":"Explosions/Remote violence","s":"Air/drone strike","c":"Iran","l":"Tehran - District 14","a":"Tehran","f":18}},{"type":"Feature","geometry":{"type":"Point","coordinates":[51.495,35.706]},"properties":{"d":"2025-06-23","w":18,"t":"Explosions/Remote violence","s":"Air/drone strike","c":"Iran","l":"Tehran - District 13","a":"Tehran","f":18}},{"type":"Feature","geometry":{"type":"Point","coordinates":[34.35,31.418]},"properties":{"d":"2025-06-26","w":18,"t":"Explosions/Remote violence","s":"Air/drone strike","c":"Palestine","l":"Deir al Balah","a":"Gaza Strip","f":18}},{"type":"Feature","geometry":{"type":"Point","coordinates":[30.371,13.699]},"properties":{"d":"2025-06-23","w":18,"t":"Battles","s":"Armed clash","c":"Sudan","l":"Bara","a":"North Kordofan","f":18}},{"type":"Feature","geometry":{"type":"Point","coordinates":[37.165,13.501]},"properties":{"d":"2025-06-24","w":18,"t":"Violence against civilians","s":"Attack","c":"Ethiopia","l":"Tsegede","a":"Tigray","f":18}},{"type":"Feature","geometry":{"type":"Point","coordinates":[46.232,3.836]},"properties":{"d":"2025-06-26","w":18,"t":"Explosions/Remote violence","s":"Air/drone strike","c":"Somalia","l":"Mabaax","a":"Hiraan","f":18}},{"type":"Feature","geometry":{"type":"Point","coordinates":[32.618,46.656]},"properties":{"d":"2025-06-26","w":18,"t":"Battles","s":"Armed clash","c":"Ukraine","l":"Kherson","a":"Kherson","f":17}},{"type":"Feature","geometry":{"type":"Point","coordinates":[36.492,12.615]},"properties":{"d":"2025-06-23","w":18,"t":"Battles","s":"Armed clash","c":"Ethiopia","l":"Meka","a":"Amhara","f":17}},{"type":"Feature","geometry":{"type":"Point","coordinates":[6.406,12.334]},"properties":{"d":"2025-06-23","w":18,"t":"Battles","s":"Armed clash","c":"Nigeria","l":"Maru","a":"Zamfara","f":16}},{"type":"Feature","geometry":{"type":"Point","coordinates":[6.59,11.718]},"properties":{"d":"2025-06-23","w":18,"t":"Violence against civilians","s":"Attack","c":"Nigeria","l":"Magami","a":"Zamfara","f":15}},{"type":"Feature","geometry":{"type":"Point","coordinates":[34.241,31.31]},"properties":{"d":"2025-06-23","w":18,"t":"Violence against civilians","s":"Attack","c":"Palestine","l":"Tal as Sultan","a":"Gaza Strip","f":15}},{"type":"Feature","geometry":{"type":"Point","coordinates":[34.47,31.499]},"properties":{"d":"2025-06-25","w":18,"t":"Explosions/Remote violence","s":"Air/drone strike","c":"Palestine","l":"Gaza - Shujaiyya","a":"Gaza Strip","f":15}},{"type":"Feature","geometry":{"type":"Point","coordinates":[22.816,15.022]},"properties":{"d":"2025-06-25","w":18,"t":"Explosions/Remote violence","s":"Air/drone strike","c":"Sudan","l":"Tina","a":"North Darfur","f":15}},{"type":"Feature","geometry":{"type":"Point","coordinates":[34.474,31.505]},"properties":{"d":"2025-06-27","w":18,"t":"Explosions/Remote violence","s":"Air/drone strike","c":"Palestine","l":"Gaza - Unspecified","a":"Gaza Strip","f":14}},{"type":"Feature","geometry":{"type":"Point","coordinates":[32.618,46.656]},"properties":{"d":"2025-06-27","w":18,"t":"Battles","s":"Armed clash","c":"Ukraine","l":"Kherson","a":"Kherson","f":14}},{"type":"Feature","geometry":{"type":"Point","coordinates":[70.215,32.973]},"properties":{"d":"2025-06-28","w":18,"t":"Battles","s":"Armed clash","c":"Pakistan","l":"Khaddi","a":"Khyber Pakhtunkhwa","f":14}},{"type":"Feature","geometry":{"type":"Point","coordinates":[70.215,32.973]},"properties":{"d":"2025-06-28","w":18,"t":"Explosions/Remote violence","s":"Suicide bomb","c":"Pakistan","l":"Khaddi","a":"Khyber Pakhtunkhwa","f":14}},{"type":"Feature","geometry":{"type":"Point","coordinates":[0.753,14.307]},"properties":{"d":"2025-06-23","w":18,"t":"Violence against civilians","s":"Attack","c":"Niger","l":"Doungourou","a":"Tillaberi","f":14}},{"type":"Feature","geometry":{"type":"Point","coordinates":[0.753,14.307]},"properties":{"d":"2025-06-23","w":18,"t":"Violence against civilians","s":"Attack","c":"Niger","l":"Doungourou","a":"Tillaberi","f":14}},{"type":"Feature","geometry":{"type":"Point","coordinates":[96.436,18.501]},"properties":{"d":"2025-06-29","w":18,"t":"Battles","s":"Armed clash","c":"Myanmar","l":"Wea Daunt","a":"Bago-East","f":14}},{"type":"Feature","geometry":{"type":"Point","coordinates":[70.003,32.474]},"properties":{"d":"2025-06-24","w":18,"t":"Battles","s":"Armed clash","c":"Pakistan","l":"Sararogha","a":"Khyber Pakhtunkhwa","f":13}},{"type":"Feature","geometry":{"type":"Point","coordinates":[25.356,13.626]},"properties":{"d":"2025-06-27","w":18,"t":"Explosions/Remote violence","s":"Shelling/artillery/missile attack","c":"Sudan","l":"El Fasher","a":"North Darfur","f":13}},{"type":"Feature","geometry":{"type":"Point","coordinates":[29.654,12.051]},"properties":{"d":"2025-06-28","w":18,"t":"Violence against civilians","s":"Attack","c":"Sudan","l":"Dilling","a":"South Kordofan","f":13}},{"type":"Feature","geometry":{"type":"Point","coordinates":[46.232,3.836]},"properties":{"d":"2025-06-23","w":18,"t":"Battles","s":"Armed clash","c":"Somalia","l":"Mabaax","a":"Hiraan","f":13}},{"type":"Feature","geometry":{"type":"Point","coordinates":[46.134,4.062]},"properties":{"d":"2025-06-23","w":18,"t":"Battles","s":"Armed clash","c":"Somalia","l":"Moqokori","a":"Hiraan","f":13}},{"type":"Feature","geometry":{"type":"Point","coordinates":[40.442,-11.75]},"properties":{"d":"2025-06-27","w":18,"t":"Battles","s":"Armed clash","c":"Mozambique","l":"Quiterajo","a":"Cabo Delgado","f":13}},{"type":"Feature","geometry":{"type":"Point","coordinates":[96.713,18.019]},"properties":{"d":"2025-06-25","w":18,"t":"Battles","s":"Armed clash","c":"Myanmar","l":"Taw Wi Ywar Ma","a":"Bago-East","f":13}},{"type":"Feature","geometry":{"type":"Point","coordinates":[7.413,11.93]},"properties":{"d":"2025-06-26","w":18,"t":"Violence against civilians","s":"Attack","c":"Nigeria","l":"Kankara","a":"Katsina","f":12}},{"type":"Feature","geometry":{"type":"Point","coordinates":[34.403,31.439]},"properties":{"d":"2025-06-27","w":18,"t":"Explosions/Remote violence","s":"Air/drone strike","c":"Palestine","l":"Al Burayj","a":"Gaza Strip","f":12}},{"type":"Feature","geometry":{"type":"Point","coordinates":[30.1,12.802]},"properties":{"d":"2025-06-25","w":18,"t":"Violence against civilians","s":"Attack","c":"Sudan","l":"Kazgil","a":"North Kordofan","f":12}},{"type":"Feature","geometry":{"type":"Point","coordinates":[-101.348,20.673]},"properties":{"d":"2025-06-24","w":18,"t":"Violence against civilians","s":"Attack","c":"Mexico","l":"Irapuato","a":"Guanajuato","f":12}},{"type":"Feature","geometry":{"type":"Point","coordinates":[51.439,35.599]},"properties":{"d":"2025-06-23","w":18,"t":"Explosions/Remote violence","s":"Air/drone strike","c":"Iran","l":"Tehran - District 20","a":"Tehran","f":11}},{"type":"Feature","geometry":{"type":"Point","coordinates":[34.435,31.517]},"properties":{"d":"2025-06-25","w":18,"t":"Explosions/Remote violence","s":"Air/drone strike","c":"Palestine","l":"Gaza - Southern Remal","a":"Gaza Strip","f":11}},{"type":"Feature","geometry":{"type":"Point","coordinates":[34.255,31.348]},"properties":{"d":"2025-06-26","w":18,"t":"Explosions/Remote violence","s":"Air/drone strike","c":"Palestine","l":"Al Mawasi (Khan Yunis)","a":"Gaza Strip","f":11}},{"type":"Feature","geometry":{"type":"Point","coordinates":[34.435,31.517]},"properties":{"d":"2025-06-27","w":18,"t":"Explosions/Remote violence","s":"Air/drone strike","c":"Palestine","l":"Gaza - Southern Remal","a":"Gaza Strip","f":11}},{"type":"Feature","geometry":{"type":"Point","coordinates":[34.255,31.348]},"properties":{"d":"2025-06-28","w":18,"t":"Explosions/Remote violence","s":"Air/drone strike","c":"Palestine","l":"Al Mawasi (Khan Yunis)","a":"Gaza Strip","f":11}},{"type":"Feature","geometry":{"type":"Point","coordinates":[30.511,12.778]},"properties":{"d":"2025-06-25","w":18,"t":"Violence against civilians","s":"Attack","c":"Sudan","l":"Alhagina Al Jalaba","a":"North Kordofan","f":11}},{"type":"Feature","geometry":{"type":"Point","coordinates":[27.81,11.331]},"properties":{"d":"2025-06-27","w":18,"t":"Explosions/Remote violence","s":"Air/drone strike","c":"Sudan","l":"Babanussa","a":"West Kordofan","f":11}},{"type":"Feature","geometry":{"type":"Point","coordinates":[28.423,12.694]},"properties":{"d":"2025-06-27","w":18,"t":"Explosions/Remote violence","s":"Air/drone strike","c":"Sudan","l":"An Nahud","a":"West Kordofan","f":11}},{"type":"Feature","geometry":{"type":"Point","coordinates":[36.492,12.615]},"properties":{"d":"2025-06-23","w":18,"t":"Violence against civilians","s":"Attack","c":"Ethiopia","l":"Meka","a":"Amhara","f":11}},{"type":"Feature","geometry":{"type":"Point","coordinates":[30.547,1.78]},"properties":{"d":"2025-06-27","w":18,"t":"Violence against civilians","s":"Attack","c":"Democratic Republic of Congo","l":"Djangi","a":"Ituri","f":11}},{"type":"Feature","geometry":{"type":"Point","coordinates":[44.607,17.332]},"properties":{"d":"2025-06-28","w":18,"t":"Battles","s":"Armed clash","c":"Yemen","l":"Al Buqa","a":"Sadah","f":10}},{"type":"Feature","geometry":{"type":"Point","coordinates":[5.365,10.798]},"properties":{"d":"2025-06-24","w":18,"t":"Battles","s":"Armed clash","c":"Nigeria","l":"Gulbin Boka","a":"Niger","f":10}},{"type":"Feature","geometry":{"type":"Point","coordinates":[5.643,10.857]},"properties":{"d":"2025-06-26","w":18,"t":"Explosions/Remote violence","s":"Air/drone strike","c":"Nigeria","l":"Kakihum","a":"Niger","f":10}},{"type":"Feature","geometry":{"type":"Point","coordinates":[5.704,10.911]},"properties":{"d":"2025-06-26","w":18,"t":"Explosions/Remote violence","s":"Air/drone strike","c":"Nigeria","l":"Kumbashi","a":"Niger","f":10}},{"type":"Feature","geometry":{"type":"Point","coordinates":[7.194,10.31]},"properties":{"d":"2025-06-26","w":18,"t":"Battles","s":"Armed clash","c":"Nigeria","l":"Aungwan Turai","a":"Kaduna","f":10}},{"type":"Feature","geometry":{"type":"Point","coordinates":[34.449,31.509]},"properties":{"d":"2025-06-24","w":18,"t":"Explosions/Remote violence","s":"Air/drone strike","c":"Palestine","l":"Gaza - Sabra","a":"Gaza Strip","f":10}},{"type":"Feature","geometry":{"type":"Point","coordinates":[34.475,31.513]},"properties":{"d":"2025-06-27","w":18,"t":"Explosions/Remote violence","s":"Air/drone strike","c":"Palestine","l":"Gaza - At Tuffah","a":"Gaza Strip","f":10}},{"type":"Feature","geometry":{"type":"Point","coordinates":[34.241,31.31]},"properties":{"d":"2025-06-28","w":18,"t":"Violence against civilians","s":"Attack","c":"Palestine","l":"Tal as Sultan","a":"Gaza Strip","f":10}},{"type":"Feature","geometry":{"type":"Point","coordinates":[34.491,31.536]},"properties":{"d":"2025-06-29","w":18,"t":"Explosions/Remote violence","s":"Air/drone strike","c":"Palestine","l":"Jabalya Camp","a":"Gaza Strip","f":10}},{"type":"Feature","geometry":{"type":"Point","coordinates":[36.991,48.24]},"properties":{"d":"2025-06-24","w":18,"t":"Battles","s":"Armed clash","c":"Ukraine","l":"Udachne","a":"Donetsk","f":10}},{"type":"Feature","geometry":{"type":"Point","coordinates":[37.008,48.365]},"properties":{"d":"2025-06-29","w":18,"t":"Battles","s":"Armed clash","c":"Ukraine","l":"Myrne","a":"Donetsk","f":10}},{"type":"Feature","geometry":{"type":"Point","coordinates":[25.356,13.626]},"properties":{"d":"2025-06-24","w":18,"t":"Explosions/Remote violence","s":"Air/drone strike","c":"Sudan","l":"El Fasher","a":"North Darfur","f":10}},{"type":"Feature","geometry":{"type":"Point","coordinates":[25.369,13.674]},"properties":{"d":"2025-06-24","w":18,"t":"Explosions/Remote violence","s":"Air/drone strike","c":"Sudan","l":"Abu Shouk IDP Camp","a":"North Darfur","f":10}},{"type":"Feature","geometry":{"type":"Point","coordinates":[25.356,13.626]},"properties":{"d":"2025-06-23","w":18,"t":"Explosions/Remote violence","s":"Air/drone strike","c":"Sudan","l":"El Fasher","a":"North Darfur","f":10}},{"type":"Feature","geometry":{"type":"Point","coordinates":[27.81,11.331]},"properties":{"d":"2025-06-25","w":18,"t":"Explosions/Remote violence","s":"Air/drone strike","c":"Sudan","l":"Babanussa","a":"West Kordofan","f":10}},{"type":"Feature","geometry":{"type":"Point","coordinates":[33.662,10.832]},"properties":{"d":"2025-06-26","w":18,"t":"Battles","s":"Government regains territory","c":"Sudan","l":"Malkan","a":"Blue Nile","f":10}},{"type":"Feature","geometry":{"type":"Point","coordinates":[30.896,11.037]},"properties":{"d":"2025-06-28","w":18,"t":"Battles","s":"Government regains territory","c":"Sudan","l":"El Dashoul","a":"South Kordofan","f":10}},{"type":"Feature","geometry":{"type":"Point","coordinates":[33.662,10.832]},"properties":{"d":"2025-06-28","w":18,"t":"Battles","s":"Armed clash","c":"Sudan","l":"Malkan","a":"Blue Nile","f":10}},{"type":"Feature","geometry":{"type":"Point","coordinates":[24.891,12.056]},"properties":{"d":"2025-06-28","w":18,"t":"Battles","s":"Armed clash","c":"Sudan","l":"Nyala","a":"South Darfur","f":10}},{"type":"Feature","geometry":{"type":"Point","coordinates":[37.167,11.417]},"properties":{"d":"2025-06-24","w":18,"t":"Battles","s":"Armed clash","c":"Ethiopia","l":"Mer Awi","a":"Amhara","f":10}},{"type":"Feature","geometry":{"type":"Point","coordinates":[0.995,19.066]},"properties":{"d":"2025-06-26","w":18,"t":"Explosions/Remote violence","s":"Air/drone strike","c":"Mali","l":"Telabit","a":"Kidal","f":10}},{"type":"Feature","geometry":{"type":"Point","coordinates":[-0.033,12.017]},"properties":{"d":"2025-06-27","w":18,"t":"Battles","s":"Armed clash","c":"Burkina Faso","l":"Diabo","a":"Est","f":10}},{"type":"Feature","geometry":{"type":"Point","coordinates":[-3.767,12.987]},"properties":{"d":"2025-06-27","w":18,"t":"Battles","s":"Armed clash","c":"Burkina Faso","l":"Kolerou","a":"Boucle du Mouhoun","f":10}},{"type":"Feature","geometry":{"type":"Point","coordinates":[7.194,10.31]},"properties":{"d":"2025-06-24","w":18,"t":"Battles","s":"Armed clash","c":"Nigeria","l":"Aungwan Turai","a":"Kaduna","f":9}},{"type":"Feature","geometry":{"type":"Point","coordinates":[6.025,10.134]},"properties":{"d":"2025-06-24","w":18,"t":"Battles","s":"Armed clash","c":"Nigeria","l":"Mariga","a":"Niger","f":9}},{"type":"Feature","geometry":{"type":"Point","coordinates":[5.819,10.83]},"properties":{"d":"2025-06-24","w":18,"t":"Battles","s":"Armed clash","c":"Nigeria","l":"Bangi","a":"Niger","f":9}},{"type":"Feature","geometry":{"type":"Point","coordinates":[34.467,31.535]},"properties":{"d":"2025-06-26","w":18,"t":"Explosions/Remote violence","s":"Air/drone strike","c":"Palestine","l":"Gaza - Sheikh Radwan","a":"Gaza Strip","f":9}},{"type":"Feature","geometry":{"type":"Point","coordinates":[34.475,31.513]},"properties":{"d":"2025-06-29","w":18,"t":"Explosions/Remote violence","s":"Air/drone strike","c":"Palestine","l":"Gaza - At Tuffah","a":"Gaza Strip","f":9}},{"type":"Feature","geometry":{"type":"Point","coordinates":[36.965,48.199]},"properties":{"d":"2025-06-23","w":18,"t":"Battles","s":"Armed clash","c":"Ukraine","l":"Novoserhiivka","a":"Donetsk","f":9}},{"type":"Feature","geometry":{"type":"Point","coordinates":[30.465,50.465]},"properties":{"d":"2025-06-23","w":18,"t":"Explosions/Remote violence","s":"Air/drone strike","c":"Ukraine","l":"Kyiv - Shevchenkivskyi","a":"Kyiv City","f":9}},{"type":"Feature","geometry":{"type":"Point","coordinates":[137.783,-3.821]},"properties":{"d":"2025-06-23","w":18,"t":"Battles","s":"Armed clash","c":"Indonesia","l":"Sinak","a":"Central Papua","f":9}},{"type":"Feature","geometry":{"type":"Point","coordinates":[29.217,13.089]},"properties":{"d":"2025-06-28","w":18,"t":"Violence against civilians","s":"Attack","c":"Sudan","l":"Al Khowai","a":"West Kordofan","f":9}},{"type":"Feature","geometry":{"type":"Point","coordinates":[46.073,3.971]},"properties":{"d":"2025-06-25","w":18,"t":"Battles","s":"Armed clash","c":"Somalia","l":"Cel Qoxle","a":"Hiraan","f":9}},{"type":"Feature","geometry":{"type":"Point","coordinates":[28.599,-2.756]},"properties":{"d":"2025-06-23","w":18,"t":"Violence against civilians","s":"Attack","c":"Democratic Republic of Congo","l":"Bwahungu","a":"Sud-Kivu","f":9}},{"type":"Feature","geometry":{"type":"Point","coordinates":[48.684,31.319]},"properties":{"d":"2025-06-24","w":18,"t":"Explosions/Remote violence","s":"Air/drone strike","c":"Iran","l":"Ahvaz","a":"Khuzestan","f":8}},{"type":"Feature","geometry":{"type":"Point","coordinates":[34.3,31.331]},"properties":{"d":"2025-06-24","w":18,"t":"Battles","s":"Armed clash","c":"Palestine","l":"Khan Yunis - Jourat Al-Loot","a":"Gaza Strip","f":8}},{"type":"Feature","geometry":{"type":"Point","coordinates":[34.467,31.535]},"properties":{"d":"2025-06-27","w":18,"t":"Explosions/Remote violence","s":"Air/drone strike","c":"Palestine","l":"Gaza - Sheikh Radwan","a":"Gaza Strip","f":8}},{"type":"Feature","geometry":{"type":"Point","coordinates":[34.415,31.456]},"properties":{"d":"2025-06-25","w":18,"t":"Violence against civilians","s":"Attack","c":"Palestine","l":"Wadi Gaza - Salah al-Din Road","a":"Gaza Strip","f":8}},{"type":"Feature","geometry":{"type":"Point","coordinates":[36.948,48.017]},"properties":{"d":"2025-06-23","w":18,"t":"Battles","s":"Armed clash","c":"Ukraine","l":"Oleksiivka","a":"Donetsk","f":8}},{"type":"Feature","geometry":{"type":"Point","coordinates":[36.991,48.24]},"properties":{"d":"2025-06-23","w":18,"t":"Battles","s":"Armed clash","c":"Ukraine","l":"Udachne","a":"Donetsk","f":8}},{"type":"Feature","geometry":{"type":"Point","coordinates":[36.79,48.209]},"properties":{"d":"2025-06-24","w":18,"t":"Battles","s":"Armed clash","c":"Ukraine","l":"Chuhuieve","a":"Dnipropetrovsk","f":8}},{"type":"Feature","geometry":{"type":"Point","coordinates":[36.832,48.042]},"properties":{"d":"2025-06-24","w":18,"t":"Battles","s":"Armed clash","c":"Ukraine","l":"Dachne","a":"Dnipropetrovsk","f":8}},{"type":"Feature","geometry":{"type":"Point","coordinates":[27.81,11.331]},"properties":{"d":"2025-07-01","w":19,"t":"Battles","s":"Armed clash","c":"Sudan","l":"Babanussa","a":"West Kordofan","f":57}},{"type":"Feature","geometry":{"type":"Point","coordinates":[32.618,46.656]},"properties":{"d":"2025-06-30","w":19,"t":"Battles","s":"Armed clash","c":"Ukraine","l":"Kherson","a":"Kherson","f":55}},{"type":"Feature","geometry":{"type":"Point","coordinates":[32.618,46.656]},"properties":{"d":"2025-06-30","w":19,"t":"Battles","s":"Armed clash","c":"Ukraine","l":"Kherson","a":"Kherson","f":49}},{"type":"Feature","geometry":{"type":"Point","coordinates":[32.618,46.656]},"properties":{"d":"2025-07-04","w":19,"t":"Battles","s":"Armed clash","c":"Ukraine","l":"Kherson","a":"Kherson","f":46}},{"type":"Feature","geometry":{"type":"Point","coordinates":[32.618,46.656]},"properties":{"d":"2025-07-01","w":19,"t":"Battles","s":"Armed clash","c":"Ukraine","l":"Kherson","a":"Kherson","f":45}},{"type":"Feature","geometry":{"type":"Point","coordinates":[32.618,46.656]},"properties":{"d":"2025-07-03","w":19,"t":"Battles","s":"Armed clash","c":"Ukraine","l":"Kherson","a":"Kherson","f":42}},{"type":"Feature","geometry":{"type":"Point","coordinates":[13.568,12.924]},"properties":{"d":"2025-07-06","w":19,"t":"Battles","s":"Armed clash","c":"Nigeria","l":"Kukawa","a":"Borno","f":40}},{"type":"Feature","geometry":{"type":"Point","coordinates":[30.753,14.556]},"properties":{"d":"2025-07-03","w":19,"t":"Explosions/Remote violence","s":"Air/drone strike","c":"Sudan","l":"Gebrat Al Sheikh","a":"North Kordofan","f":40}},{"type":"Feature","geometry":{"type":"Point","coordinates":[32.618,46.656]},"properties":{"d":"2025-07-02","w":19,"t":"Battles","s":"Armed clash","c":"Ukraine","l":"Kherson","a":"Kherson","f":39}},{"type":"Feature","geometry":{"type":"Point","coordinates":[46.073,3.971]},"properties":{"d":"2025-07-05","w":19,"t":"Battles","s":"Government regains territory","c":"Somalia","l":"Cel Qoxle","a":"Hiraan","f":35}},{"type":"Feature","geometry":{"type":"Point","coordinates":[34.433,31.524]},"properties":{"d":"2025-06-30","w":19,"t":"Explosions/Remote violence","s":"Air/drone strike","c":"Palestine","l":"Gaza Port","a":"Gaza Strip","f":33}},{"type":"Feature","geometry":{"type":"Point","coordinates":[34.467,31.535]},"properties":{"d":"2025-07-06","w":19,"t":"Explosions/Remote violence","s":"Air/drone strike","c":"Palestine","l":"Gaza - Sheikh Radwan","a":"Gaza Strip","f":33}},{"type":"Feature","geometry":{"type":"Point","coordinates":[34.474,31.505]},"properties":{"d":"2025-07-04","w":19,"t":"Explosions/Remote violence","s":"Air/drone strike","c":"Palestine","l":"Gaza - Unspecified","a":"Gaza Strip","f":33}},{"type":"Feature","geometry":{"type":"Point","coordinates":[95.641,21.786]},"properties":{"d":"2025-07-03","w":19,"t":"Battles","s":"Armed clash","c":"Myanmar","l":"Ngazun","a":"Mandalay","f":30}},{"type":"Feature","geometry":{"type":"Point","coordinates":[46.109,3.978]},"properties":{"d":"2025-07-05","w":19,"t":"Battles","s":"Armed clash","c":"Somalia","l":"Gumarre","a":"Hiraan","f":28}},{"type":"Feature","geometry":{"type":"Point","coordinates":[34.255,31.348]},"properties":{"d":"2025-07-02","w":19,"t":"Explosions/Remote violence","s":"Air/drone strike","c":"Palestine","l":"Al Mawasi (Khan Yunis)","a":"Gaza Strip","f":27}},{"type":"Feature","geometry":{"type":"Point","coordinates":[32.618,46.656]},"properties":{"d":"2025-07-02","w":19,"t":"Battles","s":"Armed clash","c":"Ukraine","l":"Kherson","a":"Kherson","f":26}},{"type":"Feature","geometry":{"type":"Point","coordinates":[1.203,13.427]},"properties":{"d":"2025-07-04","w":19,"t":"Battles","s":"Armed clash","c":"Niger","l":"Samira Koira Kano","a":"Tillaberi","f":26}},{"type":"Feature","geometry":{"type":"Point","coordinates":[34.452,31.496]},"properties":{"d":"2025-07-02","w":19,"t":"Explosions/Remote violence","s":"Air/drone strike","c":"Palestine","l":"Gaza - Az Zaytun","a":"Gaza Strip","f":25}},{"type":"Feature","geometry":{"type":"Point","coordinates":[1.17,13.453]},"properties":{"d":"2025-07-04","w":19,"t":"Battles","s":"Armed clash","c":"Niger","l":"Bouloundjounga 2","a":"Tillaberi","f":25}},{"type":"Feature","geometry":{"type":"Point","coordinates":[-11.434,14.442]},"properties":{"d":"2025-07-01","w":19,"t":"Battles","s":"Armed clash","c":"Mali","l":"Kayes","a":"Kayes","f":24}},{"type":"Feature","geometry":{"type":"Point","coordinates":[32.618,46.656]},"properties":{"d":"2025-07-01","w":19,"t":"Battles","s":"Armed clash","c":"Ukraine","l":"Kherson","a":"Kherson","f":23}},{"type":"Feature","geometry":{"type":"Point","coordinates":[32.618,46.656]},"properties":{"d":"2025-07-04","w":19,"t":"Battles","s":"Armed clash","c":"Ukraine","l":"Kherson","a":"Kherson","f":22}},{"type":"Feature","geometry":{"type":"Point","coordinates":[-5.993,14.253]},"properties":{"d":"2025-07-01","w":19,"t":"Battles","s":"Armed clash","c":"Mali","l":"Niono","a":"Segou","f":22}},{"type":"Feature","geometry":{"type":"Point","coordinates":[8.995,9.299]},"properties":{"d":"2025-07-03","w":19,"t":"Battles","s":"Armed clash","c":"Nigeria","l":"Bokkos","a":"Plateau","f":20}},{"type":"Feature","geometry":{"type":"Point","coordinates":[34.415,31.456]},"properties":{"d":"2025-07-03","w":19,"t":"Violence against civilians","s":"Attack","c":"Palestine","l":"Wadi Gaza - Salah al-Din Road","a":"Gaza Strip","f":20}},{"type":"Feature","geometry":{"type":"Point","coordinates":[41.984,-0.632]},"properties":{"d":"2025-07-01","w":19,"t":"Battles","s":"Armed clash","c":"Somalia","l":"Buulo Xaaji","a":"Lower Juba","f":20}},{"type":"Feature","geometry":{"type":"Point","coordinates":[42.28,-0.326]},"properties":{"d":"2025-06-30","w":19,"t":"Battles","s":"Armed clash","c":"Somalia","l":"Abdi-Dhore","a":"Lower Juba","f":19}},{"type":"Feature","geometry":{"type":"Point","coordinates":[31.137,14.394]},"properties":{"d":"2025-07-02","w":19,"t":"Explosions/Remote violence","s":"Air/drone strike","c":"Sudan","l":"Um Sayalah","a":"North Kordofan","f":18}},{"type":"Feature","geometry":{"type":"Point","coordinates":[32.618,46.656]},"properties":{"d":"2025-07-03","w":19,"t":"Battles","s":"Armed clash","c":"Ukraine","l":"Kherson","a":"Kherson","f":17}},{"type":"Feature","geometry":{"type":"Point","coordinates":[69.972,33.082]},"properties":{"d":"2025-07-01","w":19,"t":"Battles","s":"Armed clash","c":"Pakistan","l":"Saidgai","a":"Khyber Pakhtunkhwa","f":17}},{"type":"Feature","geometry":{"type":"Point","coordinates":[0.012,13.983]},"properties":{"d":"2025-07-05","w":19,"t":"Violence against civilians","s":"Attack","c":"Burkina Faso","l":"Bouloye","a":"Sahel","f":17}},{"type":"Feature","geometry":{"type":"Point","coordinates":[93.906,23.195]},"properties":{"d":"2025-07-05","w":19,"t":"Battles","s":"Armed clash","c":"Myanmar","l":"Mualpi","a":"Chin","f":17}},{"type":"Feature","geometry":{"type":"Point","coordinates":[34.325,31.342]},"properties":{"d":"2025-07-03","w":19,"t":"Explosions/Remote violence","s":"Shelling/artillery/missile attack","c":"Palestine","l":"Bani Suheila","a":"Gaza Strip","f":16}},{"type":"Feature","geometry":{"type":"Point","coordinates":[34.435,31.517]},"properties":{"d":"2025-07-06","w":19,"t":"Explosions/Remote violence","s":"Air/drone strike","c":"Palestine","l":"Gaza - Southern Remal","a":"Gaza Strip","f":16}},{"type":"Feature","geometry":{"type":"Point","coordinates":[36.916,48.099]},"properties":{"d":"2025-07-01","w":19,"t":"Battles","s":"Armed clash","c":"Ukraine","l":"Horikhove","a":"Donetsk","f":16}},{"type":"Feature","geometry":{"type":"Point","coordinates":[25.356,13.626]},"properties":{"d":"2025-06-30","w":19,"t":"Battles","s":"Armed clash","c":"Sudan","l":"El Fasher","a":"North Darfur","f":16}},{"type":"Feature","geometry":{"type":"Point","coordinates":[45.971,2.797]},"properties":{"d":"2025-07-03","w":19,"t":"Battles","s":"Armed clash","c":"Somalia","l":"Jabada Carbeed","a":"Middle Shabelle","f":16}},{"type":"Feature","geometry":{"type":"Point","coordinates":[96.315,25.614]},"properties":{"d":"2025-07-06","w":19,"t":"Battles","s":"Armed clash","c":"Myanmar","l":"Hpakant","a":"Kachin","f":16}},{"type":"Feature","geometry":{"type":"Point","coordinates":[4.872,13.485]},"properties":{"d":"2025-07-02","w":19,"t":"Violence against civilians","s":"Attack","c":"Nigeria","l":"Kwolajiya","a":"Sokoto","f":15}},{"type":"Feature","geometry":{"type":"Point","coordinates":[34.452,31.496]},"properties":{"d":"2025-07-01","w":19,"t":"Explosions/Remote violence","s":"Air/drone strike","c":"Palestine","l":"Gaza - Az Zaytun","a":"Gaza Strip","f":15}},{"type":"Feature","geometry":{"type":"Point","coordinates":[34.296,31.348]},"properties":{"d":"2025-07-03","w":19,"t":"Explosions/Remote violence","s":"Air/drone strike","c":"Palestine","l":"Khan Yunis - West (Municipal Stadium)","a":"Gaza Strip","f":15}},{"type":"Feature","geometry":{"type":"Point","coordinates":[34.435,31.517]},"properties":{"d":"2025-07-03","w":19,"t":"Explosions/Remote violence","s":"Air/drone strike","c":"Palestine","l":"Gaza - Southern Remal","a":"Gaza Strip","f":15}},{"type":"Feature","geometry":{"type":"Point","coordinates":[34.464,31.517]},"properties":{"d":"2025-07-03","w":19,"t":"Explosions/Remote violence","s":"Air/drone strike","c":"Palestine","l":"Gaza - Ad Darraj","a":"Gaza Strip","f":15}},{"type":"Feature","geometry":{"type":"Point","coordinates":[37.366,48.381]},"properties":{"d":"2025-07-01","w":19,"t":"Battles","s":"Armed clash","c":"Ukraine","l":"Kopteve","a":"Donetsk","f":15}},{"type":"Feature","geometry":{"type":"Point","coordinates":[37.265,48.225]},"properties":{"d":"2025-07-01","w":19,"t":"Battles","s":"Armed clash","c":"Ukraine","l":"Lysivka","a":"Donetsk","f":15}},{"type":"Feature","geometry":{"type":"Point","coordinates":[37.379,48.337]},"properties":{"d":"2025-07-01","w":19,"t":"Battles","s":"Armed clash","c":"Ukraine","l":"Myrne","a":"Donetsk","f":15}},{"type":"Feature","geometry":{"type":"Point","coordinates":[36.965,48.199]},"properties":{"d":"2025-07-01","w":19,"t":"Battles","s":"Armed clash","c":"Ukraine","l":"Novoserhiivka","a":"Donetsk","f":15}},{"type":"Feature","geometry":{"type":"Point","coordinates":[36.948,48.017]},"properties":{"d":"2025-07-01","w":19,"t":"Battles","s":"Armed clash","c":"Ukraine","l":"Oleksiivka","a":"Donetsk","f":15}},{"type":"Feature","geometry":{"type":"Point","coordinates":[37.458,48.419]},"properties":{"d":"2025-07-01","w":19,"t":"Battles","s":"Armed clash","c":"Ukraine","l":"Popiv Yar","a":"Donetsk","f":15}},{"type":"Feature","geometry":{"type":"Point","coordinates":[46.134,4.062]},"properties":{"d":"2025-07-06","w":19,"t":"Battles","s":"Armed clash","c":"Somalia","l":"Moqokori","a":"Hiraan","f":15}},{"type":"Feature","geometry":{"type":"Point","coordinates":[34.474,31.505]},"properties":{"d":"2025-07-03","w":19,"t":"Explosions/Remote violence","s":"Air/drone strike","c":"Palestine","l":"Gaza - Unspecified","a":"Gaza Strip","f":14}},{"type":"Feature","geometry":{"type":"Point","coordinates":[36.898,48.178]},"properties":{"d":"2025-07-01","w":19,"t":"Battles","s":"Armed clash","c":"Ukraine","l":"Muravka","a":"Donetsk","f":14}},{"type":"Feature","geometry":{"type":"Point","coordinates":[25.356,13.626]},"properties":{"d":"2025-07-01","w":19,"t":"Violence against civilians","s":"Attack","c":"Sudan","l":"El Fasher","a":"North Darfur","f":14}},{"type":"Feature","geometry":{"type":"Point","coordinates":[-5.362,13.884]},"properties":{"d":"2025-07-03","w":19,"t":"Violence against civilians","s":"Attack","c":"Mali","l":"Diosso","a":"Segou","f":14}},{"type":"Feature","geometry":{"type":"Point","coordinates":[95.388,21.46]},"properties":{"d":"2025-07-02","w":19,"t":"Battles","s":"Armed clash","c":"Myanmar","l":"Myingyan","a":"Mandalay","f":14}},{"type":"Feature","geometry":{"type":"Point","coordinates":[95.388,21.46]},"properties":{"d":"2025-07-03","w":19,"t":"Battles","s":"Armed clash","c":"Myanmar","l":"Myingyan","a":"Mandalay","f":14}},{"type":"Feature","geometry":{"type":"Point","coordinates":[96.581,25.618]},"properties":{"d":"2025-07-05","w":19,"t":"Battles","s":"Armed clash","c":"Myanmar","l":"Nam Ya","a":"Kachin","f":14}},{"type":"Feature","geometry":{"type":"Point","coordinates":[95.138,21.151]},"properties":{"d":"2025-06-30","w":19,"t":"Battles","s":"Armed clash","c":"Myanmar","l":"Ngathayauk","a":"Mandalay","f":14}},{"type":"Feature","geometry":{"type":"Point","coordinates":[95.138,21.151]},"properties":{"d":"2025-07-01","w":19,"t":"Battles","s":"Armed clash","c":"Myanmar","l":"Ngathayauk","a":"Mandalay","f":14}},{"type":"Feature","geometry":{"type":"Point","coordinates":[34.269,31.314]},"properties":{"d":"2025-06-30","w":19,"t":"Violence against civilians","s":"Attack","c":"Palestine","l":"GHF center - Morag","a":"Gaza Strip","f":13}},{"type":"Feature","geometry":{"type":"Point","coordinates":[34.452,31.496]},"properties":{"d":"2025-06-30","w":19,"t":"Violence against civilians","s":"Attack","c":"Palestine","l":"Gaza - Az Zaytun","a":"Gaza Strip","f":13}},{"type":"Feature","geometry":{"type":"Point","coordinates":[34.296,31.348]},"properties":{"d":"2025-07-01","w":19,"t":"Explosions/Remote violence","s":"Air/drone strike","c":"Palestine","l":"Khan Yunis - West (Municipal Stadium)","a":"Gaza Strip","f":13}},{"type":"Feature","geometry":{"type":"Point","coordinates":[70.308,33.205]},"properties":{"d":"2025-07-02","w":19,"t":"Battles","s":"Armed clash","c":"Pakistan","l":"Hassan Khel","a":"Khyber Pakhtunkhwa","f":13}},{"type":"Feature","geometry":{"type":"Point","coordinates":[95.138,21.151]},"properties":{"d":"2025-07-02","w":19,"t":"Battles","s":"Armed clash","c":"Myanmar","l":"Ngathayauk","a":"Mandalay","f":13}},{"type":"Feature","geometry":{"type":"Point","coordinates":[34.47,31.499]},"properties":{"d":"2025-07-01","w":19,"t":"Explosions/Remote violence","s":"Air/drone strike","c":"Palestine","l":"Gaza - Shujaiyya","a":"Gaza Strip","f":12}},{"type":"Feature","geometry":{"type":"Point","coordinates":[34.301,31.342]},"properties":{"d":"2025-07-02","w":19,"t":"Explosions/Remote violence","s":"Air/drone strike","c":"Palestine","l":"Khan Yunis - City Centre","a":"Gaza Strip","f":12}},{"type":"Feature","geometry":{"type":"Point","coordinates":[34.483,31.527]},"properties":{"d":"2025-07-04","w":19,"t":"Explosions/Remote violence","s":"Air/drone strike","c":"Palestine","l":"Jabalya","a":"Gaza Strip","f":12}},{"type":"Feature","geometry":{"type":"Point","coordinates":[34.288,31.308]},"properties":{"d":"2025-06-30","w":19,"t":"Explosions/Remote violence","s":"Air/drone strike","c":"Palestine","l":"Morag","a":"Gaza Strip","f":12}},{"type":"Feature","geometry":{"type":"Point","coordinates":[34.288,31.308]},"properties":{"d":"2025-07-01","w":19,"t":"Explosions/Remote violence","s":"Air/drone strike","c":"Palestine","l":"Morag","a":"Gaza Strip","f":12}},{"type":"Feature","geometry":{"type":"Point","coordinates":[34.913,51.404]},"properties":{"d":"2025-07-02","w":19,"t":"Explosions/Remote violence","s":"Shelling/artillery/missile attack","c":"Russia","l":"Korenevo","a":"Kursk","f":12}},{"type":"Feature","geometry":{"type":"Point","coordinates":[-9.593,15.229]},"properties":{"d":"2025-07-01","w":19,"t":"Battles","s":"Armed clash","c":"Mali","l":"Nioro du Sahel","a":"Kayes","f":12}},{"type":"Feature","geometry":{"type":"Point","coordinates":[-3.939,13.437]},"properties":{"d":"2025-07-06","w":19,"t":"Battles","s":"Armed clash","c":"Burkina Faso","l":"Kombori","a":"Boucle du Mouhoun","f":12}},{"type":"Feature","geometry":{"type":"Point","coordinates":[34.255,31.348]},"properties":{"d":"2025-07-01","w":19,"t":"Explosions/Remote violence","s":"Air/drone strike","c":"Palestine","l":"Al Mawasi (Khan Yunis)","a":"Gaza Strip","f":11}},{"type":"Feature","geometry":{"type":"Point","coordinates":[34.435,31.504]},"properties":{"d":"2025-07-01","w":19,"t":"Violence against civilians","s":"Attack","c":"Palestine","l":"Gaza - Tal el Hawa","a":"Gaza Strip","f":11}},{"type":"Feature","geometry":{"type":"Point","coordinates":[-12.199,14.455]},"properties":{"d":"2025-07-01","w":19,"t":"Battles","s":"Armed clash","c":"Mali","l":"Diboli","a":"Kayes","f":11}},{"type":"Feature","geometry":{"type":"Point","coordinates":[-9.33,15.686]},"properties":{"d":"2025-07-01","w":19,"t":"Battles","s":"Armed clash","c":"Mali","l":"Gogui","a":"Kayes","f":11}},{"type":"Feature","geometry":{"type":"Point","coordinates":[-10.306,14.703]},"properties":{"d":"2025-07-01","w":19,"t":"Battles","s":"Armed clash","c":"Mali","l":"Sandare","a":"Kayes","f":11}},{"type":"Feature","geometry":{"type":"Point","coordinates":[-6.024,14.239]},"properties":{"d":"2025-07-01","w":19,"t":"Explosions/Remote violence","s":"Shelling/artillery/missile attack","c":"Mali","l":"Molodo","a":"Segou","f":11}},{"type":"Feature","geometry":{"type":"Point","coordinates":[7.146,6.019]},"properties":{"d":"2025-06-30","w":19,"t":"Violence against civilians","s":"Attack","c":"Nigeria","l":"Ogboji","a":"Anambra","f":10}},{"type":"Feature","geometry":{"type":"Point","coordinates":[13.339,13.675]},"properties":{"d":"2025-07-03","w":19,"t":"Battles","s":"Armed clash","c":"Nigeria","l":"Malam Fatori","a":"Borno","f":10}},{"type":"Feature","geometry":{"type":"Point","coordinates":[6.963,11.987]},"properties":{"d":"2025-06-30","w":19,"t":"Violence against civilians","s":"Attack","c":"Nigeria","l":"Chediya","a":"Zamfara","f":10}},{"type":"Feature","geometry":{"type":"Point","coordinates":[13.748,11.022]},"properties":{"d":"2025-07-06","w":19,"t":"Explosions/Remote violence","s":"Air/drone strike","c":"Nigeria","l":"Loghpere","a":"Borno","f":10}},{"type":"Feature","geometry":{"type":"Point","coordinates":[13.749,11.062]},"properties":{"d":"2025-07-06","w":19,"t":"Explosions/Remote violence","s":"Air/drone strike","c":"Nigeria","l":"Wa Jahode Hills","a":"Borno","f":10}},{"type":"Feature","geometry":{"type":"Point","coordinates":[34.452,31.496]},"properties":{"d":"2025-06-30","w":19,"t":"Explosions/Remote violence","s":"Air/drone strike","c":"Palestine","l":"Gaza - Az Zaytun","a":"Gaza Strip","f":10}},{"type":"Feature","geometry":{"type":"Point","coordinates":[37.801,48.015]},"properties":{"d":"2025-07-04","w":19,"t":"Explosions/Remote violence","s":"Air/drone strike","c":"Ukraine","l":"Donetsk - Unspecified","a":"Donetsk","f":10}},{"type":"Feature","geometry":{"type":"Point","coordinates":[37.38,48.299]},"properties":{"d":"2025-07-04","w":19,"t":"Battles","s":"Armed clash","c":"Ukraine","l":"Myroliubivka","a":"Donetsk","f":10}},{"type":"Feature","geometry":{"type":"Point","coordinates":[37.413,48.289]},"properties":{"d":"2025-07-04","w":19,"t":"Battles","s":"Armed clash","c":"Ukraine","l":"Novotoretske","a":"Donetsk","f":10}},{"type":"Feature","geometry":{"type":"Point","coordinates":[36.868,48.029]},"properties":{"d":"2025-07-04","w":19,"t":"Battles","s":"Non-state actor overtakes territory","c":"Ukraine","l":"Novoukrainka","a":"Donetsk","f":10}},{"type":"Feature","geometry":{"type":"Point","coordinates":[37.465,48.437]},"properties":{"d":"2025-07-04","w":19,"t":"Battles","s":"Armed clash","c":"Ukraine","l":"Poltavka","a":"Donetsk","f":10}},{"type":"Feature","geometry":{"type":"Point","coordinates":[37.318,48.269]},"properties":{"d":"2025-07-04","w":19,"t":"Battles","s":"Armed clash","c":"Ukraine","l":"Promin","a":"Donetsk","f":10}},{"type":"Feature","geometry":{"type":"Point","coordinates":[37.312,48.366]},"properties":{"d":"2025-07-04","w":19,"t":"Battles","s":"Armed clash","c":"Ukraine","l":"Razine","a":"Donetsk","f":10}},{"type":"Feature","geometry":{"type":"Point","coordinates":[34.149,48.123]},"properties":{"d":"2025-07-01","w":19,"t":"Explosions/Remote violence","s":"Shelling/artillery/missile attack","c":"Ukraine","l":"Huliaipole","a":"Dnipropetrovsk","f":10}},{"type":"Feature","geometry":{"type":"Point","coordinates":[29.399,13.11]},"properties":{"d":"2025-07-03","w":19,"t":"Battles","s":"Armed clash","c":"Sudan","l":"Al Dowdia","a":"West Kordofan","f":10}},{"type":"Feature","geometry":{"type":"Point","coordinates":[30.638,14.426]},"properties":{"d":"2025-07-02","w":19,"t":"Explosions/Remote violence","s":"Air/drone strike","c":"Sudan","l":"Um Garfa","a":"North Kordofan","f":10}},{"type":"Feature","geometry":{"type":"Point","coordinates":[30.1,12.802]},"properties":{"d":"2025-07-04","w":19,"t":"Explosions/Remote violence","s":"Air/drone strike","c":"Sudan","l":"Kazgil","a":"North Kordofan","f":10}},{"type":"Feature","geometry":{"type":"Point","coordinates":[29.995,12.592]},"properties":{"d":"2025-07-04","w":19,"t":"Explosions/Remote violence","s":"Air/drone strike","c":"Sudan","l":"Al Hamadi","a":"South Kordofan","f":10}},{"type":"Feature","geometry":{"type":"Point","coordinates":[29.8,12.512]},"properties":{"d":"2025-07-04","w":19,"t":"Explosions/Remote violence","s":"Air/drone strike","c":"Sudan","l":"Dibebad","a":"South Kordofan","f":10}},{"type":"Feature","geometry":{"type":"Point","coordinates":[25.356,13.626]},"properties":{"d":"2025-07-01","w":19,"t":"Battles","s":"Armed clash","c":"Sudan","l":"El Fasher","a":"North Darfur","f":10}},{"type":"Feature","geometry":{"type":"Point","coordinates":[30.145,12.958]},"properties":{"d":"2025-07-04","w":19,"t":"Battles","s":"Armed clash","c":"Sudan","l":"Jabal Al Hashab","a":"North Kordofan","f":10}},{"type":"Feature","geometry":{"type":"Point","coordinates":[29.235,12.353]},"properties":{"d":"2025-07-03","w":19,"t":"Explosions/Remote violence","s":"Air/drone strike","c":"Sudan","l":"Abu Zabad","a":"West Kordofan","f":10}},{"type":"Feature","geometry":{"type":"Point","coordinates":[37.413,11.087]},"properties":{"d":"2025-06-30","w":19,"t":"Battles","s":"Armed clash","c":"Ethiopia","l":"Dega Damot","a":"Amhara","f":10}},{"type":"Feature","geometry":{"type":"Point","coordinates":[37.492,11.265]},"properties":{"d":"2025-07-01","w":19,"t":"Battles","s":"Armed clash","c":"Ethiopia","l":"Adet","a":"Amhara","f":10}},{"type":"Feature","geometry":{"type":"Point","coordinates":[37.483,10.55]},"properties":{"d":"2025-07-05","w":19,"t":"Battles","s":"Armed clash","c":"Ethiopia","l":"Dembecha","a":"Amhara","f":10}},{"type":"Feature","geometry":{"type":"Point","coordinates":[37.741,12.876]},"properties":{"d":"2025-07-06","w":19,"t":"Violence against civilians","s":"Attack","c":"Ethiopia","l":"Gedebge","a":"Amhara","f":10}},{"type":"Feature","geometry":{"type":"Point","coordinates":[-0.15,12.97]},"properties":{"d":"2025-07-04","w":19,"t":"Violence against civilians","s":"Attack","c":"Burkina Faso","l":"Bogande","a":"Est","f":10}},{"type":"Feature","geometry":{"type":"Point","coordinates":[95.713,21.735]},"properties":{"d":"2025-07-01","w":19,"t":"Battles","s":"Armed clash","c":"Myanmar","l":"Ywar Thar","a":"Mandalay","f":10}},{"type":"Feature","geometry":{"type":"Point","coordinates":[13.339,13.675]},"properties":{"d":"2025-07-06","w":19,"t":"Violence against civilians","s":"Attack","c":"Nigeria","l":"Malam Fatori","a":"Borno","f":9}},{"type":"Feature","geometry":{"type":"Point","coordinates":[34.392,31.459]},"properties":{"d":"2025-07-02","w":19,"t":"Explosions/Remote violence","s":"Air/drone strike","c":"Palestine","l":"An Nusayrat - North","a":"Gaza Strip","f":9}},{"type":"Feature","geometry":{"type":"Point","coordinates":[34.435,31.517]},"properties":{"d":"2025-07-02","w":19,"t":"Explosions/Remote violence","s":"Air/drone strike","c":"Palestine","l":"Gaza - Southern Remal","a":"Gaza Strip","f":9}},{"type":"Feature","geometry":{"type":"Point","coordinates":[34.35,31.418]},"properties":{"d":"2025-07-02","w":19,"t":"Battles","s":"Armed clash","c":"Palestine","l":"Deir al Balah","a":"Gaza Strip","f":9}},{"type":"Feature","geometry":{"type":"Point","coordinates":[30.343,13.757]},"properties":{"d":"2025-07-12","w":20,"t":"Battles","s":"Armed clash","c":"Sudan","l":"Shag Al Noum","a":"North Kordofan","f":202}},{"type":"Feature","geometry":{"type":"Point","coordinates":[29.437,-1.015]},"properties":{"d":"2025-07-12","w":20,"t":"Violence against civilians","s":"Attack","c":"Democratic Republic of Congo","l":"Kiseguru","a":"Nord-Kivu","f":100}},{"type":"Feature","geometry":{"type":"Point","coordinates":[9.95,9.367]},"properties":{"d":"2025-07-07","w":20,"t":"Battles","s":"Armed clash","c":"Nigeria","l":"Dengi","a":"Plateau","f":70}},{"type":"Feature","geometry":{"type":"Point","coordinates":[46.134,4.062]},"properties":{"d":"2025-07-07","w":20,"t":"Battles","s":"Non-state actor overtakes territory","c":"Somalia","l":"Moqokori","a":"Hiraan","f":47}},{"type":"Feature","geometry":{"type":"Point","coordinates":[29.541,0.817]},"properties":{"d":"2025-07-08","w":20,"t":"Violence against civilians","s":"Attack","c":"Democratic Republic of Congo","l":"Beu-Manyama","a":"Nord-Kivu","f":47}},{"type":"Feature","geometry":{"type":"Point","coordinates":[29.43,-1.001]},"properties":{"d":"2025-07-11","w":20,"t":"Violence against civilians","s":"Attack","c":"Democratic Republic of Congo","l":"Katanga","a":"Nord-Kivu","f":47}},{"type":"Feature","geometry":{"type":"Point","coordinates":[30.59,14.293]},"properties":{"d":"2025-07-12","w":20,"t":"Violence against civilians","s":"Attack","c":"Sudan","l":"Hillat Hamd","a":"North Kordofan","f":46}},{"type":"Feature","geometry":{"type":"Point","coordinates":[32.618,46.656]},"properties":{"d":"2025-07-08","w":20,"t":"Battles","s":"Armed clash","c":"Ukraine","l":"Kherson","a":"Kherson","f":43}},{"type":"Feature","geometry":{"type":"Point","coordinates":[32.618,46.656]},"properties":{"d":"2025-07-07","w":20,"t":"Battles","s":"Armed clash","c":"Ukraine","l":"Kherson","a":"Kherson","f":41}},{"type":"Feature","geometry":{"type":"Point","coordinates":[32.618,46.656]},"properties":{"d":"2025-07-11","w":20,"t":"Battles","s":"Armed clash","c":"Ukraine","l":"Kherson","a":"Kherson","f":40}},{"type":"Feature","geometry":{"type":"Point","coordinates":[32.618,46.656]},"properties":{"d":"2025-07-08","w":20,"t":"Battles","s":"Armed clash","c":"Ukraine","l":"Kherson","a":"Kherson","f":40}},{"type":"Feature","geometry":{"type":"Point","coordinates":[96.443,19.156]},"properties":{"d":"2025-07-07","w":20,"t":"Battles","s":"Armed clash","c":"Myanmar","l":"Pein Hne Pin Seik","a":"Bago-East","f":40}},{"type":"Feature","geometry":{"type":"Point","coordinates":[32.618,46.656]},"properties":{"d":"2025-07-10","w":20,"t":"Battles","s":"Armed clash","c":"Ukraine","l":"Kherson","a":"Kherson","f":39}},{"type":"Feature","geometry":{"type":"Point","coordinates":[32.618,46.656]},"properties":{"d":"2025-07-07","w":20,"t":"Battles","s":"Armed clash","c":"Ukraine","l":"Kherson","a":"Kherson","f":36}},{"type":"Feature","geometry":{"type":"Point","coordinates":[34.241,31.31]},"properties":{"d":"2025-07-12","w":20,"t":"Violence against civilians","s":"Attack","c":"Palestine","l":"Tal as Sultan","a":"Gaza Strip","f":34}},{"type":"Feature","geometry":{"type":"Point","coordinates":[32.618,46.656]},"properties":{"d":"2025-07-09","w":20,"t":"Battles","s":"Armed clash","c":"Ukraine","l":"Kherson","a":"Kherson","f":30}},{"type":"Feature","geometry":{"type":"Point","coordinates":[95.706,17.979]},"properties":{"d":"2025-07-13","w":20,"t":"Battles","s":"Armed clash","c":"Myanmar","l":"Minhla","a":"Bago-West","f":30}},{"type":"Feature","geometry":{"type":"Point","coordinates":[32.618,46.656]},"properties":{"d":"2025-07-09","w":20,"t":"Battles","s":"Armed clash","c":"Ukraine","l":"Kherson","a":"Kherson","f":27}},{"type":"Feature","geometry":{"type":"Point","coordinates":[34.483,31.527]},"properties":{"d":"2025-07-13","w":20,"t":"Explosions/Remote violence","s":"Air/drone strike","c":"Palestine","l":"Jabalya","a":"Gaza Strip","f":26}},{"type":"Feature","geometry":{"type":"Point","coordinates":[29.568,-0.879]},"properties":{"d":"2025-07-10","w":20,"t":"Battles","s":"Armed clash","c":"Democratic Republic of Congo","l":"Nyamilima","a":"Nord-Kivu","f":26}},{"type":"Feature","geometry":{"type":"Point","coordinates":[29.621,13.126]},"properties":{"d":"2025-07-13","w":20,"t":"Battles","s":"Armed clash","c":"Sudan","l":"Umm Sumeima","a":"North Kordofan","f":25}},{"type":"Feature","geometry":{"type":"Point","coordinates":[32.618,46.656]},"properties":{"d":"2025-07-11","w":20,"t":"Battles","s":"Armed clash","c":"Ukraine","l":"Kherson","a":"Kherson","f":24}},{"type":"Feature","geometry":{"type":"Point","coordinates":[95.754,22.088]},"properties":{"d":"2025-07-11","w":20,"t":"Explosions/Remote violence","s":"Air/drone strike","c":"Myanmar","l":"Lin Ta Lu","a":"Sagaing","f":22}},{"type":"Feature","geometry":{"type":"Point","coordinates":[34.452,31.496]},"properties":{"d":"2025-07-13","w":20,"t":"Explosions/Remote violence","s":"Air/drone strike","c":"Palestine","l":"Gaza - Az Zaytun","a":"Gaza Strip","f":21}},{"type":"Feature","geometry":{"type":"Point","coordinates":[6.001,11.546]},"properties":{"d":"2025-07-09","w":20,"t":"Explosions/Remote violence","s":"Air/drone strike","c":"Nigeria","l":"Dankurmi","a":"Zamfara","f":20}},{"type":"Feature","geometry":{"type":"Point","coordinates":[34.483,31.527]},"properties":{"d":"2025-07-10","w":20,"t":"Explosions/Remote violence","s":"Air/drone strike","c":"Palestine","l":"Jabalya","a":"Gaza Strip","f":20}},{"type":"Feature","geometry":{"type":"Point","coordinates":[36.522,33.129]},"properties":{"d":"2025-07-13","w":20,"t":"Battles","s":"Armed clash","c":"Syria","l":"Big Sura","a":"As Sweida","f":20}},{"type":"Feature","geometry":{"type":"Point","coordinates":[36.482,33.185]},"properties":{"d":"2025-07-13","w":20,"t":"Battles","s":"Armed clash","c":"Syria","l":"Buraq","a":"Dara","f":20}},{"type":"Feature","geometry":{"type":"Point","coordinates":[36.568,32.707]},"properties":{"d":"2025-07-13","w":20,"t":"Battles","s":"Armed clash","c":"Syria","l":"As-Sweida - Unspecified","a":"As Sweida","f":20}},{"type":"Feature","geometry":{"type":"Point","coordinates":[36.385,32.889]},"properties":{"d":"2025-07-13","w":20,"t":"Battles","s":"Armed clash","c":"Syria","l":"Harran","a":"As Sweida","f":20}},{"type":"Feature","geometry":{"type":"Point","coordinates":[36.403,32.93]},"properties":{"d":"2025-07-13","w":20,"t":"Battles","s":"Armed clash","c":"Syria","l":"Jirreen","a":"As Sweida","f":20}},{"type":"Feature","geometry":{"type":"Point","coordinates":[36.509,32.665]},"properties":{"d":"2025-07-13","w":20,"t":"Battles","s":"Armed clash","c":"Syria","l":"Kanaker","a":"As Sweida","f":20}},{"type":"Feature","geometry":{"type":"Point","coordinates":[36.395,32.919]},"properties":{"d":"2025-07-13","w":20,"t":"Battles","s":"Armed clash","c":"Syria","l":"Lubayn","a":"As Sweida","f":20}},{"type":"Feature","geometry":{"type":"Point","coordinates":[36.441,32.761]},"properties":{"d":"2025-07-13","w":20,"t":"Battles","s":"Armed clash","c":"Syria","l":"Tira","a":"As Sweida","f":20}},{"type":"Feature","geometry":{"type":"Point","coordinates":[36.48,32.782]},"properties":{"d":"2025-07-13","w":20,"t":"Battles","s":"Armed clash","c":"Syria","l":"Mazra'a","a":"As Sweida","f":20}},{"type":"Feature","geometry":{"type":"Point","coordinates":[36.42,32.788]},"properties":{"d":"2025-07-13","w":20,"t":"Battles","s":"Armed clash","c":"Syria","l":"Smei'","a":"As Sweida","f":20}},{"type":"Feature","geometry":{"type":"Point","coordinates":[66.264,28.49]},"properties":{"d":"2025-07-09","w":20,"t":"Battles","s":"Armed clash","c":"Pakistan","l":"Surab","a":"Balochistan","f":19}},{"type":"Feature","geometry":{"type":"Point","coordinates":[34.464,31.517]},"properties":{"d":"2025-07-13","w":20,"t":"Explosions/Remote violence","s":"Air/drone strike","c":"Palestine","l":"Gaza - Ad Darraj","a":"Gaza Strip","f":18}},{"type":"Feature","geometry":{"type":"Point","coordinates":[34.35,31.418]},"properties":{"d":"2025-07-10","w":20,"t":"Explosions/Remote violence","s":"Air/drone strike","c":"Palestine","l":"Deir al Balah","a":"Gaza Strip","f":17}},{"type":"Feature","geometry":{"type":"Point","coordinates":[32.618,46.656]},"properties":{"d":"2025-07-10","w":20,"t":"Battles","s":"Armed clash","c":"Ukraine","l":"Kherson","a":"Kherson","f":17}},{"type":"Feature","geometry":{"type":"Point","coordinates":[37.493,8.434]},"properties":{"d":"2025-07-10","w":20,"t":"Violence against civilians","s":"Attack","c":"Ethiopia","l":"Kondala","a":"Oromia","f":16}},{"type":"Feature","geometry":{"type":"Point","coordinates":[38.524,9.709]},"properties":{"d":"2025-07-09","w":20,"t":"Explosions/Remote violence","s":"Grenade","c":"Ethiopia","l":"Lemen Kere Kora","a":"Oromia","f":16}},{"type":"Feature","geometry":{"type":"Point","coordinates":[-3.3,13.22]},"properties":{"d":"2025-07-11","w":20,"t":"Battles","s":"Armed clash","c":"Burkina Faso","l":"Ouroukou","a":"Boucle du Mouhoun","f":16}},{"type":"Feature","geometry":{"type":"Point","coordinates":[34.255,31.348]},"properties":{"d":"2025-07-08","w":20,"t":"Explosions/Remote violence","s":"Air/drone strike","c":"Palestine","l":"Al Mawasi (Khan Yunis)","a":"Gaza Strip","f":15}},{"type":"Feature","geometry":{"type":"Point","coordinates":[34.483,31.527]},"properties":{"d":"2025-07-12","w":20,"t":"Explosions/Remote violence","s":"Air/drone strike","c":"Palestine","l":"Jabalya","a":"Gaza Strip","f":15}},{"type":"Feature","geometry":{"type":"Point","coordinates":[46.232,3.836]},"properties":{"d":"2025-07-13","w":20,"t":"Explosions/Remote violence","s":"Air/drone strike","c":"Somalia","l":"Mabaax","a":"Hiraan","f":15}},{"type":"Feature","geometry":{"type":"Point","coordinates":[34.255,31.348]},"properties":{"d":"2025-07-11","w":20,"t":"Explosions/Remote violence","s":"Air/drone strike","c":"Palestine","l":"Al Mawasi (Khan Yunis)","a":"Gaza Strip","f":14}},{"type":"Feature","geometry":{"type":"Point","coordinates":[46.44,3.811]},"properties":{"d":"2025-07-11","w":20,"t":"Explosions/Remote violence","s":"Air/drone strike","c":"Somalia","l":"Xararey","a":"Middle Shabelle","f":14}},{"type":"Feature","geometry":{"type":"Point","coordinates":[25.356,13.626]},"properties":{"d":"2025-07-11","w":20,"t":"Battles","s":"Armed clash","c":"Sudan","l":"El Fasher","a":"North Darfur","f":13}},{"type":"Feature","geometry":{"type":"Point","coordinates":[45.759,3.207]},"properties":{"d":"2025-07-11","w":20,"t":"Explosions/Remote violence","s":"Air/drone strike","c":"Somalia","l":"Ceel Baraf","a":"Middle Shabelle","f":13}},{"type":"Feature","geometry":{"type":"Point","coordinates":[45.504,2.78]},"properties":{"d":"2025-07-11","w":20,"t":"Explosions/Remote violence","s":"Air/drone strike","c":"Somalia","l":"Jowhar","a":"Middle Shabelle","f":13}},{"type":"Feature","geometry":{"type":"Point","coordinates":[7.109,11.56]},"properties":{"d":"2025-07-08","w":20,"t":"Battles","s":"Armed clash","c":"Nigeria","l":"Kadisau","a":"Katsina","f":12}},{"type":"Feature","geometry":{"type":"Point","coordinates":[7.023,11.555]},"properties":{"d":"2025-07-08","w":20,"t":"Battles","s":"Armed clash","c":"Nigeria","l":"Mai Gora","a":"Katsina","f":12}},{"type":"Feature","geometry":{"type":"Point","coordinates":[7.019,11.571]},"properties":{"d":"2025-07-08","w":20,"t":"Battles","s":"Armed clash","c":"Nigeria","l":"Sabon Layi","a":"Katsina","f":12}},{"type":"Feature","geometry":{"type":"Point","coordinates":[34.392,31.449]},"properties":{"d":"2025-07-07","w":20,"t":"Explosions/Remote violence","s":"Air/drone strike","c":"Palestine","l":"An Nusayrat - Unspecified","a":"Gaza Strip","f":12}},{"type":"Feature","geometry":{"type":"Point","coordinates":[34.452,31.496]},"properties":{"d":"2025-07-12","w":20,"t":"Explosions/Remote violence","s":"Air/drone strike","c":"Palestine","l":"Gaza - Az Zaytun","a":"Gaza Strip","f":12}},{"type":"Feature","geometry":{"type":"Point","coordinates":[34.54,31.541]},"properties":{"d":"2025-07-10","w":20,"t":"Explosions/Remote violence","s":"Air/drone strike","c":"Palestine","l":"Beit Hanoun - Unspecified","a":"Gaza Strip","f":12}},{"type":"Feature","geometry":{"type":"Point","coordinates":[-4.083,14.407]},"properties":{"d":"2025-07-11","w":20,"t":"Battles","s":"Armed clash","c":"Mali","l":"Soufouroulaye","a":"Mopti","f":12}},{"type":"Feature","geometry":{"type":"Point","coordinates":[95.641,21.786]},"properties":{"d":"2025-07-12","w":20,"t":"Battles","s":"Armed clash","c":"Myanmar","l":"Ngazun","a":"Mandalay","f":12}},{"type":"Feature","geometry":{"type":"Point","coordinates":[34.447,31.535]},"properties":{"d":"2025-07-08","w":20,"t":"Explosions/Remote violence","s":"Air/drone strike","c":"Palestine","l":"Gaza - Ash Shati' Camp","a":"Gaza Strip","f":11}},{"type":"Feature","geometry":{"type":"Point","coordinates":[34.296,31.348]},"properties":{"d":"2025-07-12","w":20,"t":"Explosions/Remote violence","s":"Air/drone strike","c":"Palestine","l":"Khan Yunis - West (Municipal Stadium)","a":"Gaza Strip","f":11}},{"type":"Feature","geometry":{"type":"Point","coordinates":[34.435,31.517]},"properties":{"d":"2025-07-12","w":20,"t":"Explosions/Remote violence","s":"Air/drone strike","c":"Palestine","l":"Gaza - Southern Remal","a":"Gaza Strip","f":11}},{"type":"Feature","geometry":{"type":"Point","coordinates":[34.464,31.504]},"properties":{"d":"2025-07-12","w":20,"t":"Explosions/Remote violence","s":"Air/drone strike","c":"Palestine","l":"Gaza - Old City","a":"Gaza Strip","f":11}},{"type":"Feature","geometry":{"type":"Point","coordinates":[34.447,31.535]},"properties":{"d":"2025-07-12","w":20,"t":"Explosions/Remote violence","s":"Air/drone strike","c":"Palestine","l":"Gaza - Ash Shati' Camp","a":"Gaza Strip","f":11}},{"type":"Feature","geometry":{"type":"Point","coordinates":[29.235,12.353]},"properties":{"d":"2025-07-13","w":20,"t":"Explosions/Remote violence","s":"Air/drone strike","c":"Sudan","l":"Abu Zabad","a":"West Kordofan","f":11}},{"type":"Feature","geometry":{"type":"Point","coordinates":[-7.267,14.317]},"properties":{"d":"2025-07-13","w":20,"t":"Violence against civilians","s":"Attack","c":"Mali","l":"Banadjougou","a":"Koulikoro","f":11}},{"type":"Feature","geometry":{"type":"Point","coordinates":[0.822,14.396]},"properties":{"d":"2025-07-11","w":20,"t":"Violence against civilians","s":"Attack","c":"Niger","l":"Karta","a":"Tillaberi","f":11}},{"type":"Feature","geometry":{"type":"Point","coordinates":[96.404,19.014]},"properties":{"d":"2025-07-08","w":20,"t":"Battles","s":"Armed clash","c":"Myanmar","l":"Kaytumati","a":"Bago-East","f":11}},{"type":"Feature","geometry":{"type":"Point","coordinates":[44.578,13.818]},"properties":{"d":"2025-07-09","w":20,"t":"Battles","s":"Armed clash","c":"Yemen","l":"Battar","a":"Ad Dali","f":10}},{"type":"Feature","geometry":{"type":"Point","coordinates":[5.486,11.396]},"properties":{"d":"2025-07-09","w":20,"t":"Battles","s":"Armed clash","c":"Nigeria","l":"Ribah","a":"Kebbi","f":10}},{"type":"Feature","geometry":{"type":"Point","coordinates":[34.241,31.31]},"properties":{"d":"2025-07-11","w":20,"t":"Violence against civilians","s":"Attack","c":"Palestine","l":"Tal as Sultan","a":"Gaza Strip","f":10}},{"type":"Feature","geometry":{"type":"Point","coordinates":[34.35,31.418]},"properties":{"d":"2025-07-12","w":20,"t":"Explosions/Remote violence","s":"Air/drone strike","c":"Palestine","l":"Deir al Balah","a":"Gaza Strip","f":10}},{"type":"Feature","geometry":{"type":"Point","coordinates":[34.54,31.541]},"properties":{"d":"2025-07-12","w":20,"t":"Explosions/Remote violence","s":"Air/drone strike","c":"Palestine","l":"Beit Hanoun - Unspecified","a":"Gaza Strip","f":10}},{"type":"Feature","geometry":{"type":"Point","coordinates":[34.376,31.453]},"properties":{"d":"2025-07-13","w":20,"t":"Explosions/Remote violence","s":"Air/drone strike","c":"Palestine","l":"An Nusayrat - West","a":"Gaza Strip","f":10}},{"type":"Feature","geometry":{"type":"Point","coordinates":[34.392,31.459]},"properties":{"d":"2025-07-13","w":20,"t":"Explosions/Remote violence","s":"Air/drone strike","c":"Palestine","l":"An Nusayrat - North","a":"Gaza Strip","f":10}},{"type":"Feature","geometry":{"type":"Point","coordinates":[30.371,13.699]},"properties":{"d":"2025-07-09","w":20,"t":"Battles","s":"Armed clash","c":"Sudan","l":"Bara","a":"North Kordofan","f":10}},{"type":"Feature","geometry":{"type":"Point","coordinates":[25.356,13.626]},"properties":{"d":"2025-07-07","w":20,"t":"Battles","s":"Armed clash","c":"Sudan","l":"El Fasher","a":"North Darfur","f":10}},{"type":"Feature","geometry":{"type":"Point","coordinates":[30.1,12.802]},"properties":{"d":"2025-07-08","w":20,"t":"Battles","s":"Non-state actor overtakes territory","c":"Sudan","l":"Kazgil","a":"North Kordofan","f":10}},{"type":"Feature","geometry":{"type":"Point","coordinates":[25.356,13.626]},"properties":{"d":"2025-07-12","w":20,"t":"Battles","s":"Armed clash","c":"Sudan","l":"El Fasher","a":"North Darfur","f":10}},{"type":"Feature","geometry":{"type":"Point","coordinates":[37.569,10.443]},"properties":{"d":"2025-07-09","w":20,"t":"Battles","s":"Armed clash","c":"Ethiopia","l":"Amanuel","a":"Amhara","f":10}},{"type":"Feature","geometry":{"type":"Point","coordinates":[37.604,10.85]},"properties":{"d":"2025-07-09","w":20,"t":"Battles","s":"Armed clash","c":"Ethiopia","l":"Feres Bet","a":"Amhara","f":10}},{"type":"Feature","geometry":{"type":"Point","coordinates":[38.811,10.471]},"properties":{"d":"2025-07-08","w":20,"t":"Battles","s":"Armed clash","c":"Ethiopia","l":"Kelela","a":"Amhara","f":10}},{"type":"Feature","geometry":{"type":"Point","coordinates":[36.83,10.157]},"properties":{"d":"2025-07-12","w":20,"t":"Battles","s":"Armed clash","c":"Ethiopia","l":"Bagin","a":"Oromia","f":10}},{"type":"Feature","geometry":{"type":"Point","coordinates":[36.76,10.105]},"properties":{"d":"2025-07-12","w":20,"t":"Battles","s":"Armed clash","c":"Ethiopia","l":"Merga Jiregna","a":"Oromia","f":10}},{"type":"Feature","geometry":{"type":"Point","coordinates":[38.073,9.584]},"properties":{"d":"2025-07-09","w":20,"t":"Battles","s":"Armed clash","c":"Ethiopia","l":"Gago Bete","a":"Oromia","f":10}},{"type":"Feature","geometry":{"type":"Point","coordinates":[4.437,14.265]},"properties":{"d":"2025-07-11","w":20,"t":"Explosions/Remote violence","s":"Air/drone strike","c":"Niger","l":"Toullou","a":"Tahoua","f":10}},{"type":"Feature","geometry":{"type":"Point","coordinates":[96.315,25.614]},"properties":{"d":"2025-07-11","w":20,"t":"Battles","s":"Armed clash","c":"Myanmar","l":"Hpakant","a":"Kachin","f":10}},{"type":"Feature","geometry":{"type":"Point","coordinates":[93.551,19.428]},"properties":{"d":"2025-07-12","w":20,"t":"Explosions/Remote violence","s":"Air/drone strike","c":"Myanmar","l":"Kyaukpyu","a":"Rakhine","f":10}},{"type":"Feature","geometry":{"type":"Point","coordinates":[34.296,31.348]},"properties":{"d":"2025-07-08","w":20,"t":"Explosions/Remote violence","s":"Air/drone strike","c":"Palestine","l":"Khan Yunis - West (Municipal Stadium)","a":"Gaza Strip","f":9}},{"type":"Feature","geometry":{"type":"Point","coordinates":[34.452,31.496]},"properties":{"d":"2025-07-12","w":20,"t":"Explosions/Remote violence","s":"Air/drone strike","c":"Palestine","l":"Gaza - Az Zaytun","a":"Gaza Strip","f":9}},{"type":"Feature","geometry":{"type":"Point","coordinates":[34.255,31.348]},"properties":{"d":"2025-07-13","w":20,"t":"Explosions/Remote violence","s":"Air/drone strike","c":"Palestine","l":"Al Mawasi (Khan Yunis)","a":"Gaza Strip","f":9}},{"type":"Feature","geometry":{"type":"Point","coordinates":[34.474,31.505]},"properties":{"d":"2025-07-13","w":20,"t":"Explosions/Remote violence","s":"Air/drone strike","c":"Palestine","l":"Gaza - Unspecified","a":"Gaza Strip","f":9}},{"type":"Feature","geometry":{"type":"Point","coordinates":[36.991,48.24]},"properties":{"d":"2025-07-08","w":20,"t":"Battles","s":"Armed clash","c":"Ukraine","l":"Udachne","a":"Donetsk","f":9}},{"type":"Feature","geometry":{"type":"Point","coordinates":[37.212,48.356]},"properties":{"d":"2025-07-13","w":20,"t":"Battles","s":"Armed clash","c":"Ukraine","l":"Rodynske","a":"Donetsk","f":9}},{"type":"Feature","geometry":{"type":"Point","coordinates":[36.991,48.24]},"properties":{"d":"2025-07-13","w":20,"t":"Battles","s":"Armed clash","c":"Ukraine","l":"Udachne","a":"Donetsk","f":9}},{"type":"Feature","geometry":{"type":"Point","coordinates":[69.429,31.342]},"properties":{"d":"2025-07-10","w":20,"t":"Violence against civilians","s":"Attack","c":"Pakistan","l":"Zhob","a":"Balochistan","f":9}},{"type":"Feature","geometry":{"type":"Point","coordinates":[0.31,13.972]},"properties":{"d":"2025-07-09","w":20,"t":"Battles","s":"Armed clash","c":"Burkina Faso","l":"Seytenga","a":"Sahel","f":9}},{"type":"Feature","geometry":{"type":"Point","coordinates":[29.212,0.463]},"properties":{"d":"2025-07-13","w":20,"t":"Battles","s":"Armed clash","c":"Democratic Republic of Congo","l":"Mabalako","a":"Nord-Kivu","f":9}},{"type":"Feature","geometry":{"type":"Point","coordinates":[10.315,9.302]},"properties":{"d":"2025-07-07","w":20,"t":"Battles","s":"Armed clash","c":"Nigeria","l":"Bunyun","a":"Plateau","f":8}},{"type":"Feature","geometry":{"type":"Point","coordinates":[34.296,31.348]},"properties":{"d":"2025-07-09","w":20,"t":"Explosions/Remote violence","s":"Air/drone strike","c":"Palestine","l":"Khan Yunis - West (Municipal Stadium)","a":"Gaza Strip","f":8}},{"type":"Feature","geometry":{"type":"Point","coordinates":[34.269,31.314]},"properties":{"d":"2025-07-07","w":20,"t":"Violence against civilians","s":"Attack","c":"Palestine","l":"GHF center - Morag","a":"Gaza Strip","f":8}},{"type":"Feature","geometry":{"type":"Point","coordinates":[37.429,48.336]},"properties":{"d":"2025-07-11","w":20,"t":"Battles","s":"Armed clash","c":"Ukraine","l":"Malynivka","a":"Donetsk","f":8}},{"type":"Feature","geometry":{"type":"Point","coordinates":[37.181,48.281]},"properties":{"d":"2025-07-11","w":20,"t":"Battles","s":"Armed clash","c":"Ukraine","l":"Pokrovsk","a":"Donetsk","f":8}},{"type":"Feature","geometry":{"type":"Point","coordinates":[36.991,48.24]},"properties":{"d":"2025-07-11","w":20,"t":"Battles","s":"Armed clash","c":"Ukraine","l":"Udachne","a":"Donetsk","f":8}},{"type":"Feature","geometry":{"type":"Point","coordinates":[36.898,48.178]},"properties":{"d":"2025-07-08","w":20,"t":"Battles","s":"Armed clash","c":"Ukraine","l":"Muravka","a":"Donetsk","f":8}},{"type":"Feature","geometry":{"type":"Point","coordinates":[37.181,48.281]},"properties":{"d":"2025-07-08","w":20,"t":"Battles","s":"Armed clash","c":"Ukraine","l":"Pokrovsk","a":"Donetsk","f":8}},{"type":"Feature","geometry":{"type":"Point","coordinates":[36.965,48.199]},"properties":{"d":"2025-07-07","w":20,"t":"Battles","s":"Armed clash","c":"Ukraine","l":"Novoserhiivka","a":"Donetsk","f":8}},{"type":"Feature","geometry":{"type":"Point","coordinates":[36.991,48.24]},"properties":{"d":"2025-07-07","w":20,"t":"Battles","s":"Armed clash","c":"Ukraine","l":"Udachne","a":"Donetsk","f":8}},{"type":"Feature","geometry":{"type":"Point","coordinates":[37.312,48.366]},"properties":{"d":"2025-07-13","w":20,"t":"Battles","s":"Armed clash","c":"Ukraine","l":"Razine","a":"Donetsk","f":8}},{"type":"Feature","geometry":{"type":"Point","coordinates":[37.38,48.299]},"properties":{"d":"2025-07-13","w":20,"t":"Battles","s":"Armed clash","c":"Ukraine","l":"Myroliubivka","a":"Donetsk","f":8}},{"type":"Feature","geometry":{"type":"Point","coordinates":[37.318,48.269]},"properties":{"d":"2025-07-13","w":20,"t":"Battles","s":"Armed clash","c":"Ukraine","l":"Promin","a":"Donetsk","f":8}},{"type":"Feature","geometry":{"type":"Point","coordinates":[29.446,-1.187]},"properties":{"d":"2025-07-15","w":21,"t":"Violence against civilians","s":"Attack","c":"Democratic Republic of Congo","l":"Rutshuru","a":"Nord-Kivu","f":205}},{"type":"Feature","geometry":{"type":"Point","coordinates":[34.487,31.559]},"properties":{"d":"2025-07-20","w":21,"t":"Violence against civilians","s":"Attack","c":"Palestine","l":"Beit Lahiya - Atatra","a":"Gaza Strip","f":93}},{"type":"Feature","geometry":{"type":"Point","coordinates":[34.295,31.362]},"properties":{"d":"2025-07-17","w":21,"t":"Explosions/Remote violence","s":"Air/drone strike","c":"Palestine","l":"Khan Yunis - Emirati","a":"Gaza Strip","f":55}},{"type":"Feature","geometry":{"type":"Point","coordinates":[95.706,17.979]},"properties":{"d":"2025-07-14","w":21,"t":"Battles","s":"Armed clash","c":"Myanmar","l":"Minhla","a":"Bago-West","f":51}},{"type":"Feature","geometry":{"type":"Point","coordinates":[32.618,46.656]},"properties":{"d":"2025-07-15","w":21,"t":"Battles","s":"Armed clash","c":"Ukraine","l":"Kherson","a":"Kherson","f":50}},{"type":"Feature","geometry":{"type":"Point","coordinates":[32.618,46.656]},"properties":{"d":"2025-07-16","w":21,"t":"Battles","s":"Armed clash","c":"Ukraine","l":"Kherson","a":"Kherson","f":49}},{"type":"Feature","geometry":{"type":"Point","coordinates":[32.618,46.656]},"properties":{"d":"2025-07-20","w":21,"t":"Battles","s":"Armed clash","c":"Ukraine","l":"Kherson","a":"Kherson","f":45}},{"type":"Feature","geometry":{"type":"Point","coordinates":[3.022,15.422]},"properties":{"d":"2025-07-15","w":21,"t":"Explosions/Remote violence","s":"Air/drone strike","c":"Mali","l":"Anderamboukane","a":"Menaka","f":40}},{"type":"Feature","geometry":{"type":"Point","coordinates":[32.618,46.656]},"properties":{"d":"2025-07-15","w":21,"t":"Battles","s":"Armed clash","c":"Ukraine","l":"Kherson","a":"Kherson","f":39}},{"type":"Feature","geometry":{"type":"Point","coordinates":[34.269,31.314]},"properties":{"d":"2025-07-19","w":21,"t":"Violence against civilians","s":"Attack","c":"Palestine","l":"GHF center - Morag","a":"Gaza Strip","f":38}},{"type":"Feature","geometry":{"type":"Point","coordinates":[32.618,46.656]},"properties":{"d":"2025-07-14","w":21,"t":"Battles","s":"Armed clash","c":"Ukraine","l":"Kherson","a":"Kherson","f":35}},{"type":"Feature","geometry":{"type":"Point","coordinates":[32.618,46.656]},"properties":{"d":"2025-07-14","w":21,"t":"Battles","s":"Armed clash","c":"Ukraine","l":"Kherson","a":"Kherson","f":34}},{"type":"Feature","geometry":{"type":"Point","coordinates":[32.618,46.656]},"properties":{"d":"2025-07-18","w":21,"t":"Battles","s":"Armed clash","c":"Ukraine","l":"Kherson","a":"Kherson","f":33}},{"type":"Feature","geometry":{"type":"Point","coordinates":[46.284,4.513]},"properties":{"d":"2025-07-20","w":21,"t":"Battles","s":"Armed clash","c":"Somalia","l":"Wabxo","a":"Galgaduud","f":30}},{"type":"Feature","geometry":{"type":"Point","coordinates":[-5.993,14.253]},"properties":{"d":"2025-07-17","w":21,"t":"Explosions/Remote violence","s":"Air/drone strike","c":"Mali","l":"Niono","a":"Segou","f":30}},{"type":"Feature","geometry":{"type":"Point","coordinates":[32.618,46.656]},"properties":{"d":"2025-07-16","w":21,"t":"Battles","s":"Armed clash","c":"Ukraine","l":"Kherson","a":"Kherson","f":29}},{"type":"Feature","geometry":{"type":"Point","coordinates":[32.618,46.656]},"properties":{"d":"2025-07-17","w":21,"t":"Battles","s":"Armed clash","c":"Ukraine","l":"Kherson","a":"Kherson","f":28}},{"type":"Feature","geometry":{"type":"Point","coordinates":[49.743,10.855]},"properties":{"d":"2025-07-15","w":21,"t":"Battles","s":"Armed clash","c":"Somalia","l":"Buuraha Cali Miskat","a":"Bari","f":27}},{"type":"Feature","geometry":{"type":"Point","coordinates":[29.568,-0.879]},"properties":{"d":"2025-07-18","w":21,"t":"Violence against civilians","s":"Attack","c":"Democratic Republic of Congo","l":"Nyamilima","a":"Nord-Kivu","f":26}},{"type":"Feature","geometry":{"type":"Point","coordinates":[32.618,46.656]},"properties":{"d":"2025-07-18","w":21,"t":"Battles","s":"Armed clash","c":"Ukraine","l":"Kherson","a":"Kherson","f":24}},{"type":"Feature","geometry":{"type":"Point","coordinates":[34.269,31.314]},"properties":{"d":"2025-07-16","w":21,"t":"Violence against civilians","s":"Attack","c":"Palestine","l":"GHF center - Morag","a":"Gaza Strip","f":21}},{"type":"Feature","geometry":{"type":"Point","coordinates":[8.68,9.574]},"properties":{"d":"2025-07-14","w":21,"t":"Violence against civilians","s":"Attack","c":"Nigeria","l":"Bindi Ta Hoss","a":"Plateau","f":20}},{"type":"Feature","geometry":{"type":"Point","coordinates":[36.568,32.707]},"properties":{"d":"2025-07-17","w":21,"t":"Violence against civilians","s":"Attack","c":"Syria","l":"As-Sweida - Unspecified","a":"As Sweida","f":20}},{"type":"Feature","geometry":{"type":"Point","coordinates":[36.627,32.855]},"properties":{"d":"2025-07-18","w":21,"t":"Violence against civilians","s":"Attack","c":"Syria","l":"Shahba","a":"As Sweida","f":20}},{"type":"Feature","geometry":{"type":"Point","coordinates":[36.534,32.595]},"properties":{"d":"2025-07-16","w":21,"t":"Explosions/Remote violence","s":"Air/drone strike","c":"Syria","l":"Mjeimer","a":"As Sweida","f":20}},{"type":"Feature","geometry":{"type":"Point","coordinates":[36.33,32.736]},"properties":{"d":"2025-07-16","w":21,"t":"Explosions/Remote violence","s":"Air/drone strike","c":"Syria","l":"52nd Armored Brigade","a":"Dara","f":20}},{"type":"Feature","geometry":{"type":"Point","coordinates":[36.568,32.707]},"properties":{"d":"2025-07-16","w":21,"t":"Explosions/Remote violence","s":"Air/drone strike","c":"Syria","l":"As-Sweida - Unspecified","a":"As Sweida","f":20}},{"type":"Feature","geometry":{"type":"Point","coordinates":[36.414,32.704]},"properties":{"d":"2025-07-16","w":21,"t":"Explosions/Remote violence","s":"Air/drone strike","c":"Syria","l":"Al Thaalah Military Air Base","a":"As Sweida","f":20}},{"type":"Feature","geometry":{"type":"Point","coordinates":[36.524,32.748]},"properties":{"d":"2025-07-15","w":21,"t":"Explosions/Remote violence","s":"Air/drone strike","c":"Syria","l":"Walgha","a":"As Sweida","f":20}},{"type":"Feature","geometry":{"type":"Point","coordinates":[36.257,32.846]},"properties":{"d":"2025-07-15","w":21,"t":"Explosions/Remote violence","s":"Air/drone strike","c":"Syria","l":"12th Armored Brigade","a":"Dara","f":20}},{"type":"Feature","geometry":{"type":"Point","coordinates":[36.245,32.877]},"properties":{"d":"2025-07-15","w":21,"t":"Explosions/Remote violence","s":"Air/drone strike","c":"Syria","l":"Regiment 175","a":"Dara","f":20}},{"type":"Feature","geometry":{"type":"Point","coordinates":[36.19,33.408]},"properties":{"d":"2025-07-16","w":21,"t":"Explosions/Remote violence","s":"Air/drone strike","c":"Syria","l":"100th Regiment","a":"Rural Damascus","f":20}},{"type":"Feature","geometry":{"type":"Point","coordinates":[36.227,33.183]},"properties":{"d":"2025-07-16","w":21,"t":"Explosions/Remote violence","s":"Air/drone strike","c":"Syria","l":"Ghabagheb","a":"Dara","f":20}},{"type":"Feature","geometry":{"type":"Point","coordinates":[36.478,32.515]},"properties":{"d":"2025-07-16","w":21,"t":"Explosions/Remote violence","s":"Air/drone strike","c":"Syria","l":"Busra Esh-Sham","a":"Dara","f":20}},{"type":"Feature","geometry":{"type":"Point","coordinates":[36.081,33.439]},"properties":{"d":"2025-07-16","w":21,"t":"Explosions/Remote violence","s":"Air/drone strike","c":"Syria","l":"Qatana","a":"Rural Damascus","f":20}},{"type":"Feature","geometry":{"type":"Point","coordinates":[36.105,32.624]},"properties":{"d":"2025-07-16","w":21,"t":"Explosions/Remote violence","s":"Air/drone strike","c":"Syria","l":"Dar'a - Unspecified","a":"Dara","f":20}},{"type":"Feature","geometry":{"type":"Point","coordinates":[36.196,33.506]},"properties":{"d":"2025-07-16","w":21,"t":"Explosions/Remote violence","s":"Air/drone strike","c":"Syria","l":"4th Armored Division","a":"Rural Damascus","f":20}},{"type":"Feature","geometry":{"type":"Point","coordinates":[36.266,33.11]},"properties":{"d":"2025-07-16","w":21,"t":"Explosions/Remote violence","s":"Air/drone strike","c":"Syria","l":"Jbab","a":"Dara","f":20}},{"type":"Feature","geometry":{"type":"Point","coordinates":[36.643,32.632]},"properties":{"d":"2025-07-15","w":21,"t":"Explosions/Remote violence","s":"Air/drone strike","c":"Syria","l":"Kafr","a":"As Sweida","f":20}},{"type":"Feature","geometry":{"type":"Point","coordinates":[36.446,32.973]},"properties":{"d":"2025-07-17","w":21,"t":"Battles","s":"Armed clash","c":"Syria","l":"Deir Dama","a":"As Sweida","f":20}},{"type":"Feature","geometry":{"type":"Point","coordinates":[36.627,32.855]},"properties":{"d":"2025-07-17","w":21,"t":"Battles","s":"Armed clash","c":"Syria","l":"Shahba","a":"As Sweida","f":20}},{"type":"Feature","geometry":{"type":"Point","coordinates":[36.407,32.806]},"properties":{"d":"2025-07-17","w":21,"t":"Battles","s":"Armed clash","c":"Syria","l":"Dor","a":"As Sweida","f":20}},{"type":"Feature","geometry":{"type":"Point","coordinates":[36.395,32.85]},"properties":{"d":"2025-07-17","w":21,"t":"Battles","s":"Armed clash","c":"Syria","l":"Dweira","a":"As Sweida","f":20}},{"type":"Feature","geometry":{"type":"Point","coordinates":[36.525,32.832]},"properties":{"d":"2025-07-17","w":21,"t":"Battles","s":"Armed clash","c":"Syria","l":"Rimet Al-Lahaf","a":"As Sweida","f":20}},{"type":"Feature","geometry":{"type":"Point","coordinates":[36.397,32.828]},"properties":{"d":"2025-07-17","w":21,"t":"Battles","s":"Armed clash","c":"Syria","l":"Taara","a":"As Sweida","f":20}},{"type":"Feature","geometry":{"type":"Point","coordinates":[36.568,32.707]},"properties":{"d":"2025-07-18","w":21,"t":"Battles","s":"Armed clash","c":"Syria","l":"As-Sweida - Unspecified","a":"As Sweida","f":20}},{"type":"Feature","geometry":{"type":"Point","coordinates":[36.568,32.707]},"properties":{"d":"2025-07-15","w":21,"t":"Battles","s":"Armed clash","c":"Syria","l":"As-Sweida - Unspecified","a":"As Sweida","f":20}},{"type":"Feature","geometry":{"type":"Point","coordinates":[36.617,32.757]},"properties":{"d":"2025-07-16","w":21,"t":"Battles","s":"Armed clash","c":"Syria","l":"Qanawat","a":"As Sweida","f":20}},{"type":"Feature","geometry":{"type":"Point","coordinates":[36.509,32.665]},"properties":{"d":"2025-07-15","w":21,"t":"Battles","s":"Armed clash","c":"Syria","l":"Kanaker","a":"As Sweida","f":20}},{"type":"Feature","geometry":{"type":"Point","coordinates":[36.572,32.646]},"properties":{"d":"2025-07-15","w":21,"t":"Battles","s":"Armed clash","c":"Syria","l":"Rassas","a":"As Sweida","f":20}},{"type":"Feature","geometry":{"type":"Point","coordinates":[36.568,32.707]},"properties":{"d":"2025-07-16","w":21,"t":"Battles","s":"Armed clash","c":"Syria","l":"As-Sweida - Unspecified","a":"As Sweida","f":20}},{"type":"Feature","geometry":{"type":"Point","coordinates":[36.572,32.646]},"properties":{"d":"2025-07-16","w":21,"t":"Battles","s":"Armed clash","c":"Syria","l":"Rassas","a":"As Sweida","f":20}},{"type":"Feature","geometry":{"type":"Point","coordinates":[36.643,32.632]},"properties":{"d":"2025-07-16","w":21,"t":"Battles","s":"Armed clash","c":"Syria","l":"Kafr","a":"As Sweida","f":20}},{"type":"Feature","geometry":{"type":"Point","coordinates":[36.448,32.712]},"properties":{"d":"2025-07-15","w":21,"t":"Violence against civilians","s":"Attack","c":"Syria","l":"Al-Thaala","a":"As Sweida","f":20}},{"type":"Feature","geometry":{"type":"Point","coordinates":[36.519,33.099]},"properties":{"d":"2025-07-15","w":21,"t":"Battles","s":"Government regains territory","c":"Syria","l":"Hazm","a":"As Sweida","f":20}},{"type":"Feature","geometry":{"type":"Point","coordinates":[36.532,33.066]},"properties":{"d":"2025-07-15","w":21,"t":"Battles","s":"Government regains territory","c":"Syria","l":"Khalkhaleh","a":"As Sweida","f":20}},{"type":"Feature","geometry":{"type":"Point","coordinates":[36.578,32.757]},"properties":{"d":"2025-07-16","w":21,"t":"Explosions/Remote violence","s":"Shelling/artillery/missile attack","c":"Syria","l":"Atil","a":"As Sweida","f":20}},{"type":"Feature","geometry":{"type":"Point","coordinates":[36.554,33.061]},"properties":{"d":"2025-07-15","w":21,"t":"Battles","s":"Government regains territory","c":"Syria","l":"Khalkhla Airbase","a":"As Sweida","f":20}},{"type":"Feature","geometry":{"type":"Point","coordinates":[36.531,32.617]},"properties":{"d":"2025-07-16","w":21,"t":"Battles","s":"Government regains territory","c":"Syria","l":"Ara","a":"As Sweida","f":20}},{"type":"Feature","geometry":{"type":"Point","coordinates":[36.554,33.061]},"properties":{"d":"2025-07-16","w":21,"t":"Battles","s":"Government regains territory","c":"Syria","l":"Khalkhla Airbase","a":"As Sweida","f":20}},{"type":"Feature","geometry":{"type":"Point","coordinates":[36.598,32.696]},"properties":{"d":"2025-07-16","w":21,"t":"Battles","s":"Government regains territory","c":"Syria","l":"Masad","a":"As Sweida","f":20}},{"type":"Feature","geometry":{"type":"Point","coordinates":[36.6,32.676]},"properties":{"d":"2025-07-16","w":21,"t":"Battles","s":"Government regains territory","c":"Syria","l":"Raha","a":"As Sweida","f":20}},{"type":"Feature","geometry":{"type":"Point","coordinates":[36.414,32.704]},"properties":{"d":"2025-07-17","w":21,"t":"Battles","s":"Non-state actor overtakes territory","c":"Syria","l":"Al Thaalah Military Air Base","a":"As Sweida","f":20}},{"type":"Feature","geometry":{"type":"Point","coordinates":[36.448,32.712]},"properties":{"d":"2025-07-17","w":21,"t":"Battles","s":"Non-state actor overtakes territory","c":"Syria","l":"Al-Thaala","a":"As Sweida","f":20}},{"type":"Feature","geometry":{"type":"Point","coordinates":[36.522,33.129]},"properties":{"d":"2025-07-17","w":21,"t":"Battles","s":"Non-state actor overtakes territory","c":"Syria","l":"Big Sura","a":"As Sweida","f":20}},{"type":"Feature","geometry":{"type":"Point","coordinates":[36.536,32.807]},"properties":{"d":"2025-07-18","w":21,"t":"Battles","s":"Non-state actor overtakes territory","c":"Syria","l":"Kafr Ellahaf","a":"As Sweida","f":20}},{"type":"Feature","geometry":{"type":"Point","coordinates":[36.532,33.066]},"properties":{"d":"2025-07-18","w":21,"t":"Battles","s":"Non-state actor overtakes territory","c":"Syria","l":"Khalkhaleh","a":"As Sweida","f":20}},{"type":"Feature","geometry":{"type":"Point","coordinates":[36.583,32.993]},"properties":{"d":"2025-07-18","w":21,"t":"Battles","s":"Non-state actor overtakes territory","c":"Syria","l":"Lahitha","a":"As Sweida","f":20}},{"type":"Feature","geometry":{"type":"Point","coordinates":[36.573,33.034]},"properties":{"d":"2025-07-18","w":21,"t":"Battles","s":"Non-state actor overtakes territory","c":"Syria","l":"Little Sura","a":"As Sweida","f":20}},{"type":"Feature","geometry":{"type":"Point","coordinates":[36.504,32.796]},"properties":{"d":"2025-07-18","w":21,"t":"Battles","s":"Non-state actor overtakes territory","c":"Syria","l":"Majdal","a":"As Sweida","f":20}},{"type":"Feature","geometry":{"type":"Point","coordinates":[36.446,32.847]},"properties":{"d":"2025-07-18","w":21,"t":"Battles","s":"Non-state actor overtakes territory","c":"Syria","l":"Najran","a":"As Sweida","f":20}},{"type":"Feature","geometry":{"type":"Point","coordinates":[36.525,32.832]},"properties":{"d":"2025-07-18","w":21,"t":"Battles","s":"Non-state actor overtakes territory","c":"Syria","l":"Rimet Al-Lahaf","a":"As Sweida","f":20}},{"type":"Feature","geometry":{"type":"Point","coordinates":[36.502,32.705]},"properties":{"d":"2025-07-18","w":21,"t":"Battles","s":"Non-state actor overtakes territory","c":"Syria","l":"Tal Al Hadid","a":"As Sweida","f":20}},{"type":"Feature","geometry":{"type":"Point","coordinates":[36.55,33.045]},"properties":{"d":"2025-07-18","w":21,"t":"Battles","s":"Non-state actor overtakes territory","c":"Syria","l":"Thakir","a":"As Sweida","f":20}},{"type":"Feature","geometry":{"type":"Point","coordinates":[36.524,32.748]},"properties":{"d":"2025-07-18","w":21,"t":"Battles","s":"Non-state actor overtakes territory","c":"Syria","l":"Walgha","a":"As Sweida","f":20}},{"type":"Feature","geometry":{"type":"Point","coordinates":[36.617,32.757]},"properties":{"d":"2025-07-15","w":21,"t":"Explosions/Remote violence","s":"Shelling/artillery/missile attack","c":"Syria","l":"Qanawat","a":"As Sweida","f":20}},{"type":"Feature","geometry":{"type":"Point","coordinates":[36.606,32.639]},"properties":{"d":"2025-07-16","w":21,"t":"Explosions/Remote violence","s":"Shelling/artillery/missile attack","c":"Syria","l":"Sahwat Al-Balata","a":"As Sweida","f":20}},{"type":"Feature","geometry":{"type":"Point","coordinates":[36.578,32.757]},"properties":{"d":"2025-07-14","w":21,"t":"Battles","s":"Armed clash","c":"Syria","l":"Atil","a":"As Sweida","f":20}},{"type":"Feature","geometry":{"type":"Point","coordinates":[36.572,32.646]},"properties":{"d":"2025-07-14","w":21,"t":"Battles","s":"Armed clash","c":"Syria","l":"Rassas","a":"As Sweida","f":20}},{"type":"Feature","geometry":{"type":"Point","coordinates":[36.568,32.707]},"properties":{"d":"2025-07-14","w":21,"t":"Battles","s":"Armed clash","c":"Syria","l":"As-Sweida - Unspecified","a":"As Sweida","f":20}},{"type":"Feature","geometry":{"type":"Point","coordinates":[36.48,32.782]},"properties":{"d":"2025-07-14","w":21,"t":"Battles","s":"Government regains territory","c":"Syria","l":"Mazra'a","a":"As Sweida","f":20}},{"type":"Feature","geometry":{"type":"Point","coordinates":[36.509,32.665]},"properties":{"d":"2025-07-14","w":21,"t":"Battles","s":"Government regains territory","c":"Syria","l":"Kanaker","a":"As Sweida","f":20}},{"type":"Feature","geometry":{"type":"Point","coordinates":[36.42,32.788]},"properties":{"d":"2025-07-14","w":21,"t":"Battles","s":"Government regains territory","c":"Syria","l":"Smei'","a":"As Sweida","f":20}},{"type":"Feature","geometry":{"type":"Point","coordinates":[36.414,32.704]},"properties":{"d":"2025-07-14","w":21,"t":"Battles","s":"Government regains territory","c":"Syria","l":"Al Thaalah Military Air Base","a":"As Sweida","f":20}},{"type":"Feature","geometry":{"type":"Point","coordinates":[36.448,32.712]},"properties":{"d":"2025-07-14","w":21,"t":"Battles","s":"Government regains territory","c":"Syria","l":"Al-Thaala","a":"As Sweida","f":20}},{"type":"Feature","geometry":{"type":"Point","coordinates":[36.407,32.806]},"properties":{"d":"2025-07-14","w":21,"t":"Battles","s":"Government regains territory","c":"Syria","l":"Dor","a":"As Sweida","f":20}},{"type":"Feature","geometry":{"type":"Point","coordinates":[36.395,32.85]},"properties":{"d":"2025-07-14","w":21,"t":"Battles","s":"Government regains territory","c":"Syria","l":"Dweira","a":"As Sweida","f":20}},{"type":"Feature","geometry":{"type":"Point","coordinates":[36.446,32.847]},"properties":{"d":"2025-07-14","w":21,"t":"Battles","s":"Government regains territory","c":"Syria","l":"Najran","a":"As Sweida","f":20}},{"type":"Feature","geometry":{"type":"Point","coordinates":[36.397,32.828]},"properties":{"d":"2025-07-14","w":21,"t":"Battles","s":"Government regains territory","c":"Syria","l":"Taara","a":"As Sweida","f":20}},{"type":"Feature","geometry":{"type":"Point","coordinates":[36.524,32.748]},"properties":{"d":"2025-07-14","w":21,"t":"Battles","s":"Government regains territory","c":"Syria","l":"Walgha","a":"As Sweida","f":20}},{"type":"Feature","geometry":{"type":"Point","coordinates":[36.441,32.761]},"properties":{"d":"2025-07-14","w":21,"t":"Battles","s":"Government regains territory","c":"Syria","l":"Tira","a":"As Sweida","f":20}},{"type":"Feature","geometry":{"type":"Point","coordinates":[45.038,2.131]},"properties":{"d":"2025-07-14","w":21,"t":"Explosions/Remote violence","s":"Remote explosive/landmine/IED","c":"Somalia","l":"Saabid","a":"Lower Shabelle","f":20}},{"type":"Feature","geometry":{"type":"Point","coordinates":[12.56,13.231]},"properties":{"d":"2025-07-20","w":21,"t":"Battles","s":"Armed clash","c":"Niger","l":"Boukar-Boutouri","a":"Diffa","f":20}},{"type":"Feature","geometry":{"type":"Point","coordinates":[34.474,31.505]},"properties":{"d":"2025-07-14","w":21,"t":"Explosions/Remote violence","s":"Air/drone strike","c":"Palestine","l":"Gaza - Unspecified","a":"Gaza Strip","f":19}},{"type":"Feature","geometry":{"type":"Point","coordinates":[28.646,-2.708]},"properties":{"d":"2025-07-17","w":21,"t":"Violence against civilians","s":"Attack","c":"Democratic Republic of Congo","l":"Walungu","a":"Sud-Kivu","f":19}},{"type":"Feature","geometry":{"type":"Point","coordinates":[1.228,14.516]},"properties":{"d":"2025-07-19","w":21,"t":"Violence against civilians","s":"Attack","c":"Niger","l":"Anzourou","a":"Tillaberi","f":18}},{"type":"Feature","geometry":{"type":"Point","coordinates":[34.475,31.513]},"properties":{"d":"2025-07-15","w":21,"t":"Explosions/Remote violence","s":"Air/drone strike","c":"Palestine","l":"Gaza - At Tuffah","a":"Gaza Strip","f":17}},{"type":"Feature","geometry":{"type":"Point","coordinates":[34.255,31.348]},"properties":{"d":"2025-07-20","w":21,"t":"Explosions/Remote violence","s":"Air/drone strike","c":"Palestine","l":"Al Mawasi (Khan Yunis)","a":"Gaza Strip","f":17}},{"type":"Feature","geometry":{"type":"Point","coordinates":[96.315,25.614]},"properties":{"d":"2025-07-14","w":21,"t":"Explosions/Remote violence","s":"Air/drone strike","c":"Myanmar","l":"Hpakant","a":"Kachin","f":17}},{"type":"Feature","geometry":{"type":"Point","coordinates":[34.447,31.535]},"properties":{"d":"2025-07-15","w":21,"t":"Explosions/Remote violence","s":"Air/drone strike","c":"Palestine","l":"Gaza - Ash Shati' Camp","a":"Gaza Strip","f":16}},{"type":"Feature","geometry":{"type":"Point","coordinates":[32.618,46.656]},"properties":{"d":"2025-07-17","w":21,"t":"Battles","s":"Armed clash","c":"Ukraine","l":"Kherson","a":"Kherson","f":16}},{"type":"Feature","geometry":{"type":"Point","coordinates":[25.356,13.626]},"properties":{"d":"2025-07-16","w":21,"t":"Battles","s":"Armed clash","c":"Sudan","l":"El Fasher","a":"North Darfur","f":15}},{"type":"Feature","geometry":{"type":"Point","coordinates":[46.284,4.513]},"properties":{"d":"2025-07-17","w":21,"t":"Battles","s":"Armed clash","c":"Somalia","l":"Wabxo","a":"Galgaduud","f":15}},{"type":"Feature","geometry":{"type":"Point","coordinates":[95.084,21.335]},"properties":{"d":"2025-07-14","w":21,"t":"Battles","s":"Armed clash","c":"Myanmar","l":"Pakokku","a":"Magway","f":15}},{"type":"Feature","geometry":{"type":"Point","coordinates":[34.467,31.535]},"properties":{"d":"2025-07-14","w":21,"t":"Explosions/Remote violence","s":"Air/drone strike","c":"Palestine","l":"Gaza - Sheikh Radwan","a":"Gaza Strip","f":14}},{"type":"Feature","geometry":{"type":"Point","coordinates":[36.484,32.888]},"properties":{"d":"2025-07-19","w":21,"t":"Battles","s":"Armed clash","c":"Syria","l":"Ariqa","a":"As Sweida","f":14}},{"type":"Feature","geometry":{"type":"Point","coordinates":[36.568,32.707]},"properties":{"d":"2025-07-19","w":21,"t":"Battles","s":"Armed clash","c":"Syria","l":"As-Sweida - Unspecified","a":"As Sweida","f":14}},{"type":"Feature","geometry":{"type":"Point","coordinates":[36.536,32.807]},"properties":{"d":"2025-07-19","w":21,"t":"Battles","s":"Armed clash","c":"Syria","l":"Kafr Ellahaf","a":"As Sweida","f":14}},{"type":"Feature","geometry":{"type":"Point","coordinates":[36.583,32.993]},"properties":{"d":"2025-07-19","w":21,"t":"Battles","s":"Armed clash","c":"Syria","l":"Lahitha","a":"As Sweida","f":14}},{"type":"Feature","geometry":{"type":"Point","coordinates":[36.602,32.95]},"properties":{"d":"2025-07-19","w":21,"t":"Battles","s":"Armed clash","c":"Syria","l":"Mtuna","a":"As Sweida","f":14}},{"type":"Feature","geometry":{"type":"Point","coordinates":[36.627,32.855]},"properties":{"d":"2025-07-19","w":21,"t":"Battles","s":"Armed clash","c":"Syria","l":"Shahba","a":"As Sweida","f":14}},{"type":"Feature","geometry":{"type":"Point","coordinates":[32.618,46.656]},"properties":{"d":"2025-07-23","w":22,"t":"Battles","s":"Armed clash","c":"Ukraine","l":"Kherson","a":"Kherson","f":50}},{"type":"Feature","geometry":{"type":"Point","coordinates":[6.864,10.152]},"properties":{"d":"2025-07-25","w":22,"t":"Battles","s":"Armed clash","c":"Nigeria","l":"Iburu","a":"Niger","f":47}},{"type":"Feature","geometry":{"type":"Point","coordinates":[29.764,1.365]},"properties":{"d":"2025-07-27","w":22,"t":"Violence against civilians","s":"Attack","c":"Democratic Republic of Congo","l":"Komanda","a":"Ituri","f":43}},{"type":"Feature","geometry":{"type":"Point","coordinates":[46.284,4.513]},"properties":{"d":"2025-07-23","w":22,"t":"Battles","s":"Armed clash","c":"Somalia","l":"Wabxo","a":"Galgaduud","f":41}},{"type":"Feature","geometry":{"type":"Point","coordinates":[6.642,12.504]},"properties":{"d":"2025-07-27","w":22,"t":"Violence against civilians","s":"Attack","c":"Nigeria","l":"Banga","a":"Zamfara","f":35}},{"type":"Feature","geometry":{"type":"Point","coordinates":[32.618,46.656]},"properties":{"d":"2025-07-21","w":22,"t":"Battles","s":"Armed clash","c":"Ukraine","l":"Kherson","a":"Kherson","f":33}},{"type":"Feature","geometry":{"type":"Point","coordinates":[24.891,12.056]},"properties":{"d":"2025-07-26","w":22,"t":"Explosions/Remote violence","s":"Air/drone strike","c":"Sudan","l":"Nyala","a":"South Darfur","f":30}},{"type":"Feature","geometry":{"type":"Point","coordinates":[96.346,19.156]},"properties":{"d":"2025-07-21","w":22,"t":"Battles","s":"Armed clash","c":"Myanmar","l":"Yedashe","a":"Bago-East","f":30}},{"type":"Feature","geometry":{"type":"Point","coordinates":[34.467,31.535]},"properties":{"d":"2025-07-24","w":22,"t":"Explosions/Remote violence","s":"Air/drone strike","c":"Palestine","l":"Gaza - Sheikh Radwan","a":"Gaza Strip","f":29}},{"type":"Feature","geometry":{"type":"Point","coordinates":[32.618,46.656]},"properties":{"d":"2025-07-23","w":22,"t":"Battles","s":"Armed clash","c":"Ukraine","l":"Kherson","a":"Kherson","f":29}},{"type":"Feature","geometry":{"type":"Point","coordinates":[32.618,46.656]},"properties":{"d":"2025-07-24","w":22,"t":"Battles","s":"Armed clash","c":"Ukraine","l":"Kherson","a":"Kherson","f":27}},{"type":"Feature","geometry":{"type":"Point","coordinates":[32.618,46.656]},"properties":{"d":"2025-07-22","w":22,"t":"Battles","s":"Armed clash","c":"Ukraine","l":"Kherson","a":"Kherson","f":27}},{"type":"Feature","geometry":{"type":"Point","coordinates":[28.629,13.302]},"properties":{"d":"2025-07-23","w":22,"t":"Battles","s":"Armed clash","c":"Sudan","l":"Berima Bambon","a":"West Kordofan","f":27}},{"type":"Feature","geometry":{"type":"Point","coordinates":[34.255,31.348]},"properties":{"d":"2025-07-23","w":22,"t":"Explosions/Remote violence","s":"Air/drone strike","c":"Palestine","l":"Al Mawasi (Khan Yunis)","a":"Gaza Strip","f":26}},{"type":"Feature","geometry":{"type":"Point","coordinates":[32.618,46.656]},"properties":{"d":"2025-07-22","w":22,"t":"Battles","s":"Armed clash","c":"Ukraine","l":"Kherson","a":"Kherson","f":26}},{"type":"Feature","geometry":{"type":"Point","coordinates":[29.553,-0.982]},"properties":{"d":"2025-07-23","w":22,"t":"Battles","s":"Armed clash","c":"Democratic Republic of Congo","l":"Makoka","a":"Nord-Kivu","f":26}},{"type":"Feature","geometry":{"type":"Point","coordinates":[32.618,46.656]},"properties":{"d":"2025-07-21","w":22,"t":"Battles","s":"Armed clash","c":"Ukraine","l":"Kherson","a":"Kherson","f":24}},{"type":"Feature","geometry":{"type":"Point","coordinates":[29.529,-0.957]},"properties":{"d":"2025-07-23","w":22,"t":"Battles","s":"Armed clash","c":"Democratic Republic of Congo","l":"Kisharu","a":"Nord-Kivu","f":24}},{"type":"Feature","geometry":{"type":"Point","coordinates":[96.73,18.341]},"properties":{"d":"2025-07-25","w":22,"t":"Battles","s":"Armed clash","c":"Myanmar","l":"La Pat","a":"Bago-East","f":24}},{"type":"Feature","geometry":{"type":"Point","coordinates":[32.618,46.656]},"properties":{"d":"2025-07-25","w":22,"t":"Battles","s":"Armed clash","c":"Ukraine","l":"Kherson","a":"Kherson","f":23}},{"type":"Feature","geometry":{"type":"Point","coordinates":[32.618,46.656]},"properties":{"d":"2025-07-24","w":22,"t":"Battles","s":"Armed clash","c":"Ukraine","l":"Kherson","a":"Kherson","f":21}},{"type":"Feature","geometry":{"type":"Point","coordinates":[34.487,31.559]},"properties":{"d":"2025-07-25","w":22,"t":"Violence against civilians","s":"Attack","c":"Palestine","l":"Beit Lahiya - Atatra","a":"Gaza Strip","f":20}},{"type":"Feature","geometry":{"type":"Point","coordinates":[-5.358,13.964]},"properties":{"d":"2025-07-26","w":22,"t":"Battles","s":"Armed clash","c":"Mali","l":"Ke-Macina","a":"Segou","f":20}},{"type":"Feature","geometry":{"type":"Point","coordinates":[95.798,18.232]},"properties":{"d":"2025-07-23","w":22,"t":"Battles","s":"Armed clash","c":"Myanmar","l":"Kyoet Koe Pin","a":"Bago-West","f":20}},{"type":"Feature","geometry":{"type":"Point","coordinates":[94.27,20.373]},"properties":{"d":"2025-07-22","w":22,"t":"Battles","s":"Armed clash","c":"Myanmar","l":"Thet Lel","a":"Magway","f":20}},{"type":"Feature","geometry":{"type":"Point","coordinates":[34.447,31.535]},"properties":{"d":"2025-07-22","w":22,"t":"Explosions/Remote violence","s":"Air/drone strike","c":"Palestine","l":"Gaza - Ash Shati' Camp","a":"Gaza Strip","f":18}},{"type":"Feature","geometry":{"type":"Point","coordinates":[30.313,1.729]},"properties":{"d":"2025-07-21","w":22,"t":"Battles","s":"Armed clash","c":"Democratic Republic of Congo","l":"Nizi","a":"Ituri","f":18}},{"type":"Feature","geometry":{"type":"Point","coordinates":[34.447,31.535]},"properties":{"d":"2025-07-22","w":22,"t":"Explosions/Remote violence","s":"Air/drone strike","c":"Palestine","l":"Gaza - Ash Shati' Camp","a":"Gaza Strip","f":17}},{"type":"Feature","geometry":{"type":"Point","coordinates":[43.455,17.545]},"properties":{"d":"2025-07-25","w":22,"t":"Battles","s":"Armed clash","c":"Yemen","l":"Aqabat al Alb","a":"Sadah","f":16}},{"type":"Feature","geometry":{"type":"Point","coordinates":[34.502,31.554]},"properties":{"d":"2025-07-22","w":22,"t":"Explosions/Remote violence","s":"Air/drone strike","c":"Palestine","l":"Beit Lahiya - Unspecified","a":"Gaza Strip","f":15}},{"type":"Feature","geometry":{"type":"Point","coordinates":[32.658,48.365]},"properties":{"d":"2025-07-21","w":22,"t":"Explosions/Remote violence","s":"Shelling/artillery/missile attack","c":"Ukraine","l":"Kamianets","a":"Kirovohrad","f":15}},{"type":"Feature","geometry":{"type":"Point","coordinates":[29.235,12.353]},"properties":{"d":"2025-07-25","w":22,"t":"Explosions/Remote violence","s":"Air/drone strike","c":"Sudan","l":"Abu Zabad","a":"West Kordofan","f":15}},{"type":"Feature","geometry":{"type":"Point","coordinates":[45.815,2.782]},"properties":{"d":"2025-07-21","w":22,"t":"Battles","s":"Armed clash","c":"Somalia","l":"Qoor-Dheere","a":"Middle Shabelle","f":15}},{"type":"Feature","geometry":{"type":"Point","coordinates":[95.774,17.997]},"properties":{"d":"2025-07-24","w":22,"t":"Battles","s":"Armed clash","c":"Myanmar","l":"Sein Kant Lant","a":"Bago-West","f":15}},{"type":"Feature","geometry":{"type":"Point","coordinates":[8.933,9.283]},"properties":{"d":"2025-07-24","w":22,"t":"Violence against civilians","s":"Attack","c":"Nigeria","l":"Mongor","a":"Plateau","f":14}},{"type":"Feature","geometry":{"type":"Point","coordinates":[34.269,31.314]},"properties":{"d":"2025-07-24","w":22,"t":"Violence against civilians","s":"Attack","c":"Palestine","l":"GHF center - Morag","a":"Gaza Strip","f":14}},{"type":"Feature","geometry":{"type":"Point","coordinates":[34.415,31.456]},"properties":{"d":"2025-07-27","w":22,"t":"Violence against civilians","s":"Attack","c":"Palestine","l":"Wadi Gaza - Salah al-Din Road","a":"Gaza Strip","f":14}},{"type":"Feature","geometry":{"type":"Point","coordinates":[46.952,4.109]},"properties":{"d":"2025-07-24","w":22,"t":"Battles","s":"Armed clash","c":"Somalia","l":"Ceel Gorof","a":"Galgaduud","f":14}},{"type":"Feature","geometry":{"type":"Point","coordinates":[2.46,15.176]},"properties":{"d":"2025-07-23","w":22,"t":"Battles","s":"Armed clash","c":"Niger","l":"Moribane","a":"Tillaberi","f":14}},{"type":"Feature","geometry":{"type":"Point","coordinates":[34.301,31.354]},"properties":{"d":"2025-07-26","w":22,"t":"Explosions/Remote violence","s":"Air/drone strike","c":"Palestine","l":"Khan Yunis - Al Amal","a":"Gaza Strip","f":13}},{"type":"Feature","geometry":{"type":"Point","coordinates":[34.452,31.496]},"properties":{"d":"2025-07-22","w":22,"t":"Explosions/Remote violence","s":"Air/drone strike","c":"Palestine","l":"Gaza - Az Zaytun","a":"Gaza Strip","f":12}},{"type":"Feature","geometry":{"type":"Point","coordinates":[34.269,31.314]},"properties":{"d":"2025-07-26","w":22,"t":"Violence against civilians","s":"Attack","c":"Palestine","l":"GHF center - Morag","a":"Gaza Strip","f":12}},{"type":"Feature","geometry":{"type":"Point","coordinates":[34.296,31.348]},"properties":{"d":"2025-07-26","w":22,"t":"Explosions/Remote violence","s":"Air/drone strike","c":"Palestine","l":"Khan Yunis - West (Municipal Stadium)","a":"Gaza Strip","f":12}},{"type":"Feature","geometry":{"type":"Point","coordinates":[34.269,31.314]},"properties":{"d":"2025-07-27","w":22,"t":"Violence against civilians","s":"Attack","c":"Palestine","l":"GHF center - Morag","a":"Gaza Strip","f":12}},{"type":"Feature","geometry":{"type":"Point","coordinates":[36.991,48.24]},"properties":{"d":"2025-07-25","w":22,"t":"Battles","s":"Armed clash","c":"Ukraine","l":"Udachne","a":"Donetsk","f":12}},{"type":"Feature","geometry":{"type":"Point","coordinates":[37.465,48.437]},"properties":{"d":"2025-07-22","w":22,"t":"Battles","s":"Armed clash","c":"Ukraine","l":"Poltavka","a":"Donetsk","f":12}},{"type":"Feature","geometry":{"type":"Point","coordinates":[1.05,12.723]},"properties":{"d":"2025-07-25","w":22,"t":"Battles","s":"Armed clash","c":"Burkina Faso","l":"Foutouri","a":"Est","f":12}},{"type":"Feature","geometry":{"type":"Point","coordinates":[96.401,21.035]},"properties":{"d":"2025-07-27","w":22,"t":"Battles","s":"Armed clash","c":"Myanmar","l":"Ya Ne","a":"Shan-South","f":12}},{"type":"Feature","geometry":{"type":"Point","coordinates":[5.398,10.986]},"properties":{"d":"2025-07-22","w":22,"t":"Battles","s":"Armed clash","c":"Nigeria","l":"Inana","a":"Niger","f":11}},{"type":"Feature","geometry":{"type":"Point","coordinates":[34.415,31.456]},"properties":{"d":"2025-07-21","w":22,"t":"Violence against civilians","s":"Attack","c":"Palestine","l":"Wadi Gaza - Salah al-Din Road","a":"Gaza Strip","f":11}},{"type":"Feature","geometry":{"type":"Point","coordinates":[37.33,48.326]},"properties":{"d":"2025-07-25","w":22,"t":"Battles","s":"Armed clash","c":"Ukraine","l":"Novoekonomichne","a":"Donetsk","f":11}},{"type":"Feature","geometry":{"type":"Point","coordinates":[37.458,48.419]},"properties":{"d":"2025-07-25","w":22,"t":"Battles","s":"Armed clash","c":"Ukraine","l":"Popiv Yar","a":"Donetsk","f":11}},{"type":"Feature","geometry":{"type":"Point","coordinates":[37.312,48.366]},"properties":{"d":"2025-07-25","w":22,"t":"Battles","s":"Armed clash","c":"Ukraine","l":"Razine","a":"Donetsk","f":11}},{"type":"Feature","geometry":{"type":"Point","coordinates":[36.832,48.042]},"properties":{"d":"2025-07-22","w":22,"t":"Battles","s":"Armed clash","c":"Ukraine","l":"Dachne","a":"Dnipropetrovsk","f":11}},{"type":"Feature","geometry":{"type":"Point","coordinates":[37.265,48.225]},"properties":{"d":"2025-07-22","w":22,"t":"Battles","s":"Armed clash","c":"Ukraine","l":"Lysivka","a":"Donetsk","f":11}},{"type":"Feature","geometry":{"type":"Point","coordinates":[37.38,48.299]},"properties":{"d":"2025-07-22","w":22,"t":"Battles","s":"Armed clash","c":"Ukraine","l":"Myroliubivka","a":"Donetsk","f":11}},{"type":"Feature","geometry":{"type":"Point","coordinates":[37.33,48.326]},"properties":{"d":"2025-07-22","w":22,"t":"Battles","s":"Armed clash","c":"Ukraine","l":"Novoekonomichne","a":"Donetsk","f":11}},{"type":"Feature","geometry":{"type":"Point","coordinates":[37.413,48.289]},"properties":{"d":"2025-07-22","w":22,"t":"Battles","s":"Armed clash","c":"Ukraine","l":"Novotoretske","a":"Donetsk","f":11}},{"type":"Feature","geometry":{"type":"Point","coordinates":[37.197,48.228]},"properties":{"d":"2025-07-22","w":22,"t":"Battles","s":"Armed clash","c":"Ukraine","l":"Novoukrainka","a":"Donetsk","f":11}},{"type":"Feature","geometry":{"type":"Point","coordinates":[37.318,48.269]},"properties":{"d":"2025-07-22","w":22,"t":"Battles","s":"Armed clash","c":"Ukraine","l":"Promin","a":"Donetsk","f":11}},{"type":"Feature","geometry":{"type":"Point","coordinates":[36.991,48.24]},"properties":{"d":"2025-07-22","w":22,"t":"Battles","s":"Armed clash","c":"Ukraine","l":"Udachne","a":"Donetsk","f":11}},{"type":"Feature","geometry":{"type":"Point","coordinates":[36.896,48.022]},"properties":{"d":"2025-07-22","w":22,"t":"Battles","s":"Armed clash","c":"Ukraine","l":"Zelenyi Kut","a":"Donetsk","f":11}},{"type":"Feature","geometry":{"type":"Point","coordinates":[37.126,48.25]},"properties":{"d":"2025-07-22","w":22,"t":"Battles","s":"Armed clash","c":"Ukraine","l":"Zvirove","a":"Donetsk","f":11}},{"type":"Feature","geometry":{"type":"Point","coordinates":[42.594,-0.042]},"properties":{"d":"2025-07-27","w":22,"t":"Explosions/Remote violence","s":"Remote explosive/landmine/IED","c":"Somalia","l":"Bar-Sanguun","a":"Lower Juba","f":11}},{"type":"Feature","geometry":{"type":"Point","coordinates":[46.088,4.393]},"properties":{"d":"2025-07-27","w":22,"t":"Battles","s":"Non-state actor overtakes territory","c":"Somalia","l":"Maxaas","a":"Hiraan","f":11}},{"type":"Feature","geometry":{"type":"Point","coordinates":[1.832,15.052]},"properties":{"d":"2025-07-24","w":22,"t":"Riots","s":"Mob violence","c":"Niger","l":"Tongo Tongo","a":"Tillaberi","f":11}},{"type":"Feature","geometry":{"type":"Point","coordinates":[1.852,15.114]},"properties":{"d":"2025-07-24","w":22,"t":"Riots","s":"Mob violence","c":"Niger","l":"Kouara Peulh","a":"Tillaberi","f":11}},{"type":"Feature","geometry":{"type":"Point","coordinates":[7.281,11.62]},"properties":{"d":"2025-07-24","w":22,"t":"Battles","s":"Armed clash","c":"Nigeria","l":"Tafoki","a":"Katsina","f":10}},{"type":"Feature","geometry":{"type":"Point","coordinates":[13.414,13.421]},"properties":{"d":"2025-07-27","w":22,"t":"Explosions/Remote violence","s":"Air/drone strike","c":"Nigeria","l":"Tumbun Gini","a":"Borno","f":10}},{"type":"Feature","geometry":{"type":"Point","coordinates":[5.308,10.94]},"properties":{"d":"2025-07-22","w":22,"t":"Battles","s":"Armed clash","c":"Nigeria","l":"Warari","a":"Niger","f":10}},{"type":"Feature","geometry":{"type":"Point","coordinates":[34.498,31.498]},"properties":{"d":"2025-07-21","w":22,"t":"Explosions/Remote violence","s":"Air/drone strike","c":"Palestine","l":"Gaza - Ijdeedeh","a":"Gaza Strip","f":10}},{"type":"Feature","geometry":{"type":"Point","coordinates":[34.435,31.517]},"properties":{"d":"2025-07-21","w":22,"t":"Explosions/Remote violence","s":"Air/drone strike","c":"Palestine","l":"Gaza - Southern Remal","a":"Gaza Strip","f":10}},{"type":"Feature","geometry":{"type":"Point","coordinates":[34.447,31.535]},"properties":{"d":"2025-07-26","w":22,"t":"Violence against civilians","s":"Attack","c":"Palestine","l":"Gaza - Ash Shati' Camp","a":"Gaza Strip","f":10}},{"type":"Feature","geometry":{"type":"Point","coordinates":[34.435,31.517]},"properties":{"d":"2025-07-27","w":22,"t":"Explosions/Remote violence","s":"Air/drone strike","c":"Palestine","l":"Gaza - Southern Remal","a":"Gaza Strip","f":10}},{"type":"Feature","geometry":{"type":"Point","coordinates":[36.627,32.855]},"properties":{"d":"2025-07-22","w":22,"t":"Explosions/Remote violence","s":"Air/drone strike","c":"Syria","l":"Shahba","a":"As Sweida","f":10}},{"type":"Feature","geometry":{"type":"Point","coordinates":[37.204,48.233]},"properties":{"d":"2025-07-25","w":22,"t":"Battles","s":"Armed clash","c":"Ukraine","l":"Chunyshyne","a":"Donetsk","f":10}},{"type":"Feature","geometry":{"type":"Point","coordinates":[32.618,46.656]},"properties":{"d":"2025-07-25","w":22,"t":"Battles","s":"Armed clash","c":"Ukraine","l":"Kherson","a":"Kherson","f":10}},{"type":"Feature","geometry":{"type":"Point","coordinates":[37.05,48.255]},"properties":{"d":"2025-07-25","w":22,"t":"Battles","s":"Armed clash","c":"Ukraine","l":"Kotlyne","a":"Donetsk","f":10}},{"type":"Feature","geometry":{"type":"Point","coordinates":[37.265,48.225]},"properties":{"d":"2025-07-25","w":22,"t":"Battles","s":"Armed clash","c":"Ukraine","l":"Lysivka","a":"Donetsk","f":10}},{"type":"Feature","geometry":{"type":"Point","coordinates":[36.898,48.178]},"properties":{"d":"2025-07-25","w":22,"t":"Battles","s":"Armed clash","c":"Ukraine","l":"Muravka","a":"Donetsk","f":10}},{"type":"Feature","geometry":{"type":"Point","coordinates":[37.197,48.228]},"properties":{"d":"2025-07-25","w":22,"t":"Battles","s":"Armed clash","c":"Ukraine","l":"Novoukrainka","a":"Donetsk","f":10}},{"type":"Feature","geometry":{"type":"Point","coordinates":[36.948,48.017]},"properties":{"d":"2025-07-25","w":22,"t":"Battles","s":"Armed clash","c":"Ukraine","l":"Oleksiivka","a":"Donetsk","f":10}},{"type":"Feature","geometry":{"type":"Point","coordinates":[37.126,48.25]},"properties":{"d":"2025-07-25","w":22,"t":"Battles","s":"Armed clash","c":"Ukraine","l":"Zvirove","a":"Donetsk","f":10}},{"type":"Feature","geometry":{"type":"Point","coordinates":[36.948,48.017]},"properties":{"d":"2025-07-22","w":22,"t":"Battles","s":"Armed clash","c":"Ukraine","l":"Oleksiivka","a":"Donetsk","f":10}},{"type":"Feature","geometry":{"type":"Point","coordinates":[25.356,13.626]},"properties":{"d":"2025-07-21","w":22,"t":"Battles","s":"Armed clash","c":"Sudan","l":"El Fasher","a":"North Darfur","f":10}},{"type":"Feature","geometry":{"type":"Point","coordinates":[25.3,13.721]},"properties":{"d":"2025-07-26","w":22,"t":"Violence against civilians","s":"Attack","c":"Sudan","l":"Tonjor","a":"North Darfur","f":10}},{"type":"Feature","geometry":{"type":"Point","coordinates":[39.417,8.933]},"properties":{"d":"2025-07-22","w":22,"t":"Battles","s":"Armed clash","c":"Ethiopia","l":"Arertu","a":"Amhara","f":10}},{"type":"Feature","geometry":{"type":"Point","coordinates":[36.306,12.828]},"properties":{"d":"2025-07-22","w":22,"t":"Battles","s":"Armed clash","c":"Ethiopia","l":"Kumer","a":"Amhara","f":10}},{"type":"Feature","geometry":{"type":"Point","coordinates":[37.562,11.783]},"properties":{"d":"2025-07-23","w":22,"t":"Battles","s":"Armed clash","c":"Ethiopia","l":"Hamusit","a":"Amhara","f":10}},{"type":"Feature","geometry":{"type":"Point","coordinates":[38.555,11.532]},"properties":{"d":"2025-07-25","w":22,"t":"Battles","s":"Armed clash","c":"Ethiopia","l":"Arb Gebeya","a":"Amhara","f":10}},{"type":"Feature","geometry":{"type":"Point","coordinates":[35.127,6.343]},"properties":{"d":"2025-07-21","w":22,"t":"Battles","s":"Armed clash","c":"Ethiopia","l":"Siyali","a":"South West","f":10}},{"type":"Feature","geometry":{"type":"Point","coordinates":[47.992,5.012]},"properties":{"d":"2025-07-23","w":22,"t":"Battles","s":"Armed clash","c":"Somalia","l":"Caad","a":"Mudug","f":10}},{"type":"Feature","geometry":{"type":"Point","coordinates":[45.038,2.131]},"properties":{"d":"2025-07-25","w":22,"t":"Battles","s":"Non-state actor overtakes territory","c":"Somalia","l":"Saabid","a":"Lower Shabelle","f":10}},{"type":"Feature","geometry":{"type":"Point","coordinates":[45.04,2.13]},"properties":{"d":"2025-07-25","w":22,"t":"Battles","s":"Non-state actor overtakes territory","c":"Somalia","l":"Caanoole","a":"Lower Shabelle","f":10}},{"type":"Feature","geometry":{"type":"Point","coordinates":[2.683,14.891]},"properties":{"d":"2025-07-24","w":22,"t":"Violence against civilians","s":"Attack","c":"Niger","l":"Korombaya","a":"Tillaberi","f":10}},{"type":"Feature","geometry":{"type":"Point","coordinates":[1.917,14.479]},"properties":{"d":"2025-07-24","w":22,"t":"Violence against civilians","s":"Attack","c":"Niger","l":"Tanda Zamana","a":"Tillaberi","f":10}},{"type":"Feature","geometry":{"type":"Point","coordinates":[29.568,-0.879]},"properties":{"d":"2025-07-21","w":22,"t":"Violence against civilians","s":"Attack","c":"Democratic Republic of Congo","l":"Nyamilima","a":"Nord-Kivu","f":10}},{"type":"Feature","geometry":{"type":"Point","coordinates":[98.662,12.849]},"properties":{"d":"2025-07-24","w":22,"t":"Battles","s":"Armed clash","c":"Myanmar","l":"Pala","a":"Tanintharyi","f":10}},{"type":"Feature","geometry":{"type":"Point","coordinates":[95.576,21.925]},"properties":{"d":"2025-07-23","w":22,"t":"Battles","s":"Armed clash","c":"Myanmar","l":"Myinmu","a":"Sagaing","f":10}},{"type":"Feature","geometry":{"type":"Point","coordinates":[96.791,24.227]},"properties":{"d":"2025-07-26","w":22,"t":"Battles","s":"Armed clash","c":"Myanmar","l":"Shwegu","a":"Kachin","f":10}},{"type":"Feature","geometry":{"type":"Point","coordinates":[98.704,12.829]},"properties":{"d":"2025-07-25","w":22,"t":"Explosions/Remote violence","s":"Air/drone strike","c":"Myanmar","l":"Za Yat Seik","a":"Tanintharyi","f":10}},{"type":"Feature","geometry":{"type":"Point","coordinates":[60.863,29.496]},"properties":{"d":"2025-07-26","w":22,"t":"Battles","s":"Armed clash","c":"Iran","l":"Zahedan","a":"Sistan and Baluchestan","f":9}},{"type":"Feature","geometry":{"type":"Point","coordinates":[34.435,31.504]},"properties":{"d":"2025-07-23","w":22,"t":"Explosions/Remote violence","s":"Air/drone strike","c":"Palestine","l":"Gaza - Tal el Hawa","a":"Gaza Strip","f":9}},{"type":"Feature","geometry":{"type":"Point","coordinates":[34.47,31.499]},"properties":{"d":"2025-07-27","w":22,"t":"Explosions/Remote violence","s":"Air/drone strike","c":"Palestine","l":"Gaza - Shujaiyya","a":"Gaza Strip","f":9}},{"type":"Feature","geometry":{"type":"Point","coordinates":[34.47,31.499]},"properties":{"d":"2025-07-27","w":22,"t":"Explosions/Remote violence","s":"Air/drone strike","c":"Palestine","l":"Gaza - Shujaiyya","a":"Gaza Strip","f":9}},{"type":"Feature","geometry":{"type":"Point","coordinates":[28.348,11.72]},"properties":{"d":"2025-07-21","w":22,"t":"Explosions/Remote violence","s":"Air/drone strike","c":"Sudan","l":"El Fula","a":"West Kordofan","f":9}},{"type":"Feature","geometry":{"type":"Point","coordinates":[41.894,3.781]},"properties":{"d":"2025-07-22","w":22,"t":"Battles","s":"Armed clash","c":"Somalia","l":"Belet Xaawo","a":"Gedo","f":9}},{"type":"Feature","geometry":{"type":"Point","coordinates":[-5.167,13.751]},"properties":{"d":"2025-07-26","w":22,"t":"Violence against civilians","s":"Attack","c":"Mali","l":"Zambala","a":"Segou","f":9}},{"type":"Feature","geometry":{"type":"Point","coordinates":[-3.879,13.263]},"properties":{"d":"2025-07-23","w":22,"t":"Battles","s":"Armed clash","c":"Burkina Faso","l":"Konkoro","a":"Boucle du Mouhoun","f":9}},{"type":"Feature","geometry":{"type":"Point","coordinates":[34.392,31.449]},"properties":{"d":"2025-07-23","w":22,"t":"Explosions/Remote violence","s":"Air/drone strike","c":"Palestine","l":"An Nusayrat - Unspecified","a":"Gaza Strip","f":8}},{"type":"Feature","geometry":{"type":"Point","coordinates":[34.325,31.342]},"properties":{"d":"2025-07-24","w":22,"t":"Explosions/Remote violence","s":"Air/drone strike","c":"Palestine","l":"Bani Suheila","a":"Gaza Strip","f":8}},{"type":"Feature","geometry":{"type":"Point","coordinates":[44.898,2.048]},"properties":{"d":"2025-08-02","w":23,"t":"Battles","s":"Armed clash","c":"Somalia","l":"Bariirre","a":"Lower Shabelle","f":63}},{"type":"Feature","geometry":{"type":"Point","coordinates":[34.487,31.559]},"properties":{"d":"2025-07-30","w":23,"t":"Violence against civilians","s":"Attack","c":"Palestine","l":"Beit Lahiya - Atatra","a":"Gaza Strip","f":60}},{"type":"Feature","geometry":{"type":"Point","coordinates":[29.433,12.35]},"properties":{"d":"2025-07-28","w":23,"t":"Explosions/Remote violence","s":"Air/drone strike","c":"Sudan","l":"Debkar","a":"West Kordofan","f":45}},{"type":"Feature","geometry":{"type":"Point","coordinates":[-0.283,12.719]},"properties":{"d":"2025-07-28","w":23,"t":"Battles","s":"Armed clash","c":"Burkina Faso","l":"Dargo","a":"Centre-Nord","f":40}},{"type":"Feature","geometry":{"type":"Point","coordinates":[95.217,19.358]},"properties":{"d":"2025-07-29","w":23,"t":"Battles","s":"Armed clash","c":"Myanmar","l":"Aunglan","a":"Magway","f":40}},{"type":"Feature","geometry":{"type":"Point","coordinates":[34.475,31.513]},"properties":{"d":"2025-08-02","w":23,"t":"Explosions/Remote violence","s":"Air/drone strike","c":"Palestine","l":"Gaza - At Tuffah","a":"Gaza Strip","f":38}},{"type":"Feature","geometry":{"type":"Point","coordinates":[32.618,46.656]},"properties":{"d":"2025-07-30","w":23,"t":"Battles","s":"Armed clash","c":"Ukraine","l":"Kherson","a":"Kherson","f":36}},{"type":"Feature","geometry":{"type":"Point","coordinates":[32.618,46.656]},"properties":{"d":"2025-08-01","w":23,"t":"Battles","s":"Armed clash","c":"Ukraine","l":"Kherson","a":"Kherson","f":31}},{"type":"Feature","geometry":{"type":"Point","coordinates":[32.618,46.656]},"properties":{"d":"2025-07-29","w":23,"t":"Battles","s":"Armed clash","c":"Ukraine","l":"Kherson","a":"Kherson","f":31}},{"type":"Feature","geometry":{"type":"Point","coordinates":[98.102,14.174]},"properties":{"d":"2025-07-29","w":23,"t":"Battles","s":"Armed clash","c":"Myanmar","l":"Pan Det Inn","a":"Tanintharyi","f":31}},{"type":"Feature","geometry":{"type":"Point","coordinates":[34.392,31.459]},"properties":{"d":"2025-07-28","w":23,"t":"Explosions/Remote violence","s":"Air/drone strike","c":"Palestine","l":"An Nusayrat - North","a":"Gaza Strip","f":30}},{"type":"Feature","geometry":{"type":"Point","coordinates":[32.618,46.656]},"properties":{"d":"2025-07-28","w":23,"t":"Battles","s":"Armed clash","c":"Ukraine","l":"Kherson","a":"Kherson","f":29}},{"type":"Feature","geometry":{"type":"Point","coordinates":[34.269,31.314]},"properties":{"d":"2025-07-28","w":23,"t":"Explosions/Remote violence","s":"Shelling/artillery/missile attack","c":"Palestine","l":"GHF center - Morag","a":"Gaza Strip","f":28}},{"type":"Feature","geometry":{"type":"Point","coordinates":[32.618,46.656]},"properties":{"d":"2025-07-31","w":23,"t":"Battles","s":"Armed clash","c":"Ukraine","l":"Kherson","a":"Kherson","f":27}},{"type":"Feature","geometry":{"type":"Point","coordinates":[34.255,31.348]},"properties":{"d":"2025-07-28","w":23,"t":"Explosions/Remote violence","s":"Air/drone strike","c":"Palestine","l":"Al Mawasi (Khan Yunis)","a":"Gaza Strip","f":26}},{"type":"Feature","geometry":{"type":"Point","coordinates":[-2.368,13.67]},"properties":{"d":"2025-08-03","w":23,"t":"Battles","s":"Armed clash","c":"Burkina Faso","l":"Youba","a":"Nord","f":23}},{"type":"Feature","geometry":{"type":"Point","coordinates":[32.618,46.656]},"properties":{"d":"2025-07-29","w":23,"t":"Battles","s":"Armed clash","c":"Ukraine","l":"Kherson","a":"Kherson","f":22}},{"type":"Feature","geometry":{"type":"Point","coordinates":[32.618,46.656]},"properties":{"d":"2025-07-28","w":23,"t":"Battles","s":"Armed clash","c":"Ukraine","l":"Kherson","a":"Kherson","f":22}},{"type":"Feature","geometry":{"type":"Point","coordinates":[32.618,46.656]},"properties":{"d":"2025-08-01","w":23,"t":"Battles","s":"Armed clash","c":"Ukraine","l":"Kherson","a":"Kherson","f":21}},{"type":"Feature","geometry":{"type":"Point","coordinates":[32.618,46.656]},"properties":{"d":"2025-07-30","w":23,"t":"Battles","s":"Armed clash","c":"Ukraine","l":"Kherson","a":"Kherson","f":21}},{"type":"Feature","geometry":{"type":"Point","coordinates":[29.568,-0.879]},"properties":{"d":"2025-08-03","w":23,"t":"Violence against civilians","s":"Attack","c":"Democratic Republic of Congo","l":"Nyamilima","a":"Nord-Kivu","f":21}},{"type":"Feature","geometry":{"type":"Point","coordinates":[34.296,31.348]},"properties":{"d":"2025-07-28","w":23,"t":"Explosions/Remote violence","s":"Air/drone strike","c":"Palestine","l":"Khan Yunis - West (Municipal Stadium)","a":"Gaza Strip","f":20}},{"type":"Feature","geometry":{"type":"Point","coordinates":[45.681,4.01]},"properties":{"d":"2025-07-31","w":23,"t":"Explosions/Remote violence","s":"Air/drone strike","c":"Somalia","l":"Aborey","a":"Hiraan","f":20}},{"type":"Feature","geometry":{"type":"Point","coordinates":[44.898,2.048]},"properties":{"d":"2025-08-01","w":23,"t":"Battles","s":"Armed clash","c":"Somalia","l":"Bariirre","a":"Lower Shabelle","f":20}},{"type":"Feature","geometry":{"type":"Point","coordinates":[46.088,4.393]},"properties":{"d":"2025-07-31","w":23,"t":"Explosions/Remote violence","s":"Air/drone strike","c":"Somalia","l":"Maxaas","a":"Hiraan","f":20}},{"type":"Feature","geometry":{"type":"Point","coordinates":[-0.119,14.286]},"properties":{"d":"2025-07-28","w":23,"t":"Battles","s":"Armed clash","c":"Burkina Faso","l":"Balliata","a":"Sahel","f":20}},{"type":"Feature","geometry":{"type":"Point","coordinates":[34.415,31.456]},"properties":{"d":"2025-08-02","w":23,"t":"Violence against civilians","s":"Attack","c":"Palestine","l":"Wadi Gaza - Salah al-Din Road","a":"Gaza Strip","f":18}},{"type":"Feature","geometry":{"type":"Point","coordinates":[35.034,47.63]},"properties":{"d":"2025-07-28","w":23,"t":"Explosions/Remote violence","s":"Air/drone strike","c":"Ukraine","l":"Bilenke","a":"Zaporizhia","f":17}},{"type":"Feature","geometry":{"type":"Point","coordinates":[-0.122,11.69]},"properties":{"d":"2025-07-28","w":23,"t":"Battles","s":"Armed clash","c":"Burkina Faso","l":"Sablogo","a":"Centre-Est","f":17}},{"type":"Feature","geometry":{"type":"Point","coordinates":[0.358,12.062]},"properties":{"d":"2025-07-31","w":23,"t":"Violence against civilians","s":"Attack","c":"Burkina Faso","l":"Fada NGourma","a":"Est","f":17}},{"type":"Feature","geometry":{"type":"Point","coordinates":[96.906,24.14]},"properties":{"d":"2025-07-29","w":23,"t":"Battles","s":"Armed clash","c":"Myanmar","l":"Nawng Mo","a":"Kachin","f":17}},{"type":"Feature","geometry":{"type":"Point","coordinates":[34.487,31.559]},"properties":{"d":"2025-08-03","w":23,"t":"Violence against civilians","s":"Attack","c":"Palestine","l":"Beit Lahiya - Atatra","a":"Gaza Strip","f":16}},{"type":"Feature","geometry":{"type":"Point","coordinates":[64.053,26.769]},"properties":{"d":"2025-08-02","w":23,"t":"Battles","s":"Armed clash","c":"Pakistan","l":"Gwargo","a":"Balochistan","f":16}},{"type":"Feature","geometry":{"type":"Point","coordinates":[34.415,31.456]},"properties":{"d":"2025-07-31","w":23,"t":"Violence against civilians","s":"Attack","c":"Palestine","l":"Wadi Gaza - Salah al-Din Road","a":"Gaza Strip","f":15}},{"type":"Feature","geometry":{"type":"Point","coordinates":[34.487,31.559]},"properties":{"d":"2025-08-01","w":23,"t":"Explosions/Remote violence","s":"Shelling/artillery/missile attack","c":"Palestine","l":"Beit Lahiya - Atatra","a":"Gaza Strip","f":15}},{"type":"Feature","geometry":{"type":"Point","coordinates":[34.269,31.314]},"properties":{"d":"2025-08-01","w":23,"t":"Explosions/Remote violence","s":"Shelling/artillery/missile attack","c":"Palestine","l":"GHF center - Morag","a":"Gaza Strip","f":15}},{"type":"Feature","geometry":{"type":"Point","coordinates":[25.231,13.744]},"properties":{"d":"2025-08-02","w":23,"t":"Violence against civilians","s":"Attack","c":"Sudan","l":"Gurni","a":"North Darfur","f":15}},{"type":"Feature","geometry":{"type":"Point","coordinates":[95.593,19.593]},"properties":{"d":"2025-07-29","w":23,"t":"Explosions/Remote violence","s":"Remote explosive/landmine/IED","c":"Myanmar","l":"Da None Myaung","a":"Magway","f":15}},{"type":"Feature","geometry":{"type":"Point","coordinates":[34.474,31.505]},"properties":{"d":"2025-07-30","w":23,"t":"Explosions/Remote violence","s":"Air/drone strike","c":"Palestine","l":"Gaza - Unspecified","a":"Gaza Strip","f":14}},{"type":"Feature","geometry":{"type":"Point","coordinates":[32.618,46.656]},"properties":{"d":"2025-07-31","w":23,"t":"Battles","s":"Armed clash","c":"Ukraine","l":"Kherson","a":"Kherson","f":14}},{"type":"Feature","geometry":{"type":"Point","coordinates":[39.793,-13.645]},"properties":{"d":"2025-07-28","w":23,"t":"Battles","s":"Armed clash","c":"Mozambique","l":"Ocua","a":"Cabo Delgado","f":14}},{"type":"Feature","geometry":{"type":"Point","coordinates":[34.475,31.513]},"properties":{"d":"2025-07-30","w":23,"t":"Explosions/Remote violence","s":"Air/drone strike","c":"Palestine","l":"Gaza - At Tuffah","a":"Gaza Strip","f":13}},{"type":"Feature","geometry":{"type":"Point","coordinates":[34.415,31.456]},"properties":{"d":"2025-07-29","w":23,"t":"Violence against civilians","s":"Attack","c":"Palestine","l":"Wadi Gaza - Salah al-Din Road","a":"Gaza Strip","f":13}},{"type":"Feature","geometry":{"type":"Point","coordinates":[71.41,34.795]},"properties":{"d":"2025-07-29","w":23,"t":"Battles","s":"Armed clash","c":"Pakistan","l":"Khalozai","a":"Khyber Pakhtunkhwa","f":13}},{"type":"Feature","geometry":{"type":"Point","coordinates":[7.067,11.939]},"properties":{"d":"2025-08-02","w":23,"t":"Explosions/Remote violence","s":"Air/drone strike","c":"Nigeria","l":"Yankuzo","a":"Zamfara","f":12}},{"type":"Feature","geometry":{"type":"Point","coordinates":[3.818,10.434]},"properties":{"d":"2025-07-28","w":23,"t":"Battles","s":"Armed clash","c":"Nigeria","l":"Babanna","a":"Niger","f":12}},{"type":"Feature","geometry":{"type":"Point","coordinates":[34.308,31.35]},"properties":{"d":"2025-07-29","w":23,"t":"Explosions/Remote violence","s":"Air/drone strike","c":"Palestine","l":"Khan Yunis - Unspecified","a":"Gaza Strip","f":12}},{"type":"Feature","geometry":{"type":"Point","coordinates":[34.415,31.456]},"properties":{"d":"2025-08-01","w":23,"t":"Explosions/Remote violence","s":"Shelling/artillery/missile attack","c":"Palestine","l":"Wadi Gaza - Salah al-Din Road","a":"Gaza Strip","f":12}},{"type":"Feature","geometry":{"type":"Point","coordinates":[36.991,48.24]},"properties":{"d":"2025-08-01","w":23,"t":"Battles","s":"Armed clash","c":"Ukraine","l":"Udachne","a":"Donetsk","f":12}},{"type":"Feature","geometry":{"type":"Point","coordinates":[36.832,48.042]},"properties":{"d":"2025-08-01","w":23,"t":"Battles","s":"Armed clash","c":"Ukraine","l":"Dachne","a":"Dnipropetrovsk","f":12}},{"type":"Feature","geometry":{"type":"Point","coordinates":[96.51,22.918]},"properties":{"d":"2025-08-02","w":23,"t":"Explosions/Remote violence","s":"Air/drone strike","c":"Myanmar","l":"Mogoke","a":"Mandalay","f":12}},{"type":"Feature","geometry":{"type":"Point","coordinates":[5.821,12.462]},"properties":{"d":"2025-08-01","w":23,"t":"Violence against civilians","s":"Attack","c":"Nigeria","l":"Damri","a":"Zamfara","f":11}},{"type":"Feature","geometry":{"type":"Point","coordinates":[34.403,31.439]},"properties":{"d":"2025-07-29","w":23,"t":"Explosions/Remote violence","s":"Air/drone strike","c":"Palestine","l":"Al Burayj","a":"Gaza Strip","f":11}},{"type":"Feature","geometry":{"type":"Point","coordinates":[37.458,48.419]},"properties":{"d":"2025-08-01","w":23,"t":"Battles","s":"Armed clash","c":"Ukraine","l":"Popiv Yar","a":"Donetsk","f":11}},{"type":"Feature","geometry":{"type":"Point","coordinates":[25.356,13.626]},"properties":{"d":"2025-08-02","w":23,"t":"Battles","s":"Armed clash","c":"Sudan","l":"El Fasher","a":"North Darfur","f":11}},{"type":"Feature","geometry":{"type":"Point","coordinates":[31.137,14.394]},"properties":{"d":"2025-08-03","w":23,"t":"Battles","s":"Armed clash","c":"Sudan","l":"Um Sayalah","a":"North Kordofan","f":11}},{"type":"Feature","geometry":{"type":"Point","coordinates":[44.898,2.048]},"properties":{"d":"2025-07-31","w":23,"t":"Explosions/Remote violence","s":"Air/drone strike","c":"Somalia","l":"Bariirre","a":"Lower Shabelle","f":11}},{"type":"Feature","geometry":{"type":"Point","coordinates":[1.291,14.444]},"properties":{"d":"2025-07-31","w":23,"t":"Battles","s":"Armed clash","c":"Niger","l":"Doukou Saraou","a":"Tillaberi","f":11}},{"type":"Feature","geometry":{"type":"Point","coordinates":[34.292,31.337]},"properties":{"d":"2025-07-31","w":23,"t":"Explosions/Remote violence","s":"Air/drone strike","c":"Palestine","l":"Khan Yunis - As-Sameen","a":"Gaza Strip","f":10}},{"type":"Feature","geometry":{"type":"Point","coordinates":[34.301,31.342]},"properties":{"d":"2025-07-31","w":23,"t":"Explosions/Remote violence","s":"Air/drone strike","c":"Palestine","l":"Khan Yunis - City Centre","a":"Gaza Strip","f":10}},{"type":"Feature","geometry":{"type":"Point","coordinates":[34.487,31.559]},"properties":{"d":"2025-07-28","w":23,"t":"Explosions/Remote violence","s":"Shelling/artillery/missile attack","c":"Palestine","l":"Beit Lahiya - Atatra","a":"Gaza Strip","f":10}},{"type":"Feature","geometry":{"type":"Point","coordinates":[37.265,48.225]},"properties":{"d":"2025-08-01","w":23,"t":"Battles","s":"Armed clash","c":"Ukraine","l":"Lysivka","a":"Donetsk","f":10}},{"type":"Feature","geometry":{"type":"Point","coordinates":[37.33,48.326]},"properties":{"d":"2025-08-01","w":23,"t":"Battles","s":"Armed clash","c":"Ukraine","l":"Novoekonomichne","a":"Donetsk","f":10}},{"type":"Feature","geometry":{"type":"Point","coordinates":[37.318,48.269]},"properties":{"d":"2025-08-01","w":23,"t":"Battles","s":"Armed clash","c":"Ukraine","l":"Promin","a":"Donetsk","f":10}},{"type":"Feature","geometry":{"type":"Point","coordinates":[37.312,48.366]},"properties":{"d":"2025-08-01","w":23,"t":"Battles","s":"Armed clash","c":"Ukraine","l":"Razine","a":"Donetsk","f":10}},{"type":"Feature","geometry":{"type":"Point","coordinates":[37.255,48.387]},"properties":{"d":"2025-08-01","w":23,"t":"Battles","s":"Armed clash","c":"Ukraine","l":"Zatyshok","a":"Donetsk","f":10}},{"type":"Feature","geometry":{"type":"Point","coordinates":[36.896,48.022]},"properties":{"d":"2025-08-01","w":23,"t":"Battles","s":"Armed clash","c":"Ukraine","l":"Zelenyi Kut","a":"Donetsk","f":10}},{"type":"Feature","geometry":{"type":"Point","coordinates":[37.126,48.25]},"properties":{"d":"2025-08-01","w":23,"t":"Battles","s":"Armed clash","c":"Ukraine","l":"Zvirove","a":"Donetsk","f":10}},{"type":"Feature","geometry":{"type":"Point","coordinates":[37.32,48.426]},"properties":{"d":"2025-08-01","w":23,"t":"Battles","s":"Armed clash","c":"Ukraine","l":"Maiak","a":"Donetsk","f":10}},{"type":"Feature","geometry":{"type":"Point","coordinates":[31.535,46.337]},"properties":{"d":"2025-07-28","w":23,"t":"Battles","s":"Government regains territory","c":"Ukraine","l":"Tendra Spit","a":"Kherson","f":10}},{"type":"Feature","geometry":{"type":"Point","coordinates":[31.516,14.806]},"properties":{"d":"2025-07-29","w":23,"t":"Battles","s":"Government regains territory","c":"Sudan","l":"Rehid Al Nuba","a":"North Kordofan","f":10}},{"type":"Feature","geometry":{"type":"Point","coordinates":[25.356,13.626]},"properties":{"d":"2025-07-30","w":23,"t":"Battles","s":"Armed clash","c":"Sudan","l":"El Fasher","a":"North Darfur","f":10}},{"type":"Feature","geometry":{"type":"Point","coordinates":[31.886,15.175]},"properties":{"d":"2025-07-30","w":23,"t":"Battles","s":"Government regains territory","c":"Sudan","l":"Um Indiraba","a":"North Kordofan","f":10}},{"type":"Feature","geometry":{"type":"Point","coordinates":[31.137,14.394]},"properties":{"d":"2025-07-30","w":23,"t":"Battles","s":"Armed clash","c":"Sudan","l":"Um Sayalah","a":"North Kordofan","f":10}},{"type":"Feature","geometry":{"type":"Point","coordinates":[29.621,13.126]},"properties":{"d":"2025-07-30","w":23,"t":"Battles","s":"Non-state actor overtakes territory","c":"Sudan","l":"Umm Sumeima","a":"North Kordofan","f":10}},{"type":"Feature","geometry":{"type":"Point","coordinates":[25.356,13.626]},"properties":{"d":"2025-07-31","w":23,"t":"Battles","s":"Armed clash","c":"Sudan","l":"El Fasher","a":"North Darfur","f":10}},{"type":"Feature","geometry":{"type":"Point","coordinates":[31.516,14.806]},"properties":{"d":"2025-07-31","w":23,"t":"Battles","s":"Armed clash","c":"Sudan","l":"Rehid Al Nuba","a":"North Kordofan","f":10}},{"type":"Feature","geometry":{"type":"Point","coordinates":[29.78,13.124]},"properties":{"d":"2025-08-03","w":23,"t":"Battles","s":"Non-state actor overtakes territory","c":"Sudan","l":"Abu Gaoud","a":"North Kordofan","f":10}},{"type":"Feature","geometry":{"type":"Point","coordinates":[37.961,11.414]},"properties":{"d":"2025-07-29","w":23,"t":"Battles","s":"Armed clash","c":"Ethiopia","l":"Andabet","a":"Amhara","f":10}},{"type":"Feature","geometry":{"type":"Point","coordinates":[39.791,9.565]},"properties":{"d":"2025-07-30","w":23,"t":"Battles","s":"Armed clash","c":"Ethiopia","l":"Aliyu Amba","a":"Amhara","f":10}},{"type":"Feature","geometry":{"type":"Point","coordinates":[36.957,12.141]},"properties":{"d":"2025-08-01","w":23,"t":"Explosions/Remote violence","s":"Remote explosive/landmine/IED","c":"Ethiopia","l":"Kurabas","a":"Amhara","f":10}},{"type":"Feature","geometry":{"type":"Point","coordinates":[-4.966,14.45]},"properties":{"d":"2025-08-01","w":23,"t":"Battles","s":"Armed clash","c":"Mali","l":"Tenema","a":"Mopti","f":10}},{"type":"Feature","geometry":{"type":"Point","coordinates":[1.257,14.494]},"properties":{"d":"2025-07-31","w":23,"t":"Battles","s":"Armed clash","c":"Niger","l":"Bossou Bangou","a":"Tillaberi","f":10}},{"type":"Feature","geometry":{"type":"Point","coordinates":[1.326,14.715]},"properties":{"d":"2025-07-31","w":23,"t":"Battles","s":"Armed clash","c":"Niger","l":"Dagne","a":"Tillaberi","f":10}},{"type":"Feature","geometry":{"type":"Point","coordinates":[94.468,20.075]},"properties":{"d":"2025-07-29","w":23,"t":"Battles","s":"Armed clash","c":"Myanmar","l":"Ngape","a":"Magway","f":10}},{"type":"Feature","geometry":{"type":"Point","coordinates":[96.064,22.554]},"properties":{"d":"2025-07-29","w":23,"t":"Explosions/Remote violence","s":"Air/drone strike","c":"Myanmar","l":"Let Pan Hla","a":"Mandalay","f":10}},{"type":"Feature","geometry":{"type":"Point","coordinates":[94.862,21.007]},"properties":{"d":"2025-08-01","w":23,"t":"Battles","s":"Armed clash","c":"Myanmar","l":"Kya Oh","a":"Mandalay","f":10}},{"type":"Feature","geometry":{"type":"Point","coordinates":[34.35,31.418]},"properties":{"d":"2025-08-01","w":23,"t":"Explosions/Remote violence","s":"Air/drone strike","c":"Palestine","l":"Deir al Balah","a":"Gaza Strip","f":9}},{"type":"Feature","geometry":{"type":"Point","coordinates":[34.452,31.496]},"properties":{"d":"2025-07-29","w":23,"t":"Explosions/Remote violence","s":"Air/drone strike","c":"Palestine","l":"Gaza - Az Zaytun","a":"Gaza Strip","f":9}},{"type":"Feature","geometry":{"type":"Point","coordinates":[34.269,31.314]},"properties":{"d":"2025-08-03","w":23,"t":"Violence against civilians","s":"Attack","c":"Palestine","l":"GHF center - Morag","a":"Gaza Strip","f":9}},{"type":"Feature","geometry":{"type":"Point","coordinates":[37.204,48.233]},"properties":{"d":"2025-07-28","w":23,"t":"Battles","s":"Armed clash","c":"Ukraine","l":"Chunyshyne","a":"Donetsk","f":9}},{"type":"Feature","geometry":{"type":"Point","coordinates":[36.991,48.24]},"properties":{"d":"2025-07-28","w":23,"t":"Battles","s":"Armed clash","c":"Ukraine","l":"Udachne","a":"Donetsk","f":9}},{"type":"Feature","geometry":{"type":"Point","coordinates":[125.055,12.268]},"properties":{"d":"2025-07-31","w":23,"t":"Battles","s":"Armed clash","c":"Philippines","l":"San Isidro","a":"Eastern Visayas","f":9}},{"type":"Feature","geometry":{"type":"Point","coordinates":[31.137,14.394]},"properties":{"d":"2025-07-30","w":23,"t":"Explosions/Remote violence","s":"Air/drone strike","c":"Sudan","l":"Um Sayalah","a":"North Kordofan","f":9}},{"type":"Feature","geometry":{"type":"Point","coordinates":[-76.975,3.998]},"properties":{"d":"2025-07-28","w":23,"t":"Battles","s":"Armed clash","c":"Colombia","l":"Bajo Calima","a":"Valle del Cauca","f":9}},{"type":"Feature","geometry":{"type":"Point","coordinates":[6.941,12.267]},"properties":{"d":"2025-08-01","w":23,"t":"Battles","s":"Armed clash","c":"Nigeria","l":"Wonaka","a":"Zamfara","f":8}},{"type":"Feature","geometry":{"type":"Point","coordinates":[6.936,12.227]},"properties":{"d":"2025-08-01","w":23,"t":"Battles","s":"Armed clash","c":"Nigeria","l":"Fegin Kanawa","a":"Zamfara","f":8}},{"type":"Feature","geometry":{"type":"Point","coordinates":[-67.559,2.718]},"properties":{"d":"2025-08-03","w":23,"t":"Battles","s":"Armed clash","c":"Venezuela","l":"Maroa","a":"Amazonas","f":8}},{"type":"Feature","geometry":{"type":"Point","coordinates":[34.487,31.559]},"properties":{"d":"2025-07-29","w":23,"t":"Explosions/Remote violence","s":"Shelling/artillery/missile attack","c":"Palestine","l":"Beit Lahiya - Atatra","a":"Gaza Strip","f":8}},{"type":"Feature","geometry":{"type":"Point","coordinates":[34.452,31.496]},"properties":{"d":"2025-08-02","w":23,"t":"Explosions/Remote violence","s":"Air/drone strike","c":"Palestine","l":"Gaza - Az Zaytun","a":"Gaza Strip","f":8}},{"type":"Feature","geometry":{"type":"Point","coordinates":[30.568,50.327]},"properties":{"d":"2025-07-31","w":23,"t":"Explosions/Remote violence","s":"Air/drone strike","c":"Ukraine","l":"Kyiv - Holosiivskyi","a":"Kyiv City","f":8}},{"type":"Feature","geometry":{"type":"Point","coordinates":[30.465,50.465]},"properties":{"d":"2025-07-31","w":23,"t":"Explosions/Remote violence","s":"Air/drone strike","c":"Ukraine","l":"Kyiv - Shevchenkivskyi","a":"Kyiv City","f":8}},{"type":"Feature","geometry":{"type":"Point","coordinates":[30.454,50.427]},"properties":{"d":"2025-07-31","w":23,"t":"Explosions/Remote violence","s":"Air/drone strike","c":"Ukraine","l":"Kyiv - Solomyanskyi","a":"Kyiv City","f":8}},{"type":"Feature","geometry":{"type":"Point","coordinates":[30.338,50.47]},"properties":{"d":"2025-07-31","w":23,"t":"Explosions/Remote violence","s":"Air/drone strike","c":"Ukraine","l":"Kyiv - Sviatoshynskyi","a":"Kyiv City","f":8}},{"type":"Feature","geometry":{"type":"Point","coordinates":[37.644,49.431]},"properties":{"d":"2025-07-29","w":23,"t":"Explosions/Remote violence","s":"Shelling/artillery/missile attack","c":"Ukraine","l":"Novoplatonivka","a":"Kharkiv","f":8}},{"type":"Feature","geometry":{"type":"Point","coordinates":[37.265,48.225]},"properties":{"d":"2025-07-28","w":23,"t":"Battles","s":"Armed clash","c":"Ukraine","l":"Lysivka","a":"Donetsk","f":8}},{"type":"Feature","geometry":{"type":"Point","coordinates":[37.32,48.426]},"properties":{"d":"2025-07-28","w":23,"t":"Battles","s":"Armed clash","c":"Ukraine","l":"Maiak","a":"Donetsk","f":8}},{"type":"Feature","geometry":{"type":"Point","coordinates":[37.33,48.326]},"properties":{"d":"2025-07-28","w":23,"t":"Battles","s":"Armed clash","c":"Ukraine","l":"Novoekonomichne","a":"Donetsk","f":8}},{"type":"Feature","geometry":{"type":"Point","coordinates":[37.458,48.419]},"properties":{"d":"2025-07-28","w":23,"t":"Battles","s":"Armed clash","c":"Ukraine","l":"Popiv Yar","a":"Donetsk","f":8}},{"type":"Feature","geometry":{"type":"Point","coordinates":[37.312,48.366]},"properties":{"d":"2025-07-28","w":23,"t":"Battles","s":"Armed clash","c":"Ukraine","l":"Razine","a":"Donetsk","f":8}},{"type":"Feature","geometry":{"type":"Point","coordinates":[45.681,4.01]},"properties":{"d":"2025-08-01","w":23,"t":"Explosions/Remote violence","s":"Air/drone strike","c":"Somalia","l":"Aborey","a":"Hiraan","f":8}},{"type":"Feature","geometry":{"type":"Point","coordinates":[44.898,2.048]},"properties":{"d":"2025-08-08","w":24,"t":"Battles","s":"Government regains territory","c":"Somalia","l":"Bariirre","a":"Lower Shabelle","f":139}},{"type":"Feature","geometry":{"type":"Point","coordinates":[44.898,2.048]},"properties":{"d":"2025-08-04","w":24,"t":"Battles","s":"Armed clash","c":"Somalia","l":"Bariirre","a":"Lower Shabelle","f":117}},{"type":"Feature","geometry":{"type":"Point","coordinates":[5.742,12.047]},"properties":{"d":"2025-08-10","w":24,"t":"Explosions/Remote violence","s":"Air/drone strike","c":"Nigeria","l":"Nasarawa","a":"Zamfara","f":100}},{"type":"Feature","geometry":{"type":"Point","coordinates":[28.986,-1.758]},"properties":{"d":"2025-08-04","w":24,"t":"Violence against civilians","s":"Attack","c":"Democratic Republic of Congo","l":"Kalungu","a":"Sud-Kivu","f":80}},{"type":"Feature","geometry":{"type":"Point","coordinates":[32.618,46.656]},"properties":{"d":"2025-08-04","w":24,"t":"Battles","s":"Armed clash","c":"Ukraine","l":"Kherson","a":"Kherson","f":55}},{"type":"Feature","geometry":{"type":"Point","coordinates":[32.618,46.656]},"properties":{"d":"2025-08-05","w":24,"t":"Battles","s":"Armed clash","c":"Ukraine","l":"Kherson","a":"Kherson","f":52}},{"type":"Feature","geometry":{"type":"Point","coordinates":[95.651,21.855]},"properties":{"d":"2025-08-09","w":24,"t":"Explosions/Remote violence","s":"Remote explosive/landmine/IED","c":"Myanmar","l":"Than Kone","a":"Mandalay","f":50}},{"type":"Feature","geometry":{"type":"Point","coordinates":[24.953,12.056]},"properties":{"d":"2025-08-06","w":24,"t":"Explosions/Remote violence","s":"Air/drone strike","c":"Sudan","l":"Nyala Airport","a":"South Darfur","f":40}},{"type":"Feature","geometry":{"type":"Point","coordinates":[37.891,12.113]},"properties":{"d":"2025-08-07","w":24,"t":"Battles","s":"Armed clash","c":"Ethiopia","l":"Ambo Meda","a":"Amhara","f":40}},{"type":"Feature","geometry":{"type":"Point","coordinates":[1.512,12.476]},"properties":{"d":"2025-08-09","w":24,"t":"Battles","s":"Armed clash","c":"Burkina Faso","l":"Kantchari","a":"Est","f":40}},{"type":"Feature","geometry":{"type":"Point","coordinates":[34.502,31.554]},"properties":{"d":"2025-08-04","w":24,"t":"Explosions/Remote violence","s":"Air/drone strike","c":"Palestine","l":"Beit Lahiya - Unspecified","a":"Gaza Strip","f":35}},{"type":"Feature","geometry":{"type":"Point","coordinates":[34.35,31.418]},"properties":{"d":"2025-08-04","w":24,"t":"Explosions/Remote violence","s":"Air/drone strike","c":"Palestine","l":"Deir al Balah","a":"Gaza Strip","f":34}},{"type":"Feature","geometry":{"type":"Point","coordinates":[32.618,46.656]},"properties":{"d":"2025-08-07","w":24,"t":"Battles","s":"Armed clash","c":"Ukraine","l":"Kherson","a":"Kherson","f":34}},{"type":"Feature","geometry":{"type":"Point","coordinates":[69.335,31.813]},"properties":{"d":"2025-08-07","w":24,"t":"Battles","s":"Armed clash","c":"Pakistan","l":"Sambaza","a":"Balochistan","f":33}},{"type":"Feature","geometry":{"type":"Point","coordinates":[94.553,20.321]},"properties":{"d":"2025-08-09","w":24,"t":"Battles","s":"Armed clash","c":"Myanmar","l":"Hpa Lan Kyin","a":"Magway","f":30}},{"type":"Feature","geometry":{"type":"Point","coordinates":[32.618,46.656]},"properties":{"d":"2025-08-05","w":24,"t":"Battles","s":"Armed clash","c":"Ukraine","l":"Kherson","a":"Kherson","f":29}},{"type":"Feature","geometry":{"type":"Point","coordinates":[32.618,46.656]},"properties":{"d":"2025-08-06","w":24,"t":"Battles","s":"Armed clash","c":"Ukraine","l":"Kherson","a":"Kherson","f":27}},{"type":"Feature","geometry":{"type":"Point","coordinates":[32.618,46.656]},"properties":{"d":"2025-08-04","w":24,"t":"Battles","s":"Armed clash","c":"Ukraine","l":"Kherson","a":"Kherson","f":27}},{"type":"Feature","geometry":{"type":"Point","coordinates":[28.423,12.694]},"properties":{"d":"2025-08-06","w":24,"t":"Violence against civilians","s":"Attack","c":"Sudan","l":"An Nahud","a":"West Kordofan","f":27}},{"type":"Feature","geometry":{"type":"Point","coordinates":[12.767,-4.65]},"properties":{"d":"2025-08-10","w":24,"t":"Battles","s":"Armed clash","c":"Angola","l":"Belize","a":"Cabinda","f":26}},{"type":"Feature","geometry":{"type":"Point","coordinates":[34.475,31.513]},"properties":{"d":"2025-08-05","w":24,"t":"Explosions/Remote violence","s":"Air/drone strike","c":"Palestine","l":"Gaza - At Tuffah","a":"Gaza Strip","f":26}},{"type":"Feature","geometry":{"type":"Point","coordinates":[34.467,31.535]},"properties":{"d":"2025-08-05","w":24,"t":"Explosions/Remote violence","s":"Air/drone strike","c":"Palestine","l":"Gaza - Sheikh Radwan","a":"Gaza Strip","f":26}},{"type":"Feature","geometry":{"type":"Point","coordinates":[34.487,31.559]},"properties":{"d":"2025-08-05","w":24,"t":"Violence against civilians","s":"Attack","c":"Palestine","l":"Beit Lahiya - Atatra","a":"Gaza Strip","f":25}},{"type":"Feature","geometry":{"type":"Point","coordinates":[32.618,46.656]},"properties":{"d":"2025-08-07","w":24,"t":"Battles","s":"Armed clash","c":"Ukraine","l":"Kherson","a":"Kherson","f":25}},{"type":"Feature","geometry":{"type":"Point","coordinates":[32.719,46.618]},"properties":{"d":"2025-08-10","w":24,"t":"Explosions/Remote violence","s":"Shelling/artillery/missile attack","c":"Ukraine","l":"Oleshky","a":"Kherson","f":25}},{"type":"Feature","geometry":{"type":"Point","coordinates":[23.963,12.021]},"properties":{"d":"2025-08-09","w":24,"t":"Battles","s":"Armed clash","c":"Sudan","l":"Umm Labassa","a":"South Darfur","f":25}},{"type":"Feature","geometry":{"type":"Point","coordinates":[32.618,46.656]},"properties":{"d":"2025-08-06","w":24,"t":"Battles","s":"Armed clash","c":"Ukraine","l":"Kherson","a":"Kherson","f":24}},{"type":"Feature","geometry":{"type":"Point","coordinates":[44.53,1.788]},"properties":{"d":"2025-08-07","w":24,"t":"Battles","s":"Armed clash","c":"Somalia","l":"Qoryooley","a":"Lower Shabelle","f":24}},{"type":"Feature","geometry":{"type":"Point","coordinates":[96.097,21.993]},"properties":{"d":"2025-08-08","w":24,"t":"Explosions/Remote violence","s":"Air/drone strike","c":"Myanmar","l":"Mandalay - Aungmyaythazan","a":"Mandalay","f":21}},{"type":"Feature","geometry":{"type":"Point","coordinates":[32.618,46.656]},"properties":{"d":"2025-08-08","w":24,"t":"Battles","s":"Armed clash","c":"Ukraine","l":"Kherson","a":"Kherson","f":20}},{"type":"Feature","geometry":{"type":"Point","coordinates":[34.392,51.264]},"properties":{"d":"2025-08-10","w":24,"t":"Battles","s":"Government regains territory","c":"Ukraine","l":"Bezsalivka","a":"Sumy","f":18}},{"type":"Feature","geometry":{"type":"Point","coordinates":[29.8,13.662]},"properties":{"d":"2025-08-07","w":24,"t":"Violence against civilians","s":"Attack","c":"Sudan","l":"Um Kuraydim","a":"North Kordofan","f":18}},{"type":"Feature","geometry":{"type":"Point","coordinates":[28.603,-1.362]},"properties":{"d":"2025-08-08","w":24,"t":"Battles","s":"Armed clash","c":"Democratic Republic of Congo","l":"Buhimba","a":"Nord-Kivu","f":18}},{"type":"Feature","geometry":{"type":"Point","coordinates":[34.308,31.35]},"properties":{"d":"2025-08-06","w":24,"t":"Explosions/Remote violence","s":"Shelling/artillery/missile attack","c":"Palestine","l":"Khan Yunis - Unspecified","a":"Gaza Strip","f":17}},{"type":"Feature","geometry":{"type":"Point","coordinates":[34.309,31.364]},"properties":{"d":"2025-08-06","w":24,"t":"Explosions/Remote violence","s":"Shelling/artillery/missile attack","c":"Palestine","l":"Khan Yunis - Al Kateebeh","a":"Gaza Strip","f":17}},{"type":"Feature","geometry":{"type":"Point","coordinates":[34.292,31.337]},"properties":{"d":"2025-08-06","w":24,"t":"Explosions/Remote violence","s":"Air/drone strike","c":"Palestine","l":"Khan Yunis - As-Sameen","a":"Gaza Strip","f":17}},{"type":"Feature","geometry":{"type":"Point","coordinates":[32.618,46.656]},"properties":{"d":"2025-08-08","w":24,"t":"Battles","s":"Armed clash","c":"Ukraine","l":"Kherson","a":"Kherson","f":17}},{"type":"Feature","geometry":{"type":"Point","coordinates":[0.431,13.768]},"properties":{"d":"2025-08-05","w":24,"t":"Battles","s":"Armed clash","c":"Burkina Faso","l":"Titabe","a":"Sahel","f":16}},{"type":"Feature","geometry":{"type":"Point","coordinates":[98.108,14.633]},"properties":{"d":"2025-08-05","w":24,"t":"Battles","s":"Armed clash","c":"Myanmar","l":"Yebyu","a":"Tanintharyi","f":15}},{"type":"Feature","geometry":{"type":"Point","coordinates":[95.98,21.879]},"properties":{"d":"2025-08-04","w":24,"t":"Battles","s":"Armed clash","c":"Myanmar","l":"Sagaing","a":"Sagaing","f":15}},{"type":"Feature","geometry":{"type":"Point","coordinates":[36.991,48.24]},"properties":{"d":"2025-08-04","w":24,"t":"Battles","s":"Armed clash","c":"Ukraine","l":"Udachne","a":"Donetsk","f":14}},{"type":"Feature","geometry":{"type":"Point","coordinates":[69.335,31.813]},"properties":{"d":"2025-08-08","w":24,"t":"Battles","s":"Armed clash","c":"Pakistan","l":"Sambaza","a":"Balochistan","f":14}},{"type":"Feature","geometry":{"type":"Point","coordinates":[5.475,11.818]},"properties":{"d":"2025-08-07","w":24,"t":"Battles","s":"Armed clash","c":"Nigeria","l":"Adabka","a":"Zamfara","f":13}},{"type":"Feature","geometry":{"type":"Point","coordinates":[37.236,48.34]},"properties":{"d":"2025-08-04","w":24,"t":"Battles","s":"Armed clash","c":"Ukraine","l":"Krasnyi Lyman","a":"Donetsk","f":13}},{"type":"Feature","geometry":{"type":"Point","coordinates":[37.33,48.326]},"properties":{"d":"2025-08-04","w":24,"t":"Battles","s":"Armed clash","c":"Ukraine","l":"Novoekonomichne","a":"Donetsk","f":13}},{"type":"Feature","geometry":{"type":"Point","coordinates":[37.465,48.437]},"properties":{"d":"2025-08-04","w":24,"t":"Battles","s":"Armed clash","c":"Ukraine","l":"Poltavka","a":"Donetsk","f":13}},{"type":"Feature","geometry":{"type":"Point","coordinates":[37.222,48.376]},"properties":{"d":"2025-08-04","w":24,"t":"Battles","s":"Armed clash","c":"Ukraine","l":"Sukhetske","a":"Donetsk","f":13}},{"type":"Feature","geometry":{"type":"Point","coordinates":[37.05,48.255]},"properties":{"d":"2025-08-04","w":24,"t":"Battles","s":"Armed clash","c":"Ukraine","l":"Kotlyne","a":"Donetsk","f":12}},{"type":"Feature","geometry":{"type":"Point","coordinates":[37.265,48.225]},"properties":{"d":"2025-08-04","w":24,"t":"Battles","s":"Armed clash","c":"Ukraine","l":"Lysivka","a":"Donetsk","f":12}},{"type":"Feature","geometry":{"type":"Point","coordinates":[37.197,48.228]},"properties":{"d":"2025-08-04","w":24,"t":"Battles","s":"Armed clash","c":"Ukraine","l":"Novoukrainka","a":"Donetsk","f":12}},{"type":"Feature","geometry":{"type":"Point","coordinates":[36.896,48.022]},"properties":{"d":"2025-08-04","w":24,"t":"Battles","s":"Armed clash","c":"Ukraine","l":"Zelenyi Kut","a":"Donetsk","f":12}},{"type":"Feature","geometry":{"type":"Point","coordinates":[37.126,48.25]},"properties":{"d":"2025-08-04","w":24,"t":"Battles","s":"Armed clash","c":"Ukraine","l":"Zvirove","a":"Donetsk","f":12}},{"type":"Feature","geometry":{"type":"Point","coordinates":[38.838,44.897]},"properties":{"d":"2025-08-08","w":24,"t":"Explosions/Remote violence","s":"Remote explosive/landmine/IED","c":"Russia","l":"Afipsky","a":"Krasnodar","f":12}},{"type":"Feature","geometry":{"type":"Point","coordinates":[28.423,12.694]},"properties":{"d":"2025-08-09","w":24,"t":"Violence against civilians","s":"Attack","c":"Sudan","l":"An Nahud","a":"West Kordofan","f":12}},{"type":"Feature","geometry":{"type":"Point","coordinates":[24.965,12.137]},"properties":{"d":"2025-08-08","w":24,"t":"Explosions/Remote violence","s":"Air/drone strike","c":"Sudan","l":"UNAMID Supercamp Nyala","a":"South Darfur","f":11}},{"type":"Feature","geometry":{"type":"Point","coordinates":[44.898,2.048]},"properties":{"d":"2025-08-07","w":24,"t":"Battles","s":"Armed clash","c":"Somalia","l":"Bariirre","a":"Lower Shabelle","f":11}},{"type":"Feature","geometry":{"type":"Point","coordinates":[97.283,19.458]},"properties":{"d":"2025-08-08","w":24,"t":"Battles","s":"Armed clash","c":"Myanmar","l":"Demoso","a":"Kayah","f":11}},{"type":"Feature","geometry":{"type":"Point","coordinates":[97.28,20.101]},"properties":{"d":"2025-08-05","w":24,"t":"Battles","s":"Armed clash","c":"Myanmar","l":"Nawng Kyaw","a":"Shan-South","f":11}},{"type":"Feature","geometry":{"type":"Point","coordinates":[97.28,20.101]},"properties":{"d":"2025-08-06","w":24,"t":"Battles","s":"Armed clash","c":"Myanmar","l":"Nawng Kyaw","a":"Shan-South","f":11}},{"type":"Feature","geometry":{"type":"Point","coordinates":[97.28,20.101]},"properties":{"d":"2025-08-07","w":24,"t":"Battles","s":"Armed clash","c":"Myanmar","l":"Nawng Kyaw","a":"Shan-South","f":11}},{"type":"Feature","geometry":{"type":"Point","coordinates":[97.28,20.101]},"properties":{"d":"2025-08-08","w":24,"t":"Battles","s":"Armed clash","c":"Myanmar","l":"Nawng Kyaw","a":"Shan-South","f":11}},{"type":"Feature","geometry":{"type":"Point","coordinates":[97.28,20.101]},"properties":{"d":"2025-08-09","w":24,"t":"Battles","s":"Armed clash","c":"Myanmar","l":"Nawng Kyaw","a":"Shan-South","f":11}},{"type":"Feature","geometry":{"type":"Point","coordinates":[97.28,20.101]},"properties":{"d":"2025-08-10","w":24,"t":"Battles","s":"Armed clash","c":"Myanmar","l":"Nawng Kyaw","a":"Shan-South","f":11}},{"type":"Feature","geometry":{"type":"Point","coordinates":[96.076,22.855]},"properties":{"d":"2025-08-08","w":24,"t":"Explosions/Remote violence","s":"Air/drone strike","c":"Myanmar","l":"Lan Lel Kyit","a":"Mandalay","f":11}},{"type":"Feature","geometry":{"type":"Point","coordinates":[96.432,18.441]},"properties":{"d":"2025-08-07","w":24,"t":"Violence against civilians","s":"Attack","c":"Myanmar","l":"Kyee Ma Noe","a":"Bago-East","f":11}},{"type":"Feature","geometry":{"type":"Point","coordinates":[44.53,13.58]},"properties":{"d":"2025-08-05","w":24,"t":"Battles","s":"Armed clash","c":"Yemen","l":"Wadi Ahamah","a":"Lahij","f":10}},{"type":"Feature","geometry":{"type":"Point","coordinates":[34.392,31.449]},"properties":{"d":"2025-08-07","w":24,"t":"Explosions/Remote violence","s":"Air/drone strike","c":"Palestine","l":"An Nusayrat - Unspecified","a":"Gaza Strip","f":10}},{"type":"Feature","geometry":{"type":"Point","coordinates":[34.464,31.517]},"properties":{"d":"2025-08-05","w":24,"t":"Explosions/Remote violence","s":"Air/drone strike","c":"Palestine","l":"Gaza - Ad Darraj","a":"Gaza Strip","f":10}},{"type":"Feature","geometry":{"type":"Point","coordinates":[34.47,31.499]},"properties":{"d":"2025-08-04","w":24,"t":"Explosions/Remote violence","s":"Air/drone strike","c":"Palestine","l":"Gaza - Shujaiyya","a":"Gaza Strip","f":10}},{"type":"Feature","geometry":{"type":"Point","coordinates":[34.435,31.517]},"properties":{"d":"2025-08-07","w":24,"t":"Explosions/Remote violence","s":"Air/drone strike","c":"Palestine","l":"Gaza - Southern Remal","a":"Gaza Strip","f":10}},{"type":"Feature","geometry":{"type":"Point","coordinates":[34.47,31.499]},"properties":{"d":"2025-08-10","w":24,"t":"Explosions/Remote violence","s":"Air/drone strike","c":"Palestine","l":"Gaza - Shujaiyya","a":"Gaza Strip","f":10}},{"type":"Feature","geometry":{"type":"Point","coordinates":[36.269,50.283]},"properties":{"d":"2025-08-04","w":24,"t":"Battles","s":"Armed clash","c":"Ukraine","l":"Hoptivka","a":"Kharkiv","f":10}},{"type":"Feature","geometry":{"type":"Point","coordinates":[29.8,13.662]},"properties":{"d":"2025-08-07","w":24,"t":"Explosions/Remote violence","s":"Air/drone strike","c":"Sudan","l":"Um Kuraydim","a":"North Kordofan","f":10}},{"type":"Feature","geometry":{"type":"Point","coordinates":[26.159,15.093]},"properties":{"d":"2025-08-08","w":24,"t":"Explosions/Remote violence","s":"Air/drone strike","c":"Sudan","l":"Malha","a":"North Darfur","f":10}},{"type":"Feature","geometry":{"type":"Point","coordinates":[37.42,11.008]},"properties":{"d":"2025-08-07","w":24,"t":"Battles","s":"Non-state actor overtakes territory","c":"Ethiopia","l":"Gebeze Mariam","a":"Amhara","f":10}},{"type":"Feature","geometry":{"type":"Point","coordinates":[38.23,11.404]},"properties":{"d":"2025-08-08","w":24,"t":"Battles","s":"Armed clash","c":"Ethiopia","l":"Semada","a":"Amhara","f":10}},{"type":"Feature","geometry":{"type":"Point","coordinates":[37.557,12.381]},"properties":{"d":"2025-08-10","w":24,"t":"Battles","s":"Armed clash","c":"Ethiopia","l":"Maksegnit town","a":"Amhara","f":10}},{"type":"Feature","geometry":{"type":"Point","coordinates":[38.811,10.471]},"properties":{"d":"2025-08-10","w":24,"t":"Battles","s":"Armed clash","c":"Ethiopia","l":"Kelela","a":"Amhara","f":10}},{"type":"Feature","geometry":{"type":"Point","coordinates":[38.081,12.408]},"properties":{"d":"2025-08-10","w":24,"t":"Battles","s":"Armed clash","c":"Ethiopia","l":"Gohala","a":"Amhara","f":10}},{"type":"Feature","geometry":{"type":"Point","coordinates":[-0.171,13.722]},"properties":{"d":"2025-08-09","w":24,"t":"Battles","s":"Armed clash","c":"Burkina Faso","l":"Bani","a":"Sahel","f":10}},{"type":"Feature","geometry":{"type":"Point","coordinates":[98.273,16.564]},"properties":{"d":"2025-08-09","w":24,"t":"Battles","s":"Armed clash","c":"Myanmar","l":"Ta Tan Ku","a":"Kayin","f":10}},{"type":"Feature","geometry":{"type":"Point","coordinates":[97.283,19.458]},"properties":{"d":"2025-08-09","w":24,"t":"Battles","s":"Armed clash","c":"Myanmar","l":"Demoso","a":"Kayah","f":10}},{"type":"Feature","geometry":{"type":"Point","coordinates":[97.251,20.158]},"properties":{"d":"2025-08-06","w":24,"t":"Battles","s":"Armed clash","c":"Myanmar","l":"Hsihseng","a":"Shan-South","f":10}},{"type":"Feature","geometry":{"type":"Point","coordinates":[97.251,20.158]},"properties":{"d":"2025-08-07","w":24,"t":"Battles","s":"Armed clash","c":"Myanmar","l":"Hsihseng","a":"Shan-South","f":10}},{"type":"Feature","geometry":{"type":"Point","coordinates":[34.467,31.535]},"properties":{"d":"2025-08-07","w":24,"t":"Explosions/Remote violence","s":"Air/drone strike","c":"Palestine","l":"Gaza - Sheikh Radwan","a":"Gaza Strip","f":9}},{"type":"Feature","geometry":{"type":"Point","coordinates":[34.325,31.342]},"properties":{"d":"2025-08-08","w":24,"t":"Explosions/Remote violence","s":"Air/drone strike","c":"Palestine","l":"Bani Suheila","a":"Gaza Strip","f":9}},{"type":"Feature","geometry":{"type":"Point","coordinates":[34.487,31.559]},"properties":{"d":"2025-08-10","w":24,"t":"Violence against civilians","s":"Attack","c":"Palestine","l":"Beit Lahiya - Atatra","a":"Gaza Strip","f":9}},{"type":"Feature","geometry":{"type":"Point","coordinates":[34.487,31.559]},"properties":{"d":"2025-08-04","w":24,"t":"Violence against civilians","s":"Attack","c":"Palestine","l":"Beit Lahiya - Atatra","a":"Gaza Strip","f":9}},{"type":"Feature","geometry":{"type":"Point","coordinates":[34.415,31.456]},"properties":{"d":"2025-08-05","w":24,"t":"Violence against civilians","s":"Attack","c":"Palestine","l":"Wadi Gaza - Salah al-Din Road","a":"Gaza Strip","f":9}},{"type":"Feature","geometry":{"type":"Point","coordinates":[37.274,48.508]},"properties":{"d":"2025-08-10","w":24,"t":"Battles","s":"Armed clash","c":"Ukraine","l":"Kucheriv Yar","a":"Donetsk","f":9}},{"type":"Feature","geometry":{"type":"Point","coordinates":[37.38,48.299]},"properties":{"d":"2025-08-10","w":24,"t":"Battles","s":"Armed clash","c":"Ukraine","l":"Myroliubivka","a":"Donetsk","f":9}},{"type":"Feature","geometry":{"type":"Point","coordinates":[37.465,48.437]},"properties":{"d":"2025-08-10","w":24,"t":"Battles","s":"Armed clash","c":"Ukraine","l":"Poltavka","a":"Donetsk","f":9}},{"type":"Feature","geometry":{"type":"Point","coordinates":[37.353,48.442]},"properties":{"d":"2025-08-10","w":24,"t":"Battles","s":"Armed clash","c":"Ukraine","l":"Volodymyrivka","a":"Donetsk","f":9}},{"type":"Feature","geometry":{"type":"Point","coordinates":[35.004,14.014]},"properties":{"d":"2025-08-07","w":24,"t":"Riots","s":"Violent demonstration","c":"Sudan","l":"Al Gadambaliyah","a":"Gedaref","f":9}},{"type":"Feature","geometry":{"type":"Point","coordinates":[45.071,2.086]},"properties":{"d":"2025-08-04","w":24,"t":"Explosions/Remote violence","s":"Remote explosive/landmine/IED","c":"Somalia","l":"Cabdow Dibile","a":"Lower Shabelle","f":9}},{"type":"Feature","geometry":{"type":"Point","coordinates":[29.553,-0.982]},"properties":{"d":"2025-08-09","w":24,"t":"Violence against civilians","s":"Attack","c":"Democratic Republic of Congo","l":"Makoka","a":"Nord-Kivu","f":9}},{"type":"Feature","geometry":{"type":"Point","coordinates":[13.966,11.326]},"properties":{"d":"2025-08-05","w":24,"t":"Battles","s":"Armed clash","c":"Nigeria","l":"Dar el Jamal","a":"Borno","f":8}},{"type":"Feature","geometry":{"type":"Point","coordinates":[34.447,31.535]},"properties":{"d":"2025-08-05","w":24,"t":"Explosions/Remote violence","s":"Air/drone strike","c":"Palestine","l":"Gaza - Ash Shati' Camp","a":"Gaza Strip","f":8}},{"type":"Feature","geometry":{"type":"Point","coordinates":[34.415,31.456]},"properties":{"d":"2025-08-04","w":24,"t":"Violence against civilians","s":"Attack","c":"Palestine","l":"Wadi Gaza - Salah al-Din Road","a":"Gaza Strip","f":8}},{"type":"Feature","geometry":{"type":"Point","coordinates":[34.452,31.496]},"properties":{"d":"2025-08-09","w":24,"t":"Explosions/Remote violence","s":"Air/drone strike","c":"Palestine","l":"Gaza - Az Zaytun","a":"Gaza Strip","f":8}},{"type":"Feature","geometry":{"type":"Point","coordinates":[34.3,31.331]},"properties":{"d":"2025-08-09","w":24,"t":"Explosions/Remote violence","s":"Air/drone strike","c":"Palestine","l":"Khan Yunis - Jourat Al-Loot","a":"Gaza Strip","f":8}},{"type":"Feature","geometry":{"type":"Point","coordinates":[34.475,31.513]},"properties":{"d":"2025-08-09","w":24,"t":"Explosions/Remote violence","s":"Air/drone strike","c":"Palestine","l":"Gaza - At Tuffah","a":"Gaza Strip","f":8}},{"type":"Feature","geometry":{"type":"Point","coordinates":[34.45,31.524]},"properties":{"d":"2025-08-10","w":24,"t":"Explosions/Remote violence","s":"Air/drone strike","c":"Palestine","l":"Gaza - Northern Remal","a":"Gaza Strip","f":8}},{"type":"Feature","geometry":{"type":"Point","coordinates":[37.204,48.233]},"properties":{"d":"2025-08-10","w":24,"t":"Battles","s":"Armed clash","c":"Ukraine","l":"Chunyshyne","a":"Donetsk","f":8}},{"type":"Feature","geometry":{"type":"Point","coordinates":[37.289,48.382]},"properties":{"d":"2025-08-10","w":24,"t":"Battles","s":"Armed clash","c":"Ukraine","l":"Fedorivka","a":"Donetsk","f":8}},{"type":"Feature","geometry":{"type":"Point","coordinates":[36.916,48.099]},"properties":{"d":"2025-08-10","w":24,"t":"Battles","s":"Armed clash","c":"Ukraine","l":"Horikhove","a":"Donetsk","f":8}},{"type":"Feature","geometry":{"type":"Point","coordinates":[37.05,48.255]},"properties":{"d":"2025-08-10","w":24,"t":"Battles","s":"Armed clash","c":"Ukraine","l":"Kotlyne","a":"Donetsk","f":8}},{"type":"Feature","geometry":{"type":"Point","coordinates":[37.236,48.34]},"properties":{"d":"2025-08-10","w":24,"t":"Battles","s":"Armed clash","c":"Ukraine","l":"Krasnyi Lyman","a":"Donetsk","f":8}},{"type":"Feature","geometry":{"type":"Point","coordinates":[37.222,48.376]},"properties":{"d":"2025-08-10","w":24,"t":"Battles","s":"Armed clash","c":"Ukraine","l":"Sukhetske","a":"Donetsk","f":8}},{"type":"Feature","geometry":{"type":"Point","coordinates":[37.254,48.419]},"properties":{"d":"2025-08-10","w":24,"t":"Battles","s":"Armed clash","c":"Ukraine","l":"Zapovidne","a":"Donetsk","f":8}},{"type":"Feature","geometry":{"type":"Point","coordinates":[37.255,48.387]},"properties":{"d":"2025-08-10","w":24,"t":"Battles","s":"Non-state actor overtakes territory","c":"Ukraine","l":"Zatyshok","a":"Donetsk","f":8}},{"type":"Feature","geometry":{"type":"Point","coordinates":[37.181,48.281]},"properties":{"d":"2025-08-13","w":25,"t":"Battles","s":"Armed clash","c":"Ukraine","l":"Pokrovsk","a":"Donetsk","f":151}},{"type":"Feature","geometry":{"type":"Point","coordinates":[34.452,31.496]},"properties":{"d":"2025-08-12","w":25,"t":"Explosions/Remote violence","s":"Air/drone strike","c":"Palestine","l":"Gaza - Az Zaytun","a":"Gaza Strip","f":51}},{"type":"Feature","geometry":{"type":"Point","coordinates":[32.618,46.656]},"properties":{"d":"2025-08-12","w":25,"t":"Battles","s":"Armed clash","c":"Ukraine","l":"Kherson","a":"Kherson","f":50}},{"type":"Feature","geometry":{"type":"Point","coordinates":[28.461,0.329]},"properties":{"d":"2025-08-13","w":25,"t":"Violence against civilians","s":"Attack","c":"Democratic Republic of Congo","l":"Bandulu","a":"Nord-Kivu","f":46}},{"type":"Feature","geometry":{"type":"Point","coordinates":[32.618,46.656]},"properties":{"d":"2025-08-11","w":25,"t":"Battles","s":"Armed clash","c":"Ukraine","l":"Kherson","a":"Kherson","f":42}},{"type":"Feature","geometry":{"type":"Point","coordinates":[25.369,13.674]},"properties":{"d":"2025-08-11","w":25,"t":"Battles","s":"Armed clash","c":"Sudan","l":"Abu Shouk IDP Camp","a":"North Darfur","f":40}},{"type":"Feature","geometry":{"type":"Point","coordinates":[32.618,46.656]},"properties":{"d":"2025-08-14","w":25,"t":"Battles","s":"Armed clash","c":"Ukraine","l":"Kherson","a":"Kherson","f":35}},{"type":"Feature","geometry":{"type":"Point","coordinates":[25.356,13.626]},"properties":{"d":"2025-08-11","w":25,"t":"Battles","s":"Armed clash","c":"Sudan","l":"El Fasher","a":"North Darfur","f":33}},{"type":"Feature","geometry":{"type":"Point","coordinates":[34.269,31.314]},"properties":{"d":"2025-08-17","w":25,"t":"Violence against civilians","s":"Attack","c":"Palestine","l":"GHF center - Morag","a":"Gaza Strip","f":31}},{"type":"Feature","geometry":{"type":"Point","coordinates":[32.618,46.656]},"properties":{"d":"2025-08-15","w":25,"t":"Battles","s":"Armed clash","c":"Ukraine","l":"Kherson","a":"Kherson","f":30}},{"type":"Feature","geometry":{"type":"Point","coordinates":[29.319,13.9]},"properties":{"d":"2025-08-11","w":25,"t":"Explosions/Remote violence","s":"Air/drone strike","c":"Sudan","l":"Mazrub","a":"North Kordofan","f":30}},{"type":"Feature","geometry":{"type":"Point","coordinates":[25.369,13.674]},"properties":{"d":"2025-08-16","w":25,"t":"Explosions/Remote violence","s":"Shelling/artillery/missile attack","c":"Sudan","l":"Abu Shouk IDP Camp","a":"North Darfur","f":30}},{"type":"Feature","geometry":{"type":"Point","coordinates":[25.356,13.626]},"properties":{"d":"2025-08-13","w":25,"t":"Battles","s":"Armed clash","c":"Sudan","l":"El Fasher","a":"North Darfur","f":28}},{"type":"Feature","geometry":{"type":"Point","coordinates":[32.618,46.656]},"properties":{"d":"2025-08-13","w":25,"t":"Battles","s":"Armed clash","c":"Ukraine","l":"Kherson","a":"Kherson","f":27}},{"type":"Feature","geometry":{"type":"Point","coordinates":[37.196,48.511]},"properties":{"d":"2025-08-13","w":25,"t":"Battles","s":"Armed clash","c":"Ukraine","l":"Rubizhne","a":"Donetsk","f":25}},{"type":"Feature","geometry":{"type":"Point","coordinates":[97.157,18.823]},"properties":{"d":"2025-08-17","w":25,"t":"Explosions/Remote violence","s":"Air/drone strike","c":"Myanmar","l":"Maw Chee (Taung Paw Ywar)","a":"Kayah","f":25}},{"type":"Feature","geometry":{"type":"Point","coordinates":[37.235,48.529]},"properties":{"d":"2025-08-14","w":25,"t":"Battles","s":"Armed clash","c":"Ukraine","l":"Zolotyi Kolodiaz","a":"Donetsk","f":24}},{"type":"Feature","geometry":{"type":"Point","coordinates":[37.288,48.546]},"properties":{"d":"2025-08-14","w":25,"t":"Battles","s":"Armed clash","c":"Ukraine","l":"Hruzke","a":"Donetsk","f":23}},{"type":"Feature","geometry":{"type":"Point","coordinates":[37.146,48.545]},"properties":{"d":"2025-08-14","w":25,"t":"Battles","s":"Armed clash","c":"Ukraine","l":"Novovodiane","a":"Donetsk","f":23}},{"type":"Feature","geometry":{"type":"Point","coordinates":[37.288,48.546]},"properties":{"d":"2025-08-15","w":25,"t":"Battles","s":"Government regains territory","c":"Ukraine","l":"Hruzke","a":"Donetsk","f":22}},{"type":"Feature","geometry":{"type":"Point","coordinates":[37.146,48.545]},"properties":{"d":"2025-08-15","w":25,"t":"Battles","s":"Government regains territory","c":"Ukraine","l":"Novovodiane","a":"Donetsk","f":22}},{"type":"Feature","geometry":{"type":"Point","coordinates":[37.197,48.567]},"properties":{"d":"2025-08-15","w":25,"t":"Battles","s":"Government regains territory","c":"Ukraine","l":"Petrivka","a":"Donetsk","f":22}},{"type":"Feature","geometry":{"type":"Point","coordinates":[37.196,48.511]},"properties":{"d":"2025-08-15","w":25,"t":"Battles","s":"Government regains territory","c":"Ukraine","l":"Rubizhne","a":"Donetsk","f":22}},{"type":"Feature","geometry":{"type":"Point","coordinates":[37.272,48.542]},"properties":{"d":"2025-08-15","w":25,"t":"Battles","s":"Government regains territory","c":"Ukraine","l":"Vesele","a":"Donetsk","f":22}},{"type":"Feature","geometry":{"type":"Point","coordinates":[37.235,48.529]},"properties":{"d":"2025-08-15","w":25,"t":"Battles","s":"Government regains territory","c":"Ukraine","l":"Zolotyi Kolodiaz","a":"Donetsk","f":22}},{"type":"Feature","geometry":{"type":"Point","coordinates":[37.196,48.511]},"properties":{"d":"2025-08-14","w":25,"t":"Battles","s":"Armed clash","c":"Ukraine","l":"Rubizhne","a":"Donetsk","f":22}},{"type":"Feature","geometry":{"type":"Point","coordinates":[36.762,47.933]},"properties":{"d":"2025-08-14","w":25,"t":"Battles","s":"Armed clash","c":"Ukraine","l":"Vesele","a":"Donetsk","f":22}},{"type":"Feature","geometry":{"type":"Point","coordinates":[32.618,46.656]},"properties":{"d":"2025-08-12","w":25,"t":"Battles","s":"Armed clash","c":"Ukraine","l":"Kherson","a":"Kherson","f":22}},{"type":"Feature","geometry":{"type":"Point","coordinates":[37.615,49.711]},"properties":{"d":"2025-08-16","w":25,"t":"Explosions/Remote violence","s":"Shelling/artillery/missile attack","c":"Ukraine","l":"Kupiansk","a":"Kharkiv","f":22}},{"type":"Feature","geometry":{"type":"Point","coordinates":[1.024,14.135]},"properties":{"d":"2025-08-14","w":25,"t":"Violence against civilians","s":"Attack","c":"Niger","l":"Wadeye","a":"Tillaberi","f":21}},{"type":"Feature","geometry":{"type":"Point","coordinates":[96.51,22.918]},"properties":{"d":"2025-08-14","w":25,"t":"Explosions/Remote violence","s":"Air/drone strike","c":"Myanmar","l":"Mogoke","a":"Mandalay","f":21}},{"type":"Feature","geometry":{"type":"Point","coordinates":[12.505,12.886]},"properties":{"d":"2025-08-11","w":25,"t":"Battles","s":"Armed clash","c":"Nigeria","l":"Kareto","a":"Borno","f":20}},{"type":"Feature","geometry":{"type":"Point","coordinates":[13.352,-13.942]},"properties":{"d":"2025-08-16","w":25,"t":"Riots","s":"Mob violence","c":"Angola","l":"Mulovei","a":"Namibe","f":20}},{"type":"Feature","geometry":{"type":"Point","coordinates":[34.452,31.496]},"properties":{"d":"2025-08-11","w":25,"t":"Explosions/Remote violence","s":"Air/drone strike","c":"Palestine","l":"Gaza - Az Zaytun","a":"Gaza Strip","f":20}},{"type":"Feature","geometry":{"type":"Point","coordinates":[34.435,31.504]},"properties":{"d":"2025-08-11","w":25,"t":"Explosions/Remote violence","s":"Air/drone strike","c":"Palestine","l":"Gaza - Tal el Hawa","a":"Gaza Strip","f":20}},{"type":"Feature","geometry":{"type":"Point","coordinates":[34.449,31.509]},"properties":{"d":"2025-08-11","w":25,"t":"Explosions/Remote violence","s":"Air/drone strike","c":"Palestine","l":"Gaza - Sabra","a":"Gaza Strip","f":20}},{"type":"Feature","geometry":{"type":"Point","coordinates":[45.966,3.568]},"properties":{"d":"2025-08-12","w":25,"t":"Explosions/Remote violence","s":"Air/drone strike","c":"Somalia","l":"Tarda","a":"Hiraan","f":20}},{"type":"Feature","geometry":{"type":"Point","coordinates":[-2.368,13.67]},"properties":{"d":"2025-08-11","w":25,"t":"Battles","s":"Armed clash","c":"Burkina Faso","l":"Youba","a":"Nord","f":20}},{"type":"Feature","geometry":{"type":"Point","coordinates":[94.406,19.838]},"properties":{"d":"2025-08-14","w":25,"t":"Battles","s":"Armed clash","c":"Myanmar","l":"Sun Tet","a":"Magway","f":20}},{"type":"Feature","geometry":{"type":"Point","coordinates":[95.013,20.985]},"properties":{"d":"2025-08-14","w":25,"t":"Battles","s":"Armed clash","c":"Myanmar","l":"Su Ti","a":"Mandalay","f":20}},{"type":"Feature","geometry":{"type":"Point","coordinates":[32.618,46.656]},"properties":{"d":"2025-08-11","w":25,"t":"Battles","s":"Armed clash","c":"Ukraine","l":"Kherson","a":"Kherson","f":19}},{"type":"Feature","geometry":{"type":"Point","coordinates":[94.984,21.003]},"properties":{"d":"2025-08-11","w":25,"t":"Explosions/Remote violence","s":"Remote explosive/landmine/IED","c":"Myanmar","l":"Chaung Wa","a":"Mandalay","f":18}},{"type":"Feature","geometry":{"type":"Point","coordinates":[98.108,14.633]},"properties":{"d":"2025-08-15","w":25,"t":"Battles","s":"Armed clash","c":"Myanmar","l":"Yebyu","a":"Tanintharyi","f":17}},{"type":"Feature","geometry":{"type":"Point","coordinates":[95.959,22.135]},"properties":{"d":"2025-08-11","w":25,"t":"Explosions/Remote violence","s":"Air/drone strike","c":"Myanmar","l":"Taung Yin (North)","a":"Sagaing","f":16}},{"type":"Feature","geometry":{"type":"Point","coordinates":[97.234,24.253]},"properties":{"d":"2025-08-13","w":25,"t":"Battles","s":"Armed clash","c":"Myanmar","l":"Bhamo","a":"Kachin","f":16}},{"type":"Feature","geometry":{"type":"Point","coordinates":[30.506,1.966]},"properties":{"d":"2025-08-16","w":25,"t":"Battles","s":"Armed clash","c":"Democratic Republic of Congo","l":"Djugu","a":"Ituri","f":15}},{"type":"Feature","geometry":{"type":"Point","coordinates":[97.234,24.253]},"properties":{"d":"2025-08-14","w":25,"t":"Battles","s":"Armed clash","c":"Myanmar","l":"Bhamo","a":"Kachin","f":15}},{"type":"Feature","geometry":{"type":"Point","coordinates":[97.234,24.253]},"properties":{"d":"2025-08-15","w":25,"t":"Battles","s":"Armed clash","c":"Myanmar","l":"Bhamo","a":"Kachin","f":15}},{"type":"Feature","geometry":{"type":"Point","coordinates":[97.234,24.253]},"properties":{"d":"2025-08-16","w":25,"t":"Battles","s":"Armed clash","c":"Myanmar","l":"Bhamo","a":"Kachin","f":15}},{"type":"Feature","geometry":{"type":"Point","coordinates":[34.269,31.314]},"properties":{"d":"2025-08-13","w":25,"t":"Violence against civilians","s":"Attack","c":"Palestine","l":"GHF center - Morag","a":"Gaza Strip","f":14}},{"type":"Feature","geometry":{"type":"Point","coordinates":[37.483,10.55]},"properties":{"d":"2025-08-14","w":25,"t":"Battles","s":"Armed clash","c":"Ethiopia","l":"Dembecha","a":"Amhara","f":14}},{"type":"Feature","geometry":{"type":"Point","coordinates":[38.563,9.297]},"properties":{"d":"2025-08-15","w":25,"t":"Battles","s":"Armed clash","c":"Ethiopia","l":"Mulo town","a":"Oromia","f":14}},{"type":"Feature","geometry":{"type":"Point","coordinates":[98.108,14.633]},"properties":{"d":"2025-08-13","w":25,"t":"Battles","s":"Armed clash","c":"Myanmar","l":"Yebyu","a":"Tanintharyi","f":14}},{"type":"Feature","geometry":{"type":"Point","coordinates":[25.55,14.139]},"properties":{"d":"2025-08-17","w":25,"t":"Explosions/Remote violence","s":"Air/drone strike","c":"Sudan","l":"Mellit","a":"North Darfur","f":13}},{"type":"Feature","geometry":{"type":"Point","coordinates":[30.34,1.737]},"properties":{"d":"2025-08-13","w":25,"t":"Battles","s":"Armed clash","c":"Democratic Republic of Congo","l":"Lopa","a":"Ituri","f":13}},{"type":"Feature","geometry":{"type":"Point","coordinates":[-99.149,16.99]},"properties":{"d":"2025-08-16","w":25,"t":"Battles","s":"Armed clash","c":"Mexico","l":"El Cortijo","a":"Guerrero","f":13}},{"type":"Feature","geometry":{"type":"Point","coordinates":[95.476,18.665]},"properties":{"d":"2025-08-11","w":25,"t":"Explosions/Remote violence","s":"Remote explosive/landmine/IED","c":"Myanmar","l":"Yone Pin Tet","a":"Bago-West","f":13}},{"type":"Feature","geometry":{"type":"Point","coordinates":[34.452,31.496]},"properties":{"d":"2025-08-13","w":25,"t":"Explosions/Remote violence","s":"Air/drone strike","c":"Palestine","l":"Gaza - Az Zaytun","a":"Gaza Strip","f":12}},{"type":"Feature","geometry":{"type":"Point","coordinates":[34.288,31.308]},"properties":{"d":"2025-08-14","w":25,"t":"Violence against civilians","s":"Attack","c":"Palestine","l":"Morag","a":"Gaza Strip","f":12}},{"type":"Feature","geometry":{"type":"Point","coordinates":[34.483,31.527]},"properties":{"d":"2025-08-12","w":25,"t":"Explosions/Remote violence","s":"Air/drone strike","c":"Palestine","l":"Jabalya","a":"Gaza Strip","f":12}},{"type":"Feature","geometry":{"type":"Point","coordinates":[37.881,49.083]},"properties":{"d":"2025-08-12","w":25,"t":"Battles","s":"Armed clash","c":"Ukraine","l":"Kolodiazi","a":"Donetsk","f":12}},{"type":"Feature","geometry":{"type":"Point","coordinates":[37.236,48.452]},"properties":{"d":"2025-08-12","w":25,"t":"Battles","s":"Armed clash","c":"Ukraine","l":"Nove Shakhove","a":"Donetsk","f":12}},{"type":"Feature","geometry":{"type":"Point","coordinates":[37.33,48.326]},"properties":{"d":"2025-08-12","w":25,"t":"Battles","s":"Armed clash","c":"Ukraine","l":"Novoekonomichne","a":"Donetsk","f":12}},{"type":"Feature","geometry":{"type":"Point","coordinates":[37.743,48.771]},"properties":{"d":"2025-08-12","w":25,"t":"Battles","s":"Armed clash","c":"Ukraine","l":"Nykonorivka","a":"Donetsk","f":12}},{"type":"Feature","geometry":{"type":"Point","coordinates":[37.458,48.419]},"properties":{"d":"2025-08-12","w":25,"t":"Battles","s":"Armed clash","c":"Ukraine","l":"Popiv Yar","a":"Donetsk","f":12}},{"type":"Feature","geometry":{"type":"Point","coordinates":[37.212,48.356]},"properties":{"d":"2025-08-12","w":25,"t":"Battles","s":"Armed clash","c":"Ukraine","l":"Rodynske","a":"Donetsk","f":12}},{"type":"Feature","geometry":{"type":"Point","coordinates":[36.991,48.24]},"properties":{"d":"2025-08-12","w":25,"t":"Battles","s":"Armed clash","c":"Ukraine","l":"Udachne","a":"Donetsk","f":12}},{"type":"Feature","geometry":{"type":"Point","coordinates":[37.353,48.442]},"properties":{"d":"2025-08-12","w":25,"t":"Battles","s":"Armed clash","c":"Ukraine","l":"Volodymyrivka","a":"Donetsk","f":12}},{"type":"Feature","geometry":{"type":"Point","coordinates":[27.81,11.331]},"properties":{"d":"2025-08-14","w":25,"t":"Battles","s":"Armed clash","c":"Sudan","l":"Babanussa","a":"West Kordofan","f":12}},{"type":"Feature","geometry":{"type":"Point","coordinates":[25.257,13.63]},"properties":{"d":"2025-08-16","w":25,"t":"Violence against civilians","s":"Attack","c":"Sudan","l":"Shagarah","a":"North Darfur","f":12}},{"type":"Feature","geometry":{"type":"Point","coordinates":[1.528,15.868]},"properties":{"d":"2025-08-11","w":25,"t":"Battles","s":"Armed clash","c":"Mali","l":"In Delimane","a":"Menaka","f":12}},{"type":"Feature","geometry":{"type":"Point","coordinates":[-4.09,12.18]},"properties":{"d":"2025-08-16","w":25,"t":"Battles","s":"Armed clash","c":"Burkina Faso","l":"Solenzo","a":"Boucle du Mouhoun","f":12}},{"type":"Feature","geometry":{"type":"Point","coordinates":[18.34,13.213]},"properties":{"d":"2025-08-15","w":25,"t":"Riots","s":"Mob violence","c":"Chad","l":"Ati","a":"Batha","f":12}},{"type":"Feature","geometry":{"type":"Point","coordinates":[97.28,20.101]},"properties":{"d":"2025-08-13","w":25,"t":"Battles","s":"Armed clash","c":"Myanmar","l":"Nawng Kyaw","a":"Shan-South","f":12}},{"type":"Feature","geometry":{"type":"Point","coordinates":[37.318,48.269]},"properties":{"d":"2025-08-12","w":25,"t":"Battles","s":"Armed clash","c":"Ukraine","l":"Promin","a":"Donetsk","f":11}},{"type":"Feature","geometry":{"type":"Point","coordinates":[37.126,48.25]},"properties":{"d":"2025-08-12","w":25,"t":"Battles","s":"Armed clash","c":"Ukraine","l":"Zvirove","a":"Donetsk","f":11}},{"type":"Feature","geometry":{"type":"Point","coordinates":[25.356,13.626]},"properties":{"d":"2025-08-14","w":25,"t":"Battles","s":"Armed clash","c":"Sudan","l":"El Fasher","a":"North Darfur","f":11}},{"type":"Feature","geometry":{"type":"Point","coordinates":[30.313,1.729]},"properties":{"d":"2025-08-13","w":25,"t":"Battles","s":"Armed clash","c":"Democratic Republic of Congo","l":"Nizi","a":"Ituri","f":11}},{"type":"Feature","geometry":{"type":"Point","coordinates":[30.808,1.792]},"properties":{"d":"2025-08-16","w":25,"t":"Battles","s":"Armed clash","c":"Democratic Republic of Congo","l":"Djaimbu","a":"Ituri","f":11}},{"type":"Feature","geometry":{"type":"Point","coordinates":[97.28,20.101]},"properties":{"d":"2025-08-11","w":25,"t":"Battles","s":"Armed clash","c":"Myanmar","l":"Nawng Kyaw","a":"Shan-South","f":11}},{"type":"Feature","geometry":{"type":"Point","coordinates":[97.28,20.101]},"properties":{"d":"2025-08-12","w":25,"t":"Battles","s":"Armed clash","c":"Myanmar","l":"Nawng Kyaw","a":"Shan-South","f":11}},{"type":"Feature","geometry":{"type":"Point","coordinates":[6.495,11.296]},"properties":{"d":"2025-08-12","w":25,"t":"Battles","s":"Armed clash","c":"Nigeria","l":"Dan Sadau","a":"Zamfara","f":10}},{"type":"Feature","geometry":{"type":"Point","coordinates":[34.452,31.496]},"properties":{"d":"2025-08-17","w":25,"t":"Explosions/Remote violence","s":"Air/drone strike","c":"Palestine","l":"Gaza - Az Zaytun","a":"Gaza Strip","f":10}},{"type":"Feature","geometry":{"type":"Point","coordinates":[25.356,13.626]},"properties":{"d":"2025-08-12","w":25,"t":"Battles","s":"Armed clash","c":"Sudan","l":"El Fasher","a":"North Darfur","f":10}},{"type":"Feature","geometry":{"type":"Point","coordinates":[29.78,13.124]},"properties":{"d":"2025-08-12","w":25,"t":"Explosions/Remote violence","s":"Air/drone strike","c":"Sudan","l":"Abu Gaoud","a":"North Kordofan","f":10}},{"type":"Feature","geometry":{"type":"Point","coordinates":[25.55,14.139]},"properties":{"d":"2025-08-15","w":25,"t":"Explosions/Remote violence","s":"Air/drone strike","c":"Sudan","l":"Mellit","a":"North Darfur","f":10}},{"type":"Feature","geometry":{"type":"Point","coordinates":[36.954,11.354]},"properties":{"d":"2025-08-14","w":25,"t":"Battles","s":"Armed clash","c":"Ethiopia","l":"Durbete","a":"Amhara","f":10}},{"type":"Feature","geometry":{"type":"Point","coordinates":[36.843,13.309]},"properties":{"d":"2025-08-14","w":25,"t":"Battles","s":"Armed clash","c":"Ethiopia","l":"Ergoye","a":"Amhara","f":10}},{"type":"Feature","geometry":{"type":"Point","coordinates":[36.458,11.566]},"properties":{"d":"2025-08-12","w":25,"t":"Battles","s":"Armed clash","c":"Ethiopia","l":"Fendika","a":"Amhara","f":10}},{"type":"Feature","geometry":{"type":"Point","coordinates":[39.033,10.083]},"properties":{"d":"2025-08-12","w":25,"t":"Battles","s":"Armed clash","c":"Ethiopia","l":"Alem ketema","a":"Amhara","f":10}},{"type":"Feature","geometry":{"type":"Point","coordinates":[37.426,12.55]},"properties":{"d":"2025-08-11","w":25,"t":"Battles","s":"Armed clash","c":"Ethiopia","l":"Azezo","a":"Amhara","f":10}},{"type":"Feature","geometry":{"type":"Point","coordinates":[39.575,9.337]},"properties":{"d":"2025-08-11","w":25,"t":"Battles","s":"Armed clash","c":"Ethiopia","l":"Gina Ager","a":"Amhara","f":10}},{"type":"Feature","geometry":{"type":"Point","coordinates":[37.457,12.475]},"properties":{"d":"2025-08-11","w":25,"t":"Battles","s":"Armed clash","c":"Ethiopia","l":"Tedda","a":"Amhara","f":10}},{"type":"Feature","geometry":{"type":"Point","coordinates":[37.426,12.55]},"properties":{"d":"2025-08-17","w":25,"t":"Battles","s":"Armed clash","c":"Ethiopia","l":"Azezo","a":"Amhara","f":10}},{"type":"Feature","geometry":{"type":"Point","coordinates":[38.23,11.404]},"properties":{"d":"2025-08-16","w":25,"t":"Battles","s":"Armed clash","c":"Ethiopia","l":"Semada","a":"Amhara","f":10}},{"type":"Feature","geometry":{"type":"Point","coordinates":[93.698,19.548]},"properties":{"d":"2025-08-12","w":25,"t":"Explosions/Remote violence","s":"Remote explosive/landmine/IED","c":"Myanmar","l":"Pyin Shey","a":"Rakhine","f":10}},{"type":"Feature","geometry":{"type":"Point","coordinates":[34.449,31.509]},"properties":{"d":"2025-08-14","w":25,"t":"Explosions/Remote violence","s":"Air/drone strike","c":"Palestine","l":"Gaza - Sabra","a":"Gaza Strip","f":9}},{"type":"Feature","geometry":{"type":"Point","coordinates":[34.452,31.496]},"properties":{"d":"2025-08-14","w":25,"t":"Explosions/Remote violence","s":"Air/drone strike","c":"Palestine","l":"Gaza - Az Zaytun","a":"Gaza Strip","f":9}},{"type":"Feature","geometry":{"type":"Point","coordinates":[34.435,31.517]},"properties":{"d":"2025-08-15","w":25,"t":"Explosions/Remote violence","s":"Air/drone strike","c":"Palestine","l":"Gaza - Southern Remal","a":"Gaza Strip","f":9}},{"type":"Feature","geometry":{"type":"Point","coordinates":[34.487,31.559]},"properties":{"d":"2025-08-16","w":25,"t":"Violence against civilians","s":"Attack","c":"Palestine","l":"Beit Lahiya - Atatra","a":"Gaza Strip","f":9}},{"type":"Feature","geometry":{"type":"Point","coordinates":[65.877,27.92]},"properties":{"d":"2025-08-11","w":25,"t":"Battles","s":"Armed clash","c":"Pakistan","l":"Besima","a":"Balochistan","f":9}},{"type":"Feature","geometry":{"type":"Point","coordinates":[25.369,13.674]},"properties":{"d":"2025-08-12","w":25,"t":"Explosions/Remote violence","s":"Shelling/artillery/missile attack","c":"Sudan","l":"Abu Shouk IDP Camp","a":"North Darfur","f":9}},{"type":"Feature","geometry":{"type":"Point","coordinates":[22.816,15.022]},"properties":{"d":"2025-08-15","w":25,"t":"Explosions/Remote violence","s":"Air/drone strike","c":"Sudan","l":"Tina","a":"North Darfur","f":9}},{"type":"Feature","geometry":{"type":"Point","coordinates":[36.156,12.952]},"properties":{"d":"2025-08-15","w":25,"t":"Battles","s":"Armed clash","c":"Ethiopia","l":"Metema","a":"Amhara","f":9}},{"type":"Feature","geometry":{"type":"Point","coordinates":[-5.047,15.12]},"properties":{"d":"2025-08-11","w":25,"t":"Explosions/Remote violence","s":"Air/drone strike","c":"Mali","l":"Kita","a":"Mopti","f":9}},{"type":"Feature","geometry":{"type":"Point","coordinates":[13.174,13.882]},"properties":{"d":"2025-08-11","w":25,"t":"Explosions/Remote violence","s":"Remote explosive/landmine/IED","c":"Niger","l":"Barwa","a":"Diffa","f":9}},{"type":"Feature","geometry":{"type":"Point","coordinates":[25.922,-2.944]},"properties":{"d":"2025-08-14","w":25,"t":"Battles","s":"Armed clash","c":"Democratic Republic of Congo","l":"Kindu","a":"Maniema","f":9}},{"type":"Feature","geometry":{"type":"Point","coordinates":[29.517,0.7]},"properties":{"d":"2025-08-16","w":25,"t":"Violence against civilians","s":"Attack","c":"Democratic Republic of Congo","l":"Oicha","a":"Nord-Kivu","f":9}},{"type":"Feature","geometry":{"type":"Point","coordinates":[34.487,31.559]},"properties":{"d":"2025-08-11","w":25,"t":"Violence against civilians","s":"Attack","c":"Palestine","l":"Beit Lahiya - Atatra","a":"Gaza Strip","f":8}},{"type":"Feature","geometry":{"type":"Point","coordinates":[34.403,31.439]},"properties":{"d":"2025-08-16","w":25,"t":"Explosions/Remote violence","s":"Air/drone strike","c":"Palestine","l":"Al Burayj","a":"Gaza Strip","f":8}},{"type":"Feature","geometry":{"type":"Point","coordinates":[38.25,9.617]},"properties":{"d":"2025-08-12","w":25,"t":"Violence against civilians","s":"Attack","c":"Ethiopia","l":"Minare","a":"Oromia","f":8}},{"type":"Feature","geometry":{"type":"Point","coordinates":[44.833,1.983]},"properties":{"d":"2025-08-18","w":26,"t":"Explosions/Remote violence","s":"Air/drone strike","c":"Somalia","l":"Awdheegle","a":"Lower Shabelle","f":50}},{"type":"Feature","geometry":{"type":"Point","coordinates":[44.833,1.983]},"properties":{"d":"2025-08-18","w":26,"t":"Battles","s":"Armed clash","c":"Somalia","l":"Awdheegle","a":"Lower Shabelle","f":50}},{"type":"Feature","geometry":{"type":"Point","coordinates":[93.576,19.354]},"properties":{"d":"2025-08-20","w":26,"t":"Battles","s":"Armed clash","c":"Myanmar","l":"Kyat Tein","a":"Rakhine","f":50}},{"type":"Feature","geometry":{"type":"Point","coordinates":[93.531,19.354]},"properties":{"d":"2025-08-20","w":26,"t":"Battles","s":"Armed clash","c":"Myanmar","l":"Min Tet Taung","a":"Rakhine","f":50}},{"type":"Feature","geometry":{"type":"Point","coordinates":[32.618,46.656]},"properties":{"d":"2025-08-18","w":26,"t":"Battles","s":"Armed clash","c":"Ukraine","l":"Kherson","a":"Kherson","f":43}},{"type":"Feature","geometry":{"type":"Point","coordinates":[32.618,46.656]},"properties":{"d":"2025-08-19","w":26,"t":"Battles","s":"Armed clash","c":"Ukraine","l":"Kherson","a":"Kherson","f":42}},{"type":"Feature","geometry":{"type":"Point","coordinates":[32.618,46.656]},"properties":{"d":"2025-08-19","w":26,"t":"Battles","s":"Armed clash","c":"Ukraine","l":"Kherson","a":"Kherson","f":37}},{"type":"Feature","geometry":{"type":"Point","coordinates":[32.618,46.656]},"properties":{"d":"2025-08-18","w":26,"t":"Battles","s":"Armed clash","c":"Ukraine","l":"Kherson","a":"Kherson","f":36}},{"type":"Feature","geometry":{"type":"Point","coordinates":[7.586,11.718]},"properties":{"d":"2025-08-19","w":26,"t":"Violence against civilians","s":"Attack","c":"Nigeria","l":"Ruwan Sanyi","a":"Katsina","f":34}},{"type":"Feature","geometry":{"type":"Point","coordinates":[32.618,46.656]},"properties":{"d":"2025-08-20","w":26,"t":"Battles","s":"Armed clash","c":"Ukraine","l":"Kherson","a":"Kherson","f":34}},{"type":"Feature","geometry":{"type":"Point","coordinates":[34.449,31.509]},"properties":{"d":"2025-08-20","w":26,"t":"Explosions/Remote violence","s":"Air/drone strike","c":"Palestine","l":"Gaza - Sabra","a":"Gaza Strip","f":26}},{"type":"Feature","geometry":{"type":"Point","coordinates":[96.07,22.884]},"properties":{"d":"2025-08-20","w":26,"t":"Explosions/Remote violence","s":"Shelling/artillery/missile attack","c":"Myanmar","l":"7 Maing Chan Thar","a":"Mandalay","f":21}},{"type":"Feature","geometry":{"type":"Point","coordinates":[1.05,12.723]},"properties":{"d":"2025-08-20","w":26,"t":"Battles","s":"Armed clash","c":"Burkina Faso","l":"Foutouri","a":"Est","f":20}},{"type":"Feature","geometry":{"type":"Point","coordinates":[9.212,9.095]},"properties":{"d":"2025-08-18","w":26,"t":"Violence against civilians","s":"Attack","c":"Nigeria","l":"Jipal","a":"Plateau","f":15}},{"type":"Feature","geometry":{"type":"Point","coordinates":[34.288,31.308]},"properties":{"d":"2025-08-20","w":26,"t":"Battles","s":"Armed clash","c":"Palestine","l":"Morag","a":"Gaza Strip","f":15}},{"type":"Feature","geometry":{"type":"Point","coordinates":[69.427,32.291]},"properties":{"d":"2025-08-20","w":26,"t":"Battles","s":"Armed clash","c":"Pakistan","l":"Azam Warsak","a":"Khyber Pakhtunkhwa","f":15}},{"type":"Feature","geometry":{"type":"Point","coordinates":[25.356,13.626]},"properties":{"d":"2025-08-18","w":26,"t":"Battles","s":"Armed clash","c":"Sudan","l":"El Fasher","a":"North Darfur","f":15}},{"type":"Feature","geometry":{"type":"Point","coordinates":[95.257,22.17]},"properties":{"d":"2025-08-20","w":26,"t":"Battles","s":"Armed clash","c":"Myanmar","l":"Kyauk Kar (North)","a":"Sagaing","f":15}},{"type":"Feature","geometry":{"type":"Point","coordinates":[34.35,31.418]},"properties":{"d":"2025-08-19","w":26,"t":"Explosions/Remote violence","s":"Air/drone strike","c":"Palestine","l":"Deir al Balah","a":"Gaza Strip","f":11}},{"type":"Feature","geometry":{"type":"Point","coordinates":[-6.141,14.888]},"properties":{"d":"2025-08-19","w":26,"t":"Battles","s":"Armed clash","c":"Mali","l":"Farabougou","a":"Segou","f":11}},{"type":"Feature","geometry":{"type":"Point","coordinates":[7.645,12.272]},"properties":{"d":"2025-08-18","w":26,"t":"Battles","s":"Armed clash","c":"Nigeria","l":"Sayaya","a":"Katsina","f":10}},{"type":"Feature","geometry":{"type":"Point","coordinates":[30.1,12.802]},"properties":{"d":"2025-08-19","w":26,"t":"Explosions/Remote violence","s":"Air/drone strike","c":"Sudan","l":"Kazgil","a":"North Kordofan","f":10}},{"type":"Feature","geometry":{"type":"Point","coordinates":[25.356,13.626]},"properties":{"d":"2025-08-20","w":26,"t":"Violence against civilians","s":"Attack","c":"Sudan","l":"El Fasher","a":"North Darfur","f":10}},{"type":"Feature","geometry":{"type":"Point","coordinates":[25.356,13.626]},"properties":{"d":"2025-08-20","w":26,"t":"Battles","s":"Armed clash","c":"Sudan","l":"El Fasher","a":"North Darfur","f":10}},{"type":"Feature","geometry":{"type":"Point","coordinates":[29.319,13.9]},"properties":{"d":"2025-08-19","w":26,"t":"Explosions/Remote violence","s":"Air/drone strike","c":"Sudan","l":"Mazrub","a":"North Kordofan","f":10}},{"type":"Feature","geometry":{"type":"Point","coordinates":[36.946,10.641]},"properties":{"d":"2025-08-18","w":26,"t":"Battles","s":"Armed clash","c":"Ethiopia","l":"Shendi town","a":"Amhara","f":10}},{"type":"Feature","geometry":{"type":"Point","coordinates":[36.917,11.0]},"properties":{"d":"2025-08-18","w":26,"t":"Battles","s":"Armed clash","c":"Ethiopia","l":"Injibara","a":"Amhara","f":10}},{"type":"Feature","geometry":{"type":"Point","coordinates":[-6.018,14.806]},"properties":{"d":"2025-08-19","w":26,"t":"Battles","s":"Armed clash","c":"Mali","l":"Dogofri","a":"Segou","f":10}},{"type":"Feature","geometry":{"type":"Point","coordinates":[96.965,22.501]},"properties":{"d":"2025-08-20","w":26,"t":"Explosions/Remote violence","s":"Air/drone strike","c":"Myanmar","l":"Pin Tee","a":"Shan-North","f":10}},{"type":"Feature","geometry":{"type":"Point","coordinates":[96.918,22.352]},"properties":{"d":"2025-08-20","w":26,"t":"Explosions/Remote violence","s":"Air/drone strike","c":"Myanmar","l":"Nawng Ping Zay Kone","a":"Shan-North","f":10}},{"type":"Feature","geometry":{"type":"Point","coordinates":[95.514,21.372]},"properties":{"d":"2025-08-20","w":26,"t":"Battles","s":"Armed clash","c":"Myanmar","l":"Ma Lel","a":"Mandalay","f":10}},{"type":"Feature","geometry":{"type":"Point","coordinates":[34.452,31.496]},"properties":{"d":"2025-08-19","w":26,"t":"Explosions/Remote violence","s":"Air/drone strike","c":"Palestine","l":"Gaza - Az Zaytun","a":"Gaza Strip","f":9}},{"type":"Feature","geometry":{"type":"Point","coordinates":[25.369,13.674]},"properties":{"d":"2025-08-20","w":26,"t":"Explosions/Remote violence","s":"Shelling/artillery/missile attack","c":"Sudan","l":"Abu Shouk IDP Camp","a":"North Darfur","f":9}},{"type":"Feature","geometry":{"type":"Point","coordinates":[34.255,31.348]},"properties":{"d":"2025-08-19","w":26,"t":"Explosions/Remote violence","s":"Air/drone strike","c":"Palestine","l":"Al Mawasi (Khan Yunis)","a":"Gaza Strip","f":8}},{"type":"Feature","geometry":{"type":"Point","coordinates":[34.452,31.496]},"properties":{"d":"2025-08-20","w":26,"t":"Explosions/Remote violence","s":"Air/drone strike","c":"Palestine","l":"Gaza - Az Zaytun","a":"Gaza Strip","f":8}},{"type":"Feature","geometry":{"type":"Point","coordinates":[37.265,48.225]},"properties":{"d":"2025-08-19","w":26,"t":"Battles","s":"Armed clash","c":"Ukraine","l":"Lysivka","a":"Donetsk","f":8}},{"type":"Feature","geometry":{"type":"Point","coordinates":[37.289,48.382]},"properties":{"d":"2025-08-18","w":26,"t":"Battles","s":"Armed clash","c":"Ukraine","l":"Fedorivka","a":"Donetsk","f":8}},{"type":"Feature","geometry":{"type":"Point","coordinates":[-1.085,13.253]},"properties":{"d":"2025-08-18","w":26,"t":"Battles","s":"Armed clash","c":"Burkina Faso","l":"Basma","a":"Centre-Nord","f":8}},{"type":"Feature","geometry":{"type":"Point","coordinates":[95.517,23.203]},"properties":{"d":"2025-08-20","w":26,"t":"Battles","s":"Armed clash","c":"Myanmar","l":"Kanbalu","a":"Sagaing","f":8}},{"type":"Feature","geometry":{"type":"Point","coordinates":[6.245,13.575]},"properties":{"d":"2025-08-18","w":26,"t":"Battles","s":"Armed clash","c":"Nigeria","l":"Makuwana","a":"Sokoto","f":7}},{"type":"Feature","geometry":{"type":"Point","coordinates":[37.353,48.442]},"properties":{"d":"2025-08-19","w":26,"t":"Battles","s":"Armed clash","c":"Ukraine","l":"Volodymyrivka","a":"Donetsk","f":7}},{"type":"Feature","geometry":{"type":"Point","coordinates":[37.226,48.421]},"properties":{"d":"2025-08-18","w":26,"t":"Battles","s":"Armed clash","c":"Ukraine","l":"Dorozhnie","a":"Donetsk","f":7}},{"type":"Feature","geometry":{"type":"Point","coordinates":[36.253,49.981]},"properties":{"d":"2025-08-18","w":26,"t":"Explosions/Remote violence","s":"Air/drone strike","c":"Ukraine","l":"Kharkiv","a":"Kharkiv","f":7}},{"type":"Feature","geometry":{"type":"Point","coordinates":[37.212,48.356]},"properties":{"d":"2025-08-18","w":26,"t":"Battles","s":"Armed clash","c":"Ukraine","l":"Rodynske","a":"Donetsk","f":7}},{"type":"Feature","geometry":{"type":"Point","coordinates":[30.937,14.345]},"properties":{"d":"2025-08-19","w":26,"t":"Violence against civilians","s":"Attack","c":"Sudan","l":"Al Ghabshan Al Maramra","a":"North Kordofan","f":7}},{"type":"Feature","geometry":{"type":"Point","coordinates":[38.76,10.591]},"properties":{"d":"2025-08-18","w":26,"t":"Battles","s":"Armed clash","c":"Ethiopia","l":"Wegidi","a":"Amhara","f":7}},{"type":"Feature","geometry":{"type":"Point","coordinates":[98.351,14.174]},"properties":{"d":"2025-08-19","w":26,"t":"Battles","s":"Armed clash","c":"Myanmar","l":"Thin Gan Tone","a":"Tanintharyi","f":7}},{"type":"Feature","geometry":{"type":"Point","coordinates":[95.13,22.317]},"properties":{"d":"2025-08-20","w":26,"t":"Battles","s":"Armed clash","c":"Myanmar","l":"Kan Thit (East)","a":"Sagaing","f":7}},{"type":"Feature","geometry":{"type":"Point","coordinates":[12.033,9.467]},"properties":{"d":"2025-08-20","w":26,"t":"Battles","s":"Armed clash","c":"Nigeria","l":"Numan","a":"Adamawa","f":6}},{"type":"Feature","geometry":{"type":"Point","coordinates":[34.447,31.535]},"properties":{"d":"2025-08-20","w":26,"t":"Explosions/Remote violence","s":"Air/drone strike","c":"Palestine","l":"Gaza - Ash Shati' Camp","a":"Gaza Strip","f":6}},{"type":"Feature","geometry":{"type":"Point","coordinates":[36.916,48.099]},"properties":{"d":"2025-08-19","w":26,"t":"Battles","s":"Armed clash","c":"Ukraine","l":"Horikhove","a":"Donetsk","f":6}},{"type":"Feature","geometry":{"type":"Point","coordinates":[37.379,48.263]},"properties":{"d":"2025-08-19","w":26,"t":"Battles","s":"Armed clash","c":"Ukraine","l":"Hrodivka","a":"Donetsk","f":6}},{"type":"Feature","geometry":{"type":"Point","coordinates":[37.236,48.34]},"properties":{"d":"2025-08-19","w":26,"t":"Battles","s":"Armed clash","c":"Ukraine","l":"Krasnyi Lyman","a":"Donetsk","f":6}},{"type":"Feature","geometry":{"type":"Point","coordinates":[37.32,48.426]},"properties":{"d":"2025-08-19","w":26,"t":"Battles","s":"Armed clash","c":"Ukraine","l":"Maiak","a":"Donetsk","f":6}},{"type":"Feature","geometry":{"type":"Point","coordinates":[37.33,48.326]},"properties":{"d":"2025-08-19","w":26,"t":"Battles","s":"Armed clash","c":"Ukraine","l":"Novoekonomichne","a":"Donetsk","f":6}},{"type":"Feature","geometry":{"type":"Point","coordinates":[36.925,48.187]},"properties":{"d":"2025-08-19","w":26,"t":"Battles","s":"Armed clash","c":"Ukraine","l":"Novomykolaivka","a":"Donetsk","f":6}},{"type":"Feature","geometry":{"type":"Point","coordinates":[37.743,48.771]},"properties":{"d":"2025-08-19","w":26,"t":"Battles","s":"Armed clash","c":"Ukraine","l":"Nykonorivka","a":"Donetsk","f":6}},{"type":"Feature","geometry":{"type":"Point","coordinates":[37.318,48.269]},"properties":{"d":"2025-08-19","w":26,"t":"Battles","s":"Armed clash","c":"Ukraine","l":"Promin","a":"Donetsk","f":6}},{"type":"Feature","geometry":{"type":"Point","coordinates":[37.212,48.356]},"properties":{"d":"2025-08-19","w":26,"t":"Battles","s":"Armed clash","c":"Ukraine","l":"Rodynske","a":"Donetsk","f":6}},{"type":"Feature","geometry":{"type":"Point","coordinates":[36.991,48.24]},"properties":{"d":"2025-08-19","w":26,"t":"Battles","s":"Armed clash","c":"Ukraine","l":"Udachne","a":"Donetsk","f":6}},{"type":"Feature","geometry":{"type":"Point","coordinates":[37.097,48.117]},"properties":{"d":"2025-08-19","w":26,"t":"Battles","s":"Armed clash","c":"Ukraine","l":"Ukrainka","a":"Donetsk","f":6}},{"type":"Feature","geometry":{"type":"Point","coordinates":[37.126,48.25]},"properties":{"d":"2025-08-19","w":26,"t":"Battles","s":"Armed clash","c":"Ukraine","l":"Zvirove","a":"Donetsk","f":6}},{"type":"Feature","geometry":{"type":"Point","coordinates":[37.297,48.29]},"properties":{"d":"2025-08-18","w":26,"t":"Battles","s":"Armed clash","c":"Ukraine","l":"Balahan","a":"Donetsk","f":6}},{"type":"Feature","geometry":{"type":"Point","coordinates":[37.236,48.34]},"properties":{"d":"2025-08-18","w":26,"t":"Battles","s":"Armed clash","c":"Ukraine","l":"Krasnyi Lyman","a":"Donetsk","f":6}},{"type":"Feature","geometry":{"type":"Point","coordinates":[37.32,48.426]},"properties":{"d":"2025-08-18","w":26,"t":"Battles","s":"Armed clash","c":"Ukraine","l":"Maiak","a":"Donetsk","f":6}},{"type":"Feature","geometry":{"type":"Point","coordinates":[37.743,48.771]},"properties":{"d":"2025-08-18","w":26,"t":"Battles","s":"Armed clash","c":"Ukraine","l":"Nykonorivka","a":"Donetsk","f":6}},{"type":"Feature","geometry":{"type":"Point","coordinates":[37.181,48.281]},"properties":{"d":"2025-08-18","w":26,"t":"Battles","s":"Armed clash","c":"Ukraine","l":"Pokrovsk","a":"Donetsk","f":6}},{"type":"Feature","geometry":{"type":"Point","coordinates":[36.991,48.24]},"properties":{"d":"2025-08-18","w":26,"t":"Battles","s":"Armed clash","c":"Ukraine","l":"Udachne","a":"Donetsk","f":6}},{"type":"Feature","geometry":{"type":"Point","coordinates":[70.296,34.412]},"properties":{"d":"2025-08-19","w":26,"t":"Violence against civilians","s":"Attack","c":"Afghanistan","l":"Sultanpur","a":"Nangarhar","f":6}},{"type":"Feature","geometry":{"type":"Point","coordinates":[0.856,19.47]},"properties":{"d":"2025-08-20","w":26,"t":"Explosions/Remote violence","s":"Air/drone strike","c":"Mali","l":"Aguelhok","a":"Kidal","f":6}},{"type":"Feature","geometry":{"type":"Point","coordinates":[-1.538,13.393]},"properties":{"d":"2025-08-18","w":26,"t":"Battles","s":"Armed clash","c":"Burkina Faso","l":"Darigma","a":"Centre-Nord","f":6}},{"type":"Feature","geometry":{"type":"Point","coordinates":[-0.807,13.647]},"properties":{"d":"2025-08-18","w":26,"t":"Battles","s":"Armed clash","c":"Burkina Faso","l":"Pensa","a":"Centre-Nord","f":6}},{"type":"Feature","geometry":{"type":"Point","coordinates":[-98.389,19.315]},"properties":{"d":"2025-08-19","w":26,"t":"Violence against civilians","s":"Attack","c":"Mexico","l":"San Gabriel Popocatla","a":"Tlaxcala","f":6}},{"type":"Feature","geometry":{"type":"Point","coordinates":[96.041,22.599]},"properties":{"d":"2025-08-19","w":26,"t":"Explosions/Remote violence","s":"Air/drone strike","c":"Myanmar","l":"Shauk Pin Yoe","a":"Mandalay","f":6}},{"type":"Feature","geometry":{"type":"Point","coordinates":[95.01,17.543]},"properties":{"d":"2025-08-19","w":26,"t":"Battles","s":"Armed clash","c":"Myanmar","l":"Set Set Yo","a":"Ayeyarwady","f":6}},{"type":"Feature","geometry":{"type":"Point","coordinates":[98.078,14.777]},"properties":{"d":"2025-08-19","w":26,"t":"Battles","s":"Armed clash","c":"Myanmar","l":"Ma Yan Chaung","a":"Tanintharyi","f":6}},{"type":"Feature","geometry":{"type":"Point","coordinates":[98.078,14.777]},"properties":{"d":"2025-08-20","w":26,"t":"Battles","s":"Armed clash","c":"Myanmar","l":"Ma Yan Chaung","a":"Tanintharyi","f":6}},{"type":"Feature","geometry":{"type":"Point","coordinates":[6.207,10.711]},"properties":{"d":"2025-08-19","w":26,"t":"Violence against civilians","s":"Attack","c":"Nigeria","l":"Kakangi","a":"Kaduna","f":5}},{"type":"Feature","geometry":{"type":"Point","coordinates":[34.379,31.387]},"properties":{"d":"2025-08-19","w":26,"t":"Violence against civilians","s":"Attack","c":"Palestine","l":"Kissufim Crossing","a":"Gaza Strip","f":5}},{"type":"Feature","geometry":{"type":"Point","coordinates":[34.483,31.527]},"properties":{"d":"2025-08-19","w":26,"t":"Explosions/Remote violence","s":"Air/drone strike","c":"Palestine","l":"Jabalya","a":"Gaza Strip","f":5}},{"type":"Feature","geometry":{"type":"Point","coordinates":[34.467,31.535]},"properties":{"d":"2025-08-20","w":26,"t":"Explosions/Remote violence","s":"Air/drone strike","c":"Palestine","l":"Gaza - Sheikh Radwan","a":"Gaza Strip","f":5}},{"type":"Feature","geometry":{"type":"Point","coordinates":[34.449,31.509]},"properties":{"d":"2025-08-18","w":26,"t":"Explosions/Remote violence","s":"Air/drone strike","c":"Palestine","l":"Gaza - Sabra","a":"Gaza Strip","f":5}},{"type":"Feature","geometry":{"type":"Point","coordinates":[34.269,31.314]},"properties":{"d":"2025-08-18","w":26,"t":"Violence against civilians","s":"Attack","c":"Palestine","l":"GHF center - Morag","a":"Gaza Strip","f":5}},{"type":"Feature","geometry":{"type":"Point","coordinates":[32.295,46.123]},"properties":{"d":"2025-08-20","w":26,"t":"Explosions/Remote violence","s":"Air/drone strike","c":"Ukraine","l":"Zaliznyi Port","a":"Kherson","f":5}},{"type":"Feature","geometry":{"type":"Point","coordinates":[36.832,48.042]},"properties":{"d":"2025-08-18","w":26,"t":"Battles","s":"Armed clash","c":"Ukraine","l":"Dachne","a":"Dnipropetrovsk","f":5}},{"type":"Feature","geometry":{"type":"Point","coordinates":[37.05,48.255]},"properties":{"d":"2025-08-18","w":26,"t":"Battles","s":"Armed clash","c":"Ukraine","l":"Kotlyne","a":"Donetsk","f":5}},{"type":"Feature","geometry":{"type":"Point","coordinates":[37.265,48.225]},"properties":{"d":"2025-08-18","w":26,"t":"Battles","s":"Armed clash","c":"Ukraine","l":"Lysivka","a":"Donetsk","f":5}},{"type":"Feature","geometry":{"type":"Point","coordinates":[36.936,48.24]},"properties":{"d":"2025-08-18","w":26,"t":"Battles","s":"Armed clash","c":"Ukraine","l":"Molodetske","a":"Donetsk","f":5}},{"type":"Feature","geometry":{"type":"Point","coordinates":[37.33,48.326]},"properties":{"d":"2025-08-18","w":26,"t":"Battles","s":"Armed clash","c":"Ukraine","l":"Novoekonomichne","a":"Donetsk","f":5}},{"type":"Feature","geometry":{"type":"Point","coordinates":[37.197,48.228]},"properties":{"d":"2025-08-18","w":26,"t":"Battles","s":"Armed clash","c":"Ukraine","l":"Novoukrainka","a":"Donetsk","f":5}},{"type":"Feature","geometry":{"type":"Point","coordinates":[37.318,48.269]},"properties":{"d":"2025-08-18","w":26,"t":"Battles","s":"Armed clash","c":"Ukraine","l":"Promin","a":"Donetsk","f":5}},{"type":"Feature","geometry":{"type":"Point","coordinates":[37.353,48.442]},"properties":{"d":"2025-08-18","w":26,"t":"Battles","s":"Armed clash","c":"Ukraine","l":"Volodymyrivka","a":"Donetsk","f":5}},{"type":"Feature","geometry":{"type":"Point","coordinates":[37.126,48.25]},"properties":{"d":"2025-08-18","w":26,"t":"Battles","s":"Armed clash","c":"Ukraine","l":"Zvirove","a":"Donetsk","f":5}},{"type":"Feature","geometry":{"type":"Point","coordinates":[25.55,14.139]},"properties":{"d":"2025-08-20","w":26,"t":"Explosions/Remote violence","s":"Air/drone strike","c":"Sudan","l":"Mellit","a":"North Darfur","f":5}},{"type":"Feature","geometry":{"type":"Point","coordinates":[39.0,11.768]},"properties":{"d":"2025-08-19","w":26,"t":"Battles","s":"Non-state actor overtakes territory","c":"Ethiopia","l":"Hamusit","a":"Amhara","f":5}},{"type":"Feature","geometry":{"type":"Point","coordinates":[39.035,11.781]},"properties":{"d":"2025-08-19","w":26,"t":"Battles","s":"Non-state actor overtakes territory","c":"Ethiopia","l":"Boya","a":"Amhara","f":5}},{"type":"Feature","geometry":{"type":"Point","coordinates":[39.117,8.967]},"properties":{"d":"2025-08-20","w":26,"t":"Battles","s":"Armed clash","c":"Ethiopia","l":"Chefe Donsa","a":"Oromia","f":5}},{"type":"Feature","geometry":{"type":"Point","coordinates":[-2.071,13.768]},"properties":{"d":"2025-08-18","w":26,"t":"Battles","s":"Armed clash","c":"Burkina Faso","l":"Titao","a":"Nord","f":5}},{"type":"Feature","geometry":{"type":"Point","coordinates":[95.497,22.511]},"properties":{"d":"2025-08-18","w":26,"t":"Explosions/Remote violence","s":"Air/drone strike","c":"Myanmar","l":"Mu Kan","a":"Sagaing","f":5}},{"type":"Feature","geometry":{"type":"Point","coordinates":[13.412,11.649]},"properties":{"d":"2025-08-18","w":26,"t":"Battles","s":"Armed clash","c":"Nigeria","l":"Dalori","a":"Borno","f":4}},{"type":"Feature","geometry":{"type":"Point","coordinates":[34.269,31.314]},"properties":{"d":"2025-08-19","w":26,"t":"Violence against civilians","s":"Attack","c":"Palestine","l":"GHF center - Morag","a":"Gaza Strip","f":4}},{"type":"Feature","geometry":{"type":"Point","coordinates":[34.449,31.509]},"properties":{"d":"2025-08-19","w":26,"t":"Explosions/Remote violence","s":"Air/drone strike","c":"Palestine","l":"Gaza - Sabra","a":"Gaza Strip","f":4}},{"type":"Feature","geometry":{"type":"Point","coordinates":[34.474,31.505]},"properties":{"d":"2025-08-20","w":26,"t":"Explosions/Remote violence","s":"Air/drone strike","c":"Palestine","l":"Gaza - Unspecified","a":"Gaza Strip","f":4}},{"type":"Feature","geometry":{"type":"Point","coordinates":[34.382,31.439]},"properties":{"d":"2025-08-20","w":26,"t":"Explosions/Remote violence","s":"Air/drone strike","c":"Palestine","l":"An Nusayrat - South","a":"Gaza Strip","f":4}},{"type":"Feature","geometry":{"type":"Point","coordinates":[34.475,31.513]},"properties":{"d":"2025-08-18","w":26,"t":"Explosions/Remote violence","s":"Air/drone strike","c":"Palestine","l":"Gaza - At Tuffah","a":"Gaza Strip","f":4}},{"type":"Feature","geometry":{"type":"Point","coordinates":[34.379,31.387]},"properties":{"d":"2025-08-18","w":26,"t":"Violence against civilians","s":"Attack","c":"Palestine","l":"Kissufim Crossing","a":"Gaza Strip","f":4}},{"type":"Feature","geometry":{"type":"Point","coordinates":[36.72,34.73]},"properties":{"d":"2025-08-19","w":26,"t":"Violence against civilians","s":"Attack","c":"Syria","l":"Homs - Unspecified","a":"Homs","f":4}},{"type":"Feature","geometry":{"type":"Point","coordinates":[37.658,50.159]},"properties":{"d":"2025-08-19","w":26,"t":"Explosions/Remote violence","s":"Shelling/artillery/missile attack","c":"Ukraine","l":"Milove","a":"Kharkiv","f":4}},{"type":"Feature","geometry":{"type":"Point","coordinates":[36.941,50.291]},"properties":{"d":"2025-08-18","w":26,"t":"Battles","s":"Armed clash","c":"Ukraine","l":"Vovchansk","a":"Kharkiv","f":4}},{"type":"Feature","geometry":{"type":"Point","coordinates":[35.16,47.848]},"properties":{"d":"2025-08-18","w":26,"t":"Explosions/Remote violence","s":"Shelling/artillery/missile attack","c":"Ukraine","l":"Zaporizhia","a":"Zaporizhia","f":4}},{"type":"Feature","geometry":{"type":"Point","coordinates":[64.117,26.982]},"properties":{"d":"2025-08-18","w":26,"t":"Violence against civilians","s":"Attack","c":"Pakistan","l":"Panjgur","a":"Balochistan","f":4}}]}
